timestamp,occupancy,arrivals_1h,arrivals_3h,arrivals_6h,departures_1h,departures_3h,departures_6h,triage_1_count,triage_2_count,triage_3_count,triage_4_count,triage_5_count,respiratory_count,abdominal_count,trauma_count,neurological_count,cardiovascular_count,fever_infection_count,other_count,mean_current_los_hours,median_current_los_hours,long_stay_4h_count,long_stay_8h_count,hour_of_day,day_of_week,is_weekend,occupancy_1h_ahead
2025-01-01 00:00:00,0,0,0,0,0,0,0,0,0,0,0,0,0,0,0,0,0,0,0,0.0,0.0,0,0,0,2,0,2
2025-01-01 01:00:00,2,2,2,2,0,0,0,0,0,2,0,0,0,0,0,1,0,0,1,0.29,0.29,0,0,1,2,0,6
2025-01-01 02:00:00,6,4,6,6,0,0,0,0,2,4,0,0,0,2,1,1,0,0,2,0.679,0.596,0,0,2,2,0,7
2025-01-01 03:00:00,7,1,7,7,0,0,0,0,2,4,1,0,0,2,1,1,1,0,2,1.516,1.312,0,0,3,2,0,11
2025-01-01 04:00:00,11,4,9,11,0,0,0,0,3,6,2,0,0,3,1,2,3,0,2,1.721,2.069,0,0,4,2,0,9
2025-01-01 05:00:00,9,1,6,12,3,3,3,0,3,4,1,1,0,3,1,1,3,0,1,2.126,1.468,0,0,5,2,0,11
2025-01-01 06:00:00,11,3,8,15,1,4,4,0,3,5,2,1,1,3,1,1,3,1,1,2.375,2.353,3,0,6,2,0,12
2025-01-01 07:00:00,12,2,6,15,1,5,5,0,3,4,3,2,1,2,1,1,3,3,1,2.77,2.686,2,0,7,2,0,12
2025-01-01 08:00:00,12,1,6,12,1,3,6,0,3,4,3,2,1,2,1,1,3,3,1,3.454,3.139,5,0,8,2,0,15
2025-01-01 09:00:00,15,6,9,17,3,5,9,0,5,6,2,2,2,3,2,3,3,2,0,2.743,2.351,4,0,9,2,0,13
2025-01-01 10:00:00,13,3,10,16,5,9,14,1,5,6,1,0,1,3,2,2,2,3,0,2.98,1.646,4,1,10,2,0,16
2025-01-01 11:00:00,16,6,15,21,3,11,14,1,5,6,2,2,2,3,4,4,1,2,0,2.26,1.553,2,1,11,2,0,17
2025-01-01 12:00:00,17,5,14,23,4,12,17,1,5,5,3,3,2,4,3,3,3,1,1,1.709,1.517,0,0,12,2,0,23
2025-01-01 13:00:00,23,7,18,28,1,8,17,1,7,7,5,3,5,4,3,3,3,3,2,2.052,1.681,4,0,13,2,0,26
2025-01-01 14:00:00,26,4,16,31,1,6,17,2,7,9,6,2,4,5,4,3,4,3,3,2.683,2.404,6,0,14,2,0,31
2025-01-01 15:00:00,31,9,20,34,4,6,18,3,8,12,7,1,6,5,3,6,4,3,4,2.626,2.452,9,0,15,2,0,31
2025-01-01 16:00:00,31,7,20,38,7,12,20,3,9,14,5,0,7,6,3,4,3,5,3,2.719,1.861,7,0,16,2,0,30
2025-01-01 17:00:00,30,4,20,36,5,16,22,3,8,13,6,0,7,9,2,4,1,5,2,3.071,2.422,8,2,17,2,0,28
2025-01-01 18:00:00,28,4,15,35,6,18,24,2,7,12,5,2,9,5,2,5,1,4,2,3.293,3.029,7,2,18,2,0,29
2025-01-01 19:00:00,29,3,11,31,2,13,25,2,5,14,6,2,8,5,3,6,1,3,3,3.689,3.432,12,2,19,2,0,20
2025-01-01 20:00:00,20,5,12,32,14,22,38,1,3,9,5,2,3,4,3,4,1,1,4,3.433,2.565,8,1,20,2,0,26
2025-01-01 21:00:00,26,9,17,32,3,19,37,1,5,11,8,1,8,6,2,3,1,2,4,3.191,2.25,8,1,21,2,0,22
2025-01-01 22:00:00,22,5,19,30,9,26,39,1,7,9,5,0,5,7,3,3,2,1,1,3.003,1.879,4,2,22,2,0,27
2025-01-01 23:00:00,27,6,20,32,1,13,35,2,8,10,5,2,5,8,5,3,2,3,1,3.181,2.327,6,2,23,2,0,24
2025-01-02 00:00:00,24,2,13,30,5,15,34,1,8,7,5,3,5,7,3,3,2,3,1,3.362,2.615,4,2,0,3,0,19
2025-01-02 01:00:00,19,3,11,30,8,14,40,1,7,5,4,2,5,5,1,1,3,3,1,4.096,3.2,8,2,1,3,0,20
2025-01-02 02:00:00,20,5,10,30,4,17,30,1,5,8,4,2,5,4,1,1,3,5,1,3.784,3.267,8,1,2,3,0,22
2025-01-02 03:00:00,22,6,14,27,4,16,31,1,4,12,4,1,6,4,1,2,3,5,1,3.584,2.683,9,1,3,3,0,23
2025-01-02 04:00:00,23,3,14,25,2,10,24,1,5,13,3,1,5,3,2,2,4,5,2,3.973,2.662,8,1,4,3,0,19
2025-01-02 05:00:00,19,2,11,21,6,12,29,1,3,11,2,2,3,4,3,1,2,4,2,3.302,2.779,6,0,5,3,0,16
2025-01-02 06:00:00,16,3,8,22,6,14,30,0,4,8,3,1,3,5,3,0,2,1,2,3.236,2.965,6,1,6,3,0,12
2025-01-02 07:00:00,12,4,9,23,8,20,30,0,2,5,3,2,2,4,3,0,2,0,1,2.268,1.286,2,1,7,3,0,15
2025-01-02 08:00:00,15,4,11,22,1,15,27,1,2,7,2,3,2,4,6,0,2,0,1,2.441,1.939,2,1,8,3,0,12
2025-01-02 09:00:00,12,4,12,20,7,16,30,1,1,8,1,1,1,2,7,0,1,0,1,1.856,1.69,1,0,9,3,0,15
2025-01-02 10:00:00,15,4,12,21,1,9,29,2,1,10,1,1,3,3,7,0,1,0,1,2.153,1.885,2,0,10,3,0,19
2025-01-02 11:00:00,19,6,14,25,2,10,25,2,0,12,3,2,4,4,7,0,2,1,1,2.153,1.782,2,0,11,3,0,28
2025-01-02 12:00:00,28,10,20,32,1,4,20,2,2,17,4,3,5,6,7,4,2,2,2,2.176,1.695,4,0,12,3,0,25
2025-01-02 13:00:00,25,4,20,32,7,10,19,3,3,14,3,2,4,5,5,4,1,3,3,2.179,1.83,3,0,13,3,0,30
2025-01-02 14:00:00,30,8,22,36,3,11,21,2,5,19,3,1,4,5,7,4,2,3,5,2.435,2.318,5,0,14,3,0,27
2025-01-02 15:00:00,27,4,16,36,7,17,21,2,5,17,2,1,6,5,4,3,1,2,6,2.568,2.198,4,0,15,3,0,21
2025-01-02 16:00:00,21,3,15,35,9,19,29,1,5,12,3,0,6,4,3,2,2,0,4,2.928,2.704,7,0,16,3,0,19
2025-01-02 17:00:00,19,4,11,33,6,22,33,1,4,10,4,0,4,5,2,2,2,0,4,3.07,2.839,5,0,17,3,0,22
2025-01-02 18:00:00,22,8,15,31,5,20,37,1,4,9,5,3,5,5,3,2,2,1,4,2.395,1.766,6,0,18,3,0,21
2025-01-02 19:00:00,21,4,16,31,5,16,35,1,4,8,5,3,6,4,3,2,2,1,3,2.24,1.634,4,0,19,3,0,23
2025-01-02 20:00:00,23,4,16,27,2,12,34,1,5,11,4,2,7,4,4,2,2,1,3,2.823,2.481,5,1,20,3,0,22
2025-01-02 21:00:00,22,7,15,30,8,15,35,1,6,11,3,1,6,3,3,2,2,3,3,2.634,1.902,4,1,21,3,0,26
2025-01-02 22:00:00,26,6,17,33,2,12,28,1,7,12,4,2,7,4,3,3,2,3,4,2.734,1.972,5,1,22,3,0,21
2025-01-02 23:00:00,21,1,14,30,6,16,28,1,7,9,3,1,3,4,3,3,2,3,3,3.503,2.634,6,3,23,3,0,20
2025-01-03 00:00:00,20,3,10,25,4,12,27,0,7,9,3,1,2,4,3,2,2,3,4,3.23,2.938,5,1,0,4,0,15
2025-01-03 01:00:00,15,2,6,23,7,17,29,0,6,8,1,0,1,4,2,2,2,1,3,3.293,3.166,5,0,1,4,0,18
2025-01-03 02:00:00,18,5,10,24,2,13,29,0,9,7,2,0,2,3,4,2,3,2,2,2.981,2.285,7,0,2,4,0,15
2025-01-03 03:00:00,15,2,9,19,5,14,26,0,9,4,2,0,2,3,4,1,1,2,2,3.237,2.454,5,1,3,4,0,15
2025-01-03 04:00:00,15,4,11,17,4,11,28,1,7,3,3,1,2,3,3,1,2,3,1,2.518,2.31,4,0,4,4,0,14
2025-01-03 05:00:00,14,2,8,18,3,12,25,1,6,4,3,0,2,2,2,2,2,2,2,2.855,2.951,2,1,5,4,0,13
2025-01-03 06:00:00,13,4,10,19,5,12,26,1,5,5,2,0,1,1,3,3,2,2,1,2.543,2.0,4,1,6,4,0,13
2025-01-03 07:00:00,13,4,10,21,4,12,23,1,3,6,3,0,1,2,3,3,1,2,1,2.137,1.818,2,0,7,4,0,15
2025-01-03 08:00:00,15,5,13,21,3,12,24,0,2,8,5,0,1,3,2,5,1,2,1,1.687,1.363,1,0,8,4,0,20
2025-01-03 09:00:00,20,7,16,26,2,9,21,0,4,10,5,1,1,4,4,4,2,3,2,1.786,1.257,2,0,9,4,0,20
2025-01-03 10:00:00,20,5,17,27,5,10,22,0,4,9,6,1,2,3,3,4,1,5,2,2.005,1.613,2,0,10,4,0,23
2025-01-03 11:00:00,23,8,20,33,5,12,24,0,6,10,5,2,2,2,7,5,1,5,1,2.139,1.993,3,0,11,4,0,25
2025-01-03 12:00:00,25,6,19,35,4,14,23,0,8,9,6,2,3,3,8,5,1,4,1,2.245,1.857,3,0,12,4,0,23
2025-01-03 13:00:00,23,4,18,35,6,15,25,1,6,9,5,2,4,2,6,5,1,4,1,2.697,2.259,5,1,13,4,0,22
2025-01-03 14:00:00,22,4,14,34,5,15,27,1,7,7,6,1,5,3,7,3,1,2,1,2.984,2.891,5,0,14,4,0,23
2025-01-03 15:00:00,23,6,14,33,5,16,30,1,8,6,5,3,5,3,5,1,2,4,3,2.823,2.97,6,0,15,4,0,22
2025-01-03 16:00:00,22,2,12,30,3,13,28,1,8,5,6,2,4,3,5,1,1,4,4,3.246,3.246,9,0,16,4,0,19
2025-01-03 17:00:00,19,4,12,26,7,15,30,1,6,7,4,1,4,1,5,1,1,4,3,3.358,2.875,7,1,17,4,0,17
2025-01-03 18:00:00,17,4,10,24,6,16,32,0,6,9,2,0,5,2,4,1,1,2,2,3.15,2.154,6,0,18,4,0,22
2025-01-03 19:00:00,22,6,14,26,1,14,27,0,6,13,3,0,6,3,4,2,2,3,2,3.108,2.418,7,2,19,4,0,24
2025-01-03 20:00:00,24,6,16,28,4,11,26,0,5,13,3,3,4,3,5,3,3,2,4,2.899,2.46,5,1,20,4,0,22
2025-01-03 21:00:00,22,7,19,29,9,14,30,0,3,14,3,2,4,3,4,4,1,3,3,2.583,2.117,4,1,21,4,0,23
2025-01-03 22:00:00,23,4,17,31,3,16,30,0,5,13,3,2,3,3,5,4,1,3,4,2.682,2.572,5,1,22,4,0,20
2025-01-03 23:00:00,20,4,15,31,7,19,30,0,3,11,5,1,4,3,4,5,1,1,2,2.626,2.142,5,0,23,4,0,21
2025-01-04 00:00:00,21,2,10,29,1,11,25,1,3,12,5,0,5,3,5,4,1,1,2,3.38,3.086,6,1,0,5,1,18
2025-01-04 01:00:00,18,2,8,25,5,13,29,2,3,7,5,1,6,1,4,4,1,1,1,3.937,3.627,8,1,1,5,1,17
2025-01-04 02:00:00,17,4,8,23,5,11,30,2,4,6,4,1,5,1,5,3,1,1,1,3.426,3.547,6,1,2,5,1,17
2025-01-04 03:00:00,17,6,12,22,6,16,27,2,4,6,5,0,4,1,4,2,1,3,2,2.863,1.338,5,1,3,5,1,16
2025-01-04 04:00:00,16,3,13,21,4,15,28,2,4,6,3,1,4,1,5,1,2,1,2,2.535,2.134,3,0,4,5,1,16
2025-01-04 05:00:00,16,3,12,20,3,13,24,2,3,6,4,1,5,1,3,1,4,1,1,2.564,2.677,2,0,5,5,1,15
2025-01-04 06:00:00,15,3,9,21,4,11,27,2,4,5,4,0,5,0,2,2,4,2,0,3.008,2.981,6,0,6,5,1,13
2025-01-04 07:00:00,13,2,8,21,4,11,26,2,2,6,3,0,4,0,1,1,5,2,0,3.085,2.407,3,0,7,5,1,14
2025-01-04 08:00:00,14,5,10,22,4,12,25,2,2,6,3,1,3,0,1,2,6,2,0,2.76,1.92,3,1,8,5,1,11
2025-01-04 09:00:00,11,1,8,17,4,12,23,1,2,4,3,1,2,0,1,2,4,2,0,3.019,1.804,3,1,9,5,1,13
2025-01-04 10:00:00,13,4,10,18,2,10,21,1,2,5,5,0,3,1,0,1,4,4,0,3.116,2.678,4,1,10,5,1,18
2025-01-04 11:00:00,18,7,12,22,2,8,20,1,2,8,7,0,4,2,0,1,4,4,3,2.722,1.304,4,1,11,5,1,20
2025-01-04 12:00:00,20,5,16,24,3,7,19,1,2,9,7,1,3,3,0,1,4,4,5,2.72,1.802,4,2,12,5,1,22
2025-01-04 13:00:00,22,5,17,27,3,8,18,1,2,10,7,2,5,3,0,3,3,3,5,2.806,2.166,4,1,13,5,1,24
2025-01-04 14:00:00,24,8,18,30,6,12,20,0,5,12,6,1,5,3,1,3,3,3,6,2.275,1.952,4,0,14,5,1,26
2025-01-04 15:00:00,26,8,21,37,6,15,22,0,7,11,6,2,4,3,4,4,3,4,4,2.197,1.462,5,0,15,5,1,32
2025-01-04 16:00:00,32,9,25,42,3,15,23,0,9,17,4,2,3,4,5,6,6,4,4,2.378,1.923,6,1,16,5,1,34
2025-01-04 17:00:00,34,7,24,42,5,14,26,0,11,17,4,2,4,4,6,6,5,4,5,2.597,2.196,5,1,17,5,1,35
2025-01-04 18:00:00,35,7,23,44,6,14,29,0,13,17,4,1,5,3,5,9,5,6,2,2.675,2.37,9,1,18,5,1,34
2025-01-04 19:00:00,34,3,17,42,4,15,30,0,11,16,5,2,5,3,4,10,4,5,3,3.291,3.005,11,1,19,5,1,28
2025-01-04 20:00:00,28,3,13,37,9,19,33,0,10,12,4,2,4,2,5,8,1,5,3,3.5,3.073,9,1,20,5,1,25
2025-01-04 21:00:00,25,4,10,33,7,20,34,0,9,11,4,1,5,3,3,5,1,5,3,3.613,3.25,9,1,21,5,1,24
2025-01-04 22:00:00,24,5,12,29,6,22,37,0,10,12,2,0,6,2,3,3,1,6,3,3.856,4.028,13,2,22,5,1,20
2025-01-04 23:00:00,20,0,9,22,4,17,36,0,10,8,2,0,4,2,3,3,1,5,2,4.963,5.14,12,2,23,5,1,19
2025-01-05 00:00:00,19,4,9,19,5,15,35,0,7,10,2,0,2,4,3,2,1,4,3,4.983,4.899,10,4,0,6,1,19
2025-01-05 01:00:00,19,4,8,20,4,13,35,0,6,11,2,0,1,5,3,0,1,5,4,4.228,3.353,7,3,1,6,1,19
2025-01-05 02:00:00,19,5,13,22,5,14,31,0,4,13,2,0,2,7,2,0,1,4,3,3.372,2.017,6,1,2,6,1,22
2025-01-05 03:00:00,22,4,13,22,1,10,25,0,4,14,4,0,5,6,3,0,1,4,3,3.551,2.497,5,2,3,6,1,19
2025-01-05 04:00:00,19,2,11,19,5,11,24,0,3,12,4,0,3,6,2,0,2,4,2,3.948,2.975,6,2,4,6,1,17
2025-01-05 05:00:00,17,2,8,21,4,10,24,0,2,9,5,1,3,5,3,0,2,3,1,3.299,3.496,6,0,5,6,1,16
2025-01-05 06:00:00,16,2,6,19,3,12,22,0,2,10,4,0,3,4,2,0,2,4,1,3.894,4.481,9,0,6,6,1,18
2025-01-05 07:00:00,18,4,8,19,2,9,20,0,2,11,3,2,3,5,2,0,2,3,3,3.69,3.891,9,0,7,6,1,18
2025-01-05 08:00:00,18,3,9,17,3,8,18,1,2,10,3,2,3,3,2,0,2,3,5,3.719,3.17,9,0,8,6,1,20
2025-01-05 09:00:00,20,4,11,17,2,7,19,1,2,11,4,2,3,2,3,0,2,3,7,3.533,2.908,7,1,9,6,1,21
2025-01-05 10:00:00,21,3,10,18,2,7,16,1,2,13,2,3,3,2,3,0,2,4,7,3.727,3.17,7,3,10,6,1,24
2025-01-05 11:00:00,24,4,11,20,1,5,13,1,2,14,3,4,4,2,3,0,4,4,7,3.994,3.222,10,4,11,6,1,23
2025-01-05 12:00:00,23,2,9,20,3,6,13,1,2,13,4,3,3,2,2,1,5,4,6,4.097,3.694,10,3,12,6,1,28
2025-01-05 13:00:00,28,7,13,23,2,6,13,1,2,16,6,3,3,2,4,3,6,5,5,3.851,3.46,12,3,13,6,1,32
2025-01-05 14:00:00,32,9,18,29,5,10,15,1,3,17,9,2,6,3,4,3,7,4,5,3.643,2.471,12,3,14,6,1,25
2025-01-05 15:00:00,25,3,19,28,10,17,23,0,1,16,6,2,3,4,1,4,5,4,4,3.074,2.143,6,3,15,6,1,24
2025-01-05 16:00:00,24,5,17,30,6,21,27,0,2,15,6,1,4,5,0,4,3,3,5,2.794,2.446,5,1,16,6,1,26
2025-01-05 17:00:00,26,9,17,35,7,23,33,0,4,17,3,2,3,4,1,6,4,3,5,2.403,1.596,6,0,17,6,1,32
2025-01-05 18:00:00,32,12,26,45,6,19,36,0,4,16,9,3,6,7,3,5,3,4,4,2.087,1.398,6,1,18,6,1,35
2025-01-05 19:00:00,35,7,28,45,4,17,38,1,5,17,10,2,7,7,3,3,4,6,5,2.471,1.858,6,1,19,6,1,34
2025-01-05 20:00:00,34,6,25,42,7,17,40,2,5,17,10,0,7,6,1,4,4,7,5,2.666,2.336,5,0,20,6,1,29
2025-01-05 21:00:00,29,5,18,44,10,21,40,2,6,12,9,0,7,5,0,3,3,5,6,2.815,2.782,8,0,21,6,1,28
2025-01-05 22:00:00,28,8,19,47,9,26,43,2,7,11,6,2,6,3,0,3,5,7,4,2.566,2.437,6,1,22,6,1,27
2025-01-05 23:00:00,27,6,19,44,7,26,43,3,6,9,7,2,5,2,0,4,5,7,4,2.457,1.829,5,0,23,6,1,27
2025-01-06 00:00:00,27,5,19,37,5,21,42,3,5,10,6,3,6,4,0,3,5,6,3,2.748,2.251,7,0,0,0,0,23
2025-01-06 01:00:00,23,2,13,32,6,18,44,3,4,9,5,2,4,4,1,2,4,6,2,3.253,2.986,6,1,1,0,0,20
2025-01-06 02:00:00,20,2,9,28,5,16,42,3,3,9,5,0,3,4,1,1,3,6,2,3.954,3.756,9,1,2,0,0,17
2025-01-06 03:00:00,17,1,5,24,4,15,36,2,3,9,3,0,3,4,1,1,2,5,1,4.616,4.657,9,2,3,0,0,11
2025-01-06 04:00:00,11,1,4,17,7,16,34,1,2,7,1,0,1,2,1,0,2,4,1,5.288,4.694,7,3,4,0,0,11
2025-01-06 05:00:00,11,3,5,14,3,14,30,1,2,7,1,0,1,2,1,0,3,3,1,3.748,3.438,5,1,5,0,0,12
2025-01-06 06:00:00,12,2,6,11,1,11,26,0,2,7,2,1,2,2,1,0,3,4,0,3.508,2.893,5,2,6,0,0,11
2025-01-06 07:00:00,11,2,7,11,3,7,23,0,1,6,3,1,3,2,1,0,1,4,0,3.031,2.124,3,1,7,0,0,16
2025-01-06 08:00:00,16,6,10,15,1,5,19,0,1,11,3,1,3,2,1,0,3,5,2,2.513,1.91,3,1,8,0,0,13
2025-01-06 09:00:00,13,1,9,15,4,8,19,0,1,9,2,1,3,2,1,0,3,2,2,2.654,2.1,4,0,9,0,0,14
2025-01-06 10:00:00,14,2,9,16,1,6,13,0,1,10,3,0,3,2,1,0,3,3,2,3.097,2.596,4,0,10,0,0,16
2025-01-06 11:00:00,16,7,10,20,5,10,15,0,1,11,3,1,5,2,1,0,4,3,1,2.22,1.247,3,0,11,0,0,20
2025-01-06 12:00:00,20,8,17,26,4,10,18,1,4,11,3,1,6,2,3,1,5,2,1,1.883,1.199,4,0,12,0,0,25
2025-01-06 13:00:00,25,7,22,31,2,11,17,1,5,13,5,1,7,2,6,1,6,1,2,2.105,1.739,3,1,13,0,0,31
2025-01-06 14:00:00,31,11,26,36,5,11,21,2,8,14,6,1,8,5,5,1,8,1,3,2.225,1.63,4,1,14,0,0,37
2025-01-06 15:00:00,37,10,28,45,4,11,21,2,7,17,11,0,9,10,4,2,7,1,4,2.193,1.89,4,0,15,0,0,37
2025-01-06 16:00:00,37,6,27,49,6,15,26,2,9,17,9,0,8,9,5,3,8,0,4,2.751,2.346,9,1,16,0,0,32
2025-01-06 17:00:00,32,5,21,47,10,20,31,1,7,14,10,0,7,7,4,3,7,1,3,2.892,2.857,7,0,17,0,0,31
2025-01-06 18:00:00,31,8,19,47,9,25,36,1,7,12,10,1,9,3,4,5,6,0,4,2.665,2.313,8,0,18,0,0,30
2025-01-06 19:00:00,30,4,17,44,5,24,39,2,8,9,10,1,8,3,4,6,4,0,5,2.964,2.764,9,0,19,0,0,26
2025-01-06 20:00:00,26,5,17,38,9,23,43,2,7,7,7,3,6,4,3,4,4,1,4,3.193,2.363,9,0,20,0,0,24
2025-01-06 21:00:00,24,7,16,35,9,23,48,1,9,5,4,5,4,5,4,1,6,2,2,3.043,2.001,6,2,21,0,0,21
2025-01-06 22:00:00,21,3,15,32,6,24,48,1,7,5,5,3,3,5,3,1,5,2,2,3.141,2.022,7,2,22,0,0,20
2025-01-06 23:00:00,20,4,14,31,5,20,43,2,5,7,4,2,5,5,3,1,4,2,0,3.202,2.597,5,2,23,0,0,16
2025-01-07 00:00:00,16,3,10,26,7,18,41,2,3,8,1,2,5,4,3,1,2,0,1,3.414,2.472,3,2,0,1,0,16
2025-01-07 01:00:00,16,4,11,26,4,16,40,2,2,8,2,2,5,5,1,2,2,0,1,3.077,2.232,4,1,1,1,0,18
2025-01-07 02:00:00,18,5,12,26,3,14,34,2,3,8,3,2,4,5,1,4,2,0,2,3.112,1.987,4,2,2,1,0,18
2025-01-07 03:00:00,18,4,13,23,4,11,29,2,4,7,4,1,3,4,1,4,3,1,2,2.992,2.393,4,1,3,1,0,17
2025-01-07 04:00:00,17,2,11,22,3,10,26,3,4,7,3,0,3,5,1,3,4,1,0,3.749,2.794,5,1,4,1,0,13
2025-01-07 05:00:00,13,3,9,21,7,14,28,2,3,6,2,0,2,3,2,2,3,1,0,2.818,2.498,3,0,5,1,0,10
2025-01-07 06:00:00,10,2,7,20,5,15,26,2,2,3,1,2,1,2,1,1,2,1,2,3.06,2.662,2,0,6,1,0,11
2025-01-07 07:00:00,11,3,8,19,2,14,24,2,3,4,1,1,2,3,0,1,3,1,1,3.423,3.353,4,1,7,1,0,13
2025-01-07 08:00:00,13,5,10,19,3,10,24,2,3,3,5,0,1,2,0,2,4,1,3,3.033,1.258,5,1,8,1,0,16
2025-01-07 09:00:00,16,6,14,21,3,8,23,2,4,3,6,1,2,4,1,1,3,0,5,2.037,1.446,2,1,9,1,0,22
2025-01-07 10:00:00,22,9,20,28,3,9,23,3,6,8,5,0,2,5,2,1,4,2,6,2.054,1.476,2,1,10,1,0,23
2025-01-07 11:00:00,23,6,21,31,5,11,21,4,5,9,5,0,5,4,3,0,3,2,6,2.062,1.703,3,0,11,1,0,22
2025-01-07 12:00:00,22,1,16,30,2,10,18,4,5,8,5,0,4,4,3,0,3,2,6,3.024,2.684,4,1,12,1,0,19
2025-01-07 13:00:00,19,5,12,32,8,15,24,4,4,6,4,1,3,5,2,1,3,1,4,3.245,3.076,7,1,13,1,0,19
2025-01-07 14:00:00,19,4,10,31,4,14,25,4,4,5,3,3,3,5,2,2,1,3,3,2.971,3.196,7,0,14,1,0,19
2025-01-07 15:00:00,19,3,12,28,3,15,25,4,3,6,3,3,3,4,1,2,3,3,3,3.203,2.433,8,0,15,1,0,23
2025-01-07 16:00:00,23,7,14,26,3,10,25,4,4,9,3,3,5,4,1,2,2,5,4,2.952,2.749,6,0,16,1,0,22
2025-01-07 17:00:00,22,5,15,25,6,12,26,3,4,10,3,2,4,2,1,2,3,5,5,2.915,1.736,5,1,17,1,0,25
2025-01-07 18:00:00,25,7,19,31,4,13,28,2,4,14,3,2,4,5,1,3,3,5,4,2.564,2.17,5,2,18,1,0,27
2025-01-07 19:00:00,27,6,18,32,4,14,24,2,6,16,2,1,5,7,1,3,3,4,4,2.666,2.055,5,1,19,1,0,27
2025-01-07 20:00:00,27,6,19,34,6,14,26,2,6,13,6,0,3,6,1,5,3,6,3,2.888,2.326,7,1,20,1,0,27
2025-01-07 21:00:00,27,6,18,37,6,16,29,2,4,14,7,0,3,5,3,5,2,4,5,2.782,2.127,6,1,21,1,0,31
2025-01-07 22:00:00,31,11,23,41,7,19,33,2,4,14,9,2,5,8,4,5,0,3,6,2.418,1.789,6,1,22,1,0,31
2025-01-07 23:00:00,31,8,25,44,8,21,35,0,3,14,11,3,5,6,5,7,2,2,4,2.19,1.661,5,0,23,1,0,28
2025-01-08 00:00:00,28,5,24,42,8,23,39,0,4,14,7,3,6,5,5,4,4,2,2,2.508,2.389,4,1,0,2,0,25
2025-01-08 01:00:00,25,1,14,37,4,20,39,0,4,12,7,2,6,4,5,3,4,2,1,3.351,3.316,5,1,1,2,0,21
2025-01-08 02:00:00,21,2,8,33,6,18,39,0,3,13,5,0,4,2,5,3,4,2,1,4.031,3.592,9,1,2,2,0,16
2025-01-08 03:00:00,16,2,5,29,7,17,40,0,2,11,3,0,3,1,3,4,4,0,1,4.007,4.419,9,0,3,2,0,15
2025-01-08 04:00:00,15,2,6,20,3,16,36,0,2,11,1,1,3,1,3,4,3,0,1,4.161,4.934,9,0,4,2,0,10
2025-01-08 05:00:00,10,1,5,13,6,16,34,0,1,7,1,1,2,1,3,3,1,0,0,3.536,3.24,3,0,5,2,0,11
2025-01-08 06:00:00,11,3,6,11,2,11,28,0,1,8,1,1,2,1,3,3,2,0,0,3.373,2.788,3,0,6,2,0,13
2025-01-08 07:00:00,13,6,10,16,4,12,28,0,0,10,1,2,1,2,4,1,3,0,2,2.366,1.237,3,1,7,2,0,13
2025-01-08 08:00:00,13,4,13,18,4,10,26,0,2,8,1,2,2,3,3,1,3,0,1,1.913,1.354,1,1,8,2,0,14
2025-01-08 09:00:00,14,3,13,19,2,10,21,0,2,10,2,0,2,4,3,1,3,0,1,2.42,1.963,1,1,9,2,0,14
2025-01-08 10:00:00,14,3,10,20,3,9,21,0,2,8,3,1,2,4,2,2,2,1,1,2.655,2.306,2,1,10,2,0,17
2025-01-08 11:00:00,17,5,11,24,2,7,17,0,3,9,4,1,4,3,2,2,3,1,2,2.691,2.006,3,1,11,2,0,17
2025-01-08 12:00:00,17,4,12,25,4,9,19,0,3,8,4,2,3,4,2,2,4,1,1,2.889,1.809,5,1,12,2,0,19
2025-01-08 13:00:00,19,6,15,25,4,10,19,0,3,9,6,1,3,5,1,2,4,2,2,2.734,1.766,3,1,13,2,0,21
2025-01-08 14:00:00,21,6,16,27,4,12,19,0,5,7,7,2,3,7,2,1,3,2,3,2.916,1.666,4,1,14,2,0,23
2025-01-08 15:00:00,23,6,18,30,4,12,21,1,6,7,8,1,5,5,3,1,3,3,3,2.891,2.219,5,1,15,2,0,22
2025-01-08 16:00:00,22,2,14,29,3,11,21,1,6,7,7,1,5,4,3,1,3,3,3,2.795,2.461,4,0,16,2,0,21
2025-01-08 17:00:00,21,2,10,26,3,10,22,1,6,6,7,1,4,4,3,1,3,2,4,3.192,3.069,7,0,17,2,0,22
2025-01-08 18:00:00,22,5,9,27,4,10,22,1,6,8,5,2,5,3,4,1,3,2,4,3.125,3.142,7,0,18,2,0,26
2025-01-08 19:00:00,26,9,16,30,5,12,23,1,6,11,4,4,5,5,6,1,2,3,4,2.593,1.889,8,0,19,2,0,29
2025-01-08 20:00:00,29,3,17,27,0,9,19,1,6,12,6,4,5,5,6,1,2,3,7,3.288,2.806,10,0,20,2,0,28
2025-01-08 21:00:00,28,5,17,26,6,11,21,1,5,12,7,3,4,5,6,1,3,2,7,3.325,2.556,8,2,21,2,0,26
2025-01-08 22:00:00,26,4,12,28,6,12,24,1,5,12,6,2,4,4,4,1,3,3,7,3.421,3.176,8,1,22,2,0,18
2025-01-08 23:00:00,18,0,9,26,8,20,29,0,4,11,3,0,2,3,3,1,2,3,4,3.941,3.733,9,1,23,2,0,23
2025-01-09 00:00:00,23,7,11,28,2,16,27,1,3,14,4,1,2,8,3,1,2,3,4,3.227,3.198,8,0,0,3,0,25
2025-01-09 01:00:00,25,6,13,25,4,14,26,1,4,14,4,2,2,8,4,0,4,4,3,3.066,1.736,9,0,1,3,0,25
2025-01-09 02:00:00,25,4,17,26,4,10,30,1,5,13,4,2,3,7,3,1,5,4,2,3.513,2.331,10,1,2,3,0,21
2025-01-09 03:00:00,21,3,13,24,7,15,31,1,4,9,5,2,4,6,2,1,4,3,1,3.471,2.684,6,3,3,3,0,20
2025-01-09 04:00:00,20,4,11,24,5,16,30,1,2,7,9,1,4,7,2,2,3,2,0,2.93,2.669,5,1,4,3,0,16
2025-01-09 05:00:00,16,2,9,26,6,18,28,1,1,5,9,0,2,5,1,3,3,2,0,2.754,2.636,4,0,5,3,0,14
2025-01-09 06:00:00,14,4,10,23,6,17,32,2,1,6,4,1,1,2,1,3,2,2,3,2.425,2.162,3,0,6,3,0,15
2025-01-09 07:00:00,15,6,12,23,5,17,33,1,2,8,2,2,1,2,2,2,2,2,4,1.973,1.442,3,0,7,3,0,15
2025-01-09 08:00:00,15,2,12,21,2,13,31,1,3,9,1,1,1,2,3,2,2,1,4,2.538,1.938,3,0,8,3,0,13
2025-01-09 09:00:00,13,2,10,20,4,11,28,1,5,5,1,1,1,2,3,1,2,2,2,2.796,2.316,2,0,9,3,0,18
2025-01-09 10:00:00,18,6,10,22,1,7,24,1,5,9,3,0,2,4,4,1,3,2,2,2.644,2.115,4,1,10,3,0,20
2025-01-09 11:00:00,20,5,13,25,3,8,21,2,6,8,3,1,3,4,3,1,4,3,2,2.477,1.63,6,1,11,3,0,19
2025-01-09 12:00:00,19,3,14,24,4,8,19,2,5,9,2,1,5,3,4,0,2,3,2,2.421,2.013,4,0,12,3,0,21
2025-01-09 13:00:00,21,9,17,27,7,14,21,2,6,8,4,1,6,3,2,1,3,5,1,2.148,1.018,4,0,13,3,0,24
2025-01-09 14:00:00,24,7,19,32,4,15,23,1,6,9,6,2,6,1,1,4,3,7,2,2.144,1.447,3,1,14,3,0,27
2025-01-09 15:00:00,27,7,23,37,4,15,23,1,7,9,9,1,8,1,1,5,3,8,1,2.345,2.086,4,1,15,3,0,36
2025-01-09 16:00:00,36,9,23,40,0,8,22,2,7,13,13,1,8,3,2,9,4,9,1,2.604,2.595,5,1,16,3,0,36
2025-01-09 17:00:00,36,7,23,42,7,11,26,1,6,16,11,2,7,3,2,9,6,5,4,2.512,2.18,8,0,17,3,0,35
2025-01-09 18:00:00,35,6,22,45,7,14,29,1,8,13,10,3,5,4,2,8,7,5,4,2.975,2.418,10,0,18,3,0,32
2025-01-09 19:00:00,32,5,18,41,8,22,30,1,6,12,10,3,3,4,4,6,7,4,4,3.162,2.929,9,1,19,3,0,32
2025-01-09 20:00:00,32,8,19,42,8,23,34,2,6,12,9,3,5,4,5,4,7,3,4,2.989,2.612,9,2,20,3,0,26
2025-01-09 21:00:00,26,2,15,37,8,24,38,2,5,11,5,3,7,3,3,3,4,3,3,3.426,3.02,7,2,21,3,0,21
2025-01-09 22:00:00,21,5,15,33,10,26,48,2,3,11,4,1,4,4,4,3,4,1,1,3.128,3.051,8,0,22,3,0,19
2025-01-09 23:00:00,19,5,12,31,7,25,48,1,3,10,4,1,2,3,7,1,4,1,1,2.712,1.687,5,0,23,3,0,17
2025-01-10 00:00:00,17,4,14,29,6,23,47,1,2,9,4,1,1,2,6,1,5,1,1,2.951,2.339,5,1,0,4,0,12
2025-01-10 01:00:00,12,0,9,24,5,18,44,1,2,5,3,1,0,0,5,1,4,1,1,3.842,2.847,3,1,1,4,0,12
2025-01-10 02:00:00,12,3,7,19,3,14,39,1,2,4,3,2,1,0,4,1,4,1,1,4.02,3.67,5,2,2,4,0,12
2025-01-10 03:00:00,12,2,5,19,2,10,33,1,2,5,3,1,1,0,3,1,5,1,1,4.413,4.168,6,2,3,4,0,16
2025-01-10 04:00:00,16,6,11,20,2,7,25,2,3,6,4,1,1,2,3,1,5,2,2,3.323,1.841,6,2,4,4,0,20
2025-01-10 05:00:00,20,7,15,22,3,7,21,1,5,8,5,1,1,8,2,1,3,3,2,2.609,1.461,4,1,5,4,0,17
2025-01-10 06:00:00,17,0,13,18,3,8,18,1,4,7,5,0,1,8,0,1,2,3,2,2.986,2.308,2,1,6,4,0,18
2025-01-10 07:00:00,18,4,11,22,3,9,16,1,5,6,6,0,0,7,1,1,3,3,3,3.274,2.376,3,1,7,4,0,17
2025-01-10 08:00:00,17,3,7,22,4,10,17,1,5,6,5,0,1,7,1,1,2,2,3,3.192,3.295,5,1,8,4,0,20
2025-01-10 09:00:00,20,6,13,26,3,10,18,1,6,6,6,1,3,7,2,2,1,1,4,2.627,2.602,8,0,9,4,0,19
2025-01-10 10:00:00,19,3,12,23,4,11,20,1,5,6,6,1,2,6,3,1,2,1,4,3.0,2.389,6,0,10,4,0,24
2025-01-10 11:00:00,24,7,16,23,2,9,19,1,4,9,8,2,3,6,4,1,3,2,5,2.939,2.414,7,0,11,4,0,26
2025-01-10 12:00:00,26,6,16,29,4,10,20,1,5,11,7,2,6,6,5,0,3,2,4,3.147,1.973,8,1,12,4,0,33
2025-01-10 13:00:00,33,9,22,34,2,8,19,1,8,15,8,1,7,7,7,2,3,3,4,3.053,2.182,9,5,13,4,0,33
2025-01-10 14:00:00,33,9,24,40,9,15,24,1,8,16,7,1,6,7,9,3,2,3,3,2.601,1.868,5,3,14,4,0,34
2025-01-10 15:00:00,34,8,26,42,7,18,28,2,8,17,5,2,6,7,6,4,4,4,3,2.707,2.043,6,2,15,4,0,37
2025-01-10 16:00:00,37,7,24,46,4,20,28,2,10,18,6,1,6,6,6,5,5,5,4,2.635,2.486,7,0,16,4,0,38
2025-01-10 17:00:00,38,5,20,44,4,15,30,2,10,18,7,1,7,5,6,5,7,5,3,3.234,3.022,13,1,17,4,0,35
2025-01-10 18:00:00,35,5,17,43,8,16,34,2,7,19,7,0,5,6,6,5,6,4,3,3.609,3.218,14,1,18,4,0,39
2025-01-10 19:00:00,39,8,18,42,4,16,36,1,9,18,9,2,7,4,6,6,6,7,3,3.693,3.401,16,2,19,4,0,32
2025-01-10 20:00:00,32,3,16,36,10,22,37,1,8,18,3,2,5,4,3,4,8,5,3,3.789,3.56,13,3,20,4,0,30
2025-01-10 21:00:00,30,7,18,35,9,23,39,1,7,19,3,0,5,2,3,4,9,3,4,3.492,3.102,12,3,21,4,0,25
2025-01-10 22:00:00,25,3,13,31,8,27,43,0,6,16,3,0,3,2,6,3,6,2,3,3.368,3.183,9,0,22,4,0,24
2025-01-10 23:00:00,24,4,14,30,5,22,44,0,5,16,3,0,3,1,7,3,6,2,2,3.463,3.017,10,0,23,4,0,24
2025-01-11 00:00:00,24,4,11,29,4,17,40,0,6,13,3,2,5,1,6,4,4,2,2,3.442,3.117,8,1,0,5,1,20
2025-01-11 01:00:00,20,2,10,23,6,15,42,0,6,9,3,2,6,1,5,2,3,1,2,3.856,3.683,9,2,1,5,1,18
2025-01-11 02:00:00,18,3,9,23,5,15,37,0,5,8,3,2,7,1,3,2,4,1,0,3.943,3.309,7,2,2,5,1,14
2025-01-11 03:00:00,14,2,7,18,6,17,34,0,4,6,3,1,7,0,2,1,2,1,1,3.802,3.612,6,2,3,5,1,13
2025-01-11 04:00:00,13,4,9,19,5,16,31,0,3,5,4,1,6,2,1,0,1,1,2,2.863,2.039,4,1,4,5,1,15
2025-01-11 05:00:00,15,6,12,21,4,15,30,1,5,7,2,0,5,2,3,0,2,2,1,2.344,1.403,2,1,5,5,1,17
2025-01-11 06:00:00,17,3,13,20,1,10,27,1,6,8,2,0,5,2,3,0,2,3,2,2.754,1.857,3,1,6,5,1,19
2025-01-11 07:00:00,19,5,14,23,3,8,24,2,6,9,1,1,7,2,4,0,1,3,2,2.385,2.183,2,1,7,5,1,24
2025-01-11 08:00:00,24,6,14,26,1,5,20,2,7,10,4,1,11,2,5,0,1,4,1,2.634,2.336,4,1,8,5,1,20
2025-01-11 09:00:00,20,2,13,26,6,10,20,2,7,8,3,0,10,1,3,0,0,4,2,2.954,2.506,5,1,9,5,1,22
2025-01-11 10:00:00,22,3,11,25,1,8,16,2,7,10,3,0,11,1,4,0,0,5,1,3.479,2.993,7,1,10,5,1,17
2025-01-11 11:00:00,17,3,8,22,8,15,20,2,5,7,3,0,6,2,3,0,1,5,0,3.815,3.589,8,1,11,5,1,19
2025-01-11 12:00:00,19,6,12,25,4,13,23,1,4,10,3,1,8,2,3,0,2,4,0,2.799,2.659,6,0,12,5,1,20
2025-01-11 13:00:00,20,5,14,25,4,16,24,1,3,11,3,2,7,4,3,0,2,4,0,2.874,1.711,5,1,13,5,1,19
2025-01-11 14:00:00,19,4,15,23,5,13,28,1,3,10,2,3,5,4,4,0,3,3,0,2.909,2.105,4,1,14,5,1,24
2025-01-11 15:00:00,24,8,17,29,3,12,25,2,6,11,2,3,5,6,4,2,5,2,0,2.613,2.182,4,2,15,5,1,23
2025-01-11 16:00:00,23,3,15,29,4,12,28,2,6,11,2,2,7,5,3,2,4,2,0,3.253,2.414,7,2,16,5,1,23
2025-01-11 17:00:00,23,5,16,31,5,12,25,2,6,10,4,1,6,5,3,3,4,1,1,3.243,2.054,6,2,17,5,1,25
2025-01-11 18:00:00,25,7,15,32,5,14,26,2,6,10,5,2,7,5,1,3,4,3,2,2.922,2.771,6,1,18,5,1,25
2025-01-11 19:00:00,25,6,18,33,6,16,28,2,7,6,6,4,8,4,3,2,2,3,3,2.406,1.873,6,0,19,5,1,25
2025-01-11 20:00:00,25,3,16,32,3,14,26,3,7,6,7,2,6,4,2,2,3,5,3,2.807,2.607,6,0,20,5,1,23
2025-01-11 21:00:00,23,5,14,29,7,16,30,3,6,7,6,1,5,5,1,3,4,4,1,2.907,2.345,6,0,21,5,1,22
2025-01-11 22:00:00,22,3,11,29,4,14,30,3,5,6,7,1,5,5,1,3,4,2,2,3.448,3.11,9,0,22,5,1,16
2025-01-11 23:00:00,16,1,9,25,7,18,32,3,2,6,4,1,3,2,1,3,3,1,3,4.039,3.838,8,2,23,5,1,15
2025-01-12 00:00:00,15,5,9,23,6,17,33,1,2,6,4,2,2,3,1,2,3,1,3,3.888,3.924,7,1,0,6,1,11
2025-01-12 01:00:00,11,2,8,19,6,19,33,1,1,7,2,0,1,1,2,1,2,1,3,3.592,3.322,5,1,1,6,1,10
2025-01-12 02:00:00,10,0,7,16,1,13,31,1,1,7,1,0,1,1,2,1,2,1,2,4.772,4.973,6,2,2,6,1,5
2025-01-12 03:00:00,5,0,2,11,5,12,29,1,1,3,0,0,1,1,2,0,0,0,1,4.659,3.443,2,1,3,6,1,6
2025-01-12 04:00:00,6,3,3,11,2,8,27,0,2,3,1,0,1,2,2,0,0,0,1,2.581,2.14,2,0,4,6,1,10
2025-01-12 05:00:00,10,6,9,16,2,9,22,0,3,4,2,1,2,2,2,1,1,0,2,1.168,0.946,1,0,5,6,1,16
2025-01-12 06:00:00,16,6,15,17,0,4,16,1,3,7,4,1,3,3,4,1,2,1,2,1.53,1.201,1,0,6,6,1,14
2025-01-12 07:00:00,14,1,13,16,3,5,13,1,3,5,4,1,4,3,3,1,0,1,2,2.457,2.201,1,0,7,6,1,9
2025-01-12 08:00:00,9,0,7,16,5,8,17,1,2,3,3,0,3,2,2,1,0,1,0,2.722,2.593,0,0,8,6,1,10
2025-01-12 09:00:00,10,3,4,19,2,10,14,1,2,4,3,0,2,4,2,1,0,1,0,2.657,3.131,2,0,9,6,1,16
2025-01-12 10:00:00,16,9,12,25,3,10,15,1,3,6,5,1,3,4,1,3,1,3,1,1.796,0.92,3,0,10,6,1,18
2025-01-12 11:00:00,18,5,17,24,3,8,16,1,2,6,7,2,1,4,3,3,2,4,1,1.678,1.536,1,0,11,6,1,22
2025-01-12 12:00:00,22,7,21,25,3,9,19,1,4,8,7,2,1,3,5,4,3,4,2,1.966,1.83,1,0,12,6,1,24
2025-01-12 13:00:00,24,7,19,31,5,11,21,2,5,9,5,3,4,2,4,6,3,3,2,2.089,1.551,2,0,13,6,1,22
2025-01-12 14:00:00,22,4,18,35,6,14,22,2,5,7,7,1,4,2,3,5,4,3,1,2.605,2.162,5,1,14,6,1,22
2025-01-12 15:00:00,22,3,14,35,3,14,23,2,5,6,9,0,5,2,3,7,2,3,0,3.095,2.776,5,1,15,6,1,18
2025-01-12 16:00:00,18,2,9,28,6,15,26,2,4,7,5,0,5,0,3,5,1,4,0,3.502,3.358,5,1,16,6,1,17
2025-01-12 17:00:00,17,5,10,28,6,15,29,2,2,8,5,0,3,1,1,4,3,5,0,3.191,2.876,6,1,17,6,1,20
2025-01-12 18:00:00,20,5,12,26,2,14,28,2,2,9,7,0,2,3,1,5,3,5,1,3.082,2.072,6,1,18,6,1,20
2025-01-12 19:00:00,20,5,15,24,5,13,28,1,3,10,6,0,3,4,1,4,2,4,2,2.626,2.055,5,0,19,6,1,19
2025-01-12 20:00:00,19,2,12,22,3,10,25,0,3,9,7,0,2,4,1,4,2,5,1,3.042,2.936,4,0,20,6,1,17
2025-01-12 21:00:00,17,3,10,22,5,13,27,0,3,8,6,0,2,5,1,3,2,4,0,3.065,2.77,5,1,21,6,1,19
2025-01-12 22:00:00,19,4,9,24,2,10,23,2,3,8,5,1,2,5,1,3,4,3,1,3.192,3.051,6,1,22,6,1,23
2025-01-12 23:00:00,23,5,12,24,1,8,18,3,3,10,6,1,2,6,1,3,4,5,2,3.344,2.407,9,1,23,6,1,28
2025-01-13 00:00:00,28,8,17,27,3,6,19,2,4,14,7,1,3,8,1,4,4,6,2,3.12,2.364,9,1,0,0,0,26
2025-01-13 01:00:00,26,4,17,26,6,10,20,3,4,13,6,0,4,6,2,2,5,4,3,3.104,2.213,8,2,1,0,0,25
2025-01-13 02:00:00,25,1,13,25,2,11,19,3,4,13,5,0,3,7,2,2,4,4,3,3.668,2.788,8,1,2,0,0,24
2025-01-13 03:00:00,24,2,7,24,3,11,17,3,5,12,4,0,2,7,2,2,5,3,3,4.479,3.972,12,4,3,0,0,19
2025-01-13 04:00:00,19,0,3,20,5,10,20,3,3,10,3,0,2,5,2,1,5,2,2,5.373,4.748,13,3,4,0,0,13
2025-01-13 05:00:00,13,3,5,18,9,17,28,3,3,5,2,0,1,3,2,1,4,0,2,5.018,4.71,8,3,5,0,0,16
2025-01-13 06:00:00,16,5,8,15,2,16,27,3,3,5,3,2,0,5,3,2,4,0,2,4.175,2.687,7,3,6,0,0,17
2025-01-13 07:00:00,17,5,13,16,4,15,25,2,2,6,2,5,0,6,2,3,5,0,1,2.882,1.964,4,2,7,0,0,19
2025-01-13 08:00:00,19,5,15,20,3,9,26,1,2,10,3,3,1,5,4,3,4,0,2,2.931,2.194,3,2,8,0,0,20
2025-01-13 09:00:00,20,4,14,22,3,10,26,2,1,13,2,2,1,5,4,2,4,0,4,3.223,2.112,5,2,9,0,0,18
2025-01-13 10:00:00,18,3,12,25,5,11,26,2,1,10,2,3,1,2,3,2,5,0,5,3.805,2.582,6,2,10,0,0,13
2025-01-13 11:00:00,13,4,11,26,9,17,26,2,2,5,3,1,1,3,1,1,3,1,3,3.809,1.448,3,2,11,0,0,23
2025-01-13 12:00:00,23,13,20,34,3,17,27,2,6,10,4,1,3,6,1,1,4,2,6,2.532,0.921,3,2,12,0,0,29
2025-01-13 13:00:00,29,8,25,37,2,14,25,1,7,12,8,1,3,7,3,1,4,3,8,2.094,1.492,2,1,13,0,0,28
2025-01-13 14:00:00,28,2,23,34,3,8,25,1,8,11,8,0,3,6,4,1,3,3,8,2.389,2.235,2,0,14,0,0,27
2025-01-13 15:00:00,27,5,15,35,6,11,28,2,8,11,6,0,3,6,4,1,4,3,6,2.828,3.054,5,0,15,0,0,26
2025-01-13 16:00:00,26,5,12,37,6,15,29,2,9,10,4,1,3,7,4,1,5,2,4,3.095,3.38,10,0,16,0,0,22
2025-01-13 17:00:00,22,3,13,36,7,19,27,2,7,10,2,1,3,7,3,1,4,2,2,3.443,2.758,8,1,17,0,0,23
2025-01-13 18:00:00,23,5,13,28,4,17,28,2,6,12,3,0,1,7,7,1,3,2,2,3.571,2.918,8,1,18,0,0,20
2025-01-13 19:00:00,20,4,12,24,7,18,33,1,5,11,2,1,2,4,7,0,3,2,2,2.971,2.865,5,1,19,0,0,24
2025-01-13 20:00:00,24,6,15,28,2,13,32,1,6,12,3,2,4,8,6,0,2,2,2,2.853,2.497,6,0,20,0,0,28
2025-01-13 21:00:00,28,7,17,30,3,12,29,0,7,16,3,2,4,9,5,1,3,3,3,2.938,2.178,8,1,21,0,0,27
2025-01-13 22:00:00,27,6,19,31,7,12,30,0,5,20,1,1,5,6,5,2,3,2,4,2.702,2.349,6,1,22,0,0,22
2025-01-13 23:00:00,22,1,14,29,6,16,29,0,5,15,1,1,4,6,3,2,2,1,4,2.927,2.559,4,0,23,0,0,23
2025-01-14 00:00:00,23,4,11,28,3,16,28,0,5,15,3,0,3,7,3,3,2,1,4,3.361,3.304,8,0,0,1,0,19
2025-01-14 01:00:00,19,2,7,26,6,15,27,0,5,11,3,0,1,6,3,3,2,0,4,3.676,3.923,9,0,1,1,0,12
2025-01-14 02:00:00,12,2,8,22,9,18,34,0,3,6,3,0,2,2,3,2,1,0,2,3.735,3.73,6,1,2,1,0,12
2025-01-14 03:00:00,12,3,7,18,3,18,34,0,5,4,3,0,2,1,3,1,1,1,3,3.587,2.806,4,1,3,1,0,9
2025-01-14 04:00:00,9,1,6,13,4,16,31,0,5,3,1,0,1,1,3,0,0,2,2,4.209,2.366,3,2,4,1,0,11
2025-01-14 05:00:00,11,4,8,16,2,9,27,0,3,6,2,0,2,0,2,0,0,4,3,3.156,2.212,2,2,5,1,0,9
2025-01-14 06:00:00,9,4,9,16,6,12,30,1,2,5,1,0,2,2,0,0,0,2,3,1.942,1.12,1,1,6,1,0,7
2025-01-14 07:00:00,7,1,9,15,3,11,27,1,1,5,0,0,0,3,0,0,0,1,3,1.503,1.699,0,0,7,1,0,11
2025-01-14 08:00:00,11,4,9,17,0,9,18,1,1,7,2,0,2,3,0,0,0,2,4,1.799,2.019,0,0,8,1,0,13
2025-01-14 09:00:00,13,4,9,18,2,5,17,1,1,7,2,2,2,4,1,1,0,1,4,1.899,1.616,0,0,9,1,0,13
2025-01-14 10:00:00,13,2,10,19,2,4,15,1,1,7,3,1,3,2,1,1,0,2,4,2.572,2.482,3,0,10,1,0,12
2025-01-14 11:00:00,12,3,9,18,4,8,17,0,2,7,3,0,2,2,1,2,0,2,3,2.675,2.481,3,0,11,1,0,18
2025-01-14 12:00:00,18,9,14,23,3,9,14,1,4,9,4,0,6,1,5,1,1,1,3,2.046,1.09,4,0,12,1,0,23
2025-01-14 13:00:00,23,8,20,30,3,10,14,2,4,9,8,0,5,4,6,1,1,2,4,1.966,1.381,3,0,13,1,0,25
2025-01-14 14:00:00,25,5,22,31,3,9,17,2,5,9,8,1,5,5,6,2,1,5,1,2.544,2.199,3,2,14,1,0,32
2025-01-14 15:00:00,32,11,24,38,4,10,19,2,8,11,9,2,7,7,7,2,3,5,1,2.549,1.962,5,2,15,1,0,36
2025-01-14 16:00:00,36,11,27,47,7,14,24,2,9,14,8,3,9,6,7,4,5,5,0,2.01,1.517,6,0,16,1,0,35
2025-01-14 17:00:00,35,6,28,50,7,18,27,1,9,15,7,3,8,4,9,4,5,4,1,2.31,2.163,4,0,17,1,0,35
2025-01-14 18:00:00,35,6,23,47,6,20,30,1,9,13,9,3,7,2,8,6,5,6,1,2.768,2.608,5,0,18,1,0,32
2025-01-14 19:00:00,32,6,18,45,9,22,36,0,8,14,8,2,6,5,6,4,4,6,1,2.782,2.979,8,0,19,1,0,32
2025-01-14 20:00:00,32,6,18,46,6,21,39,0,8,11,11,2,7,6,5,4,3,7,0,3.052,2.717,12,1,20,1,0,30
2025-01-14 21:00:00,30,5,17,40,7,22,42,1,8,10,9,2,6,7,5,4,2,5,1,3.229,2.901,11,0,21,1,0,28
2025-01-14 22:00:00,28,7,18,36,9,22,44,1,4,12,8,3,8,9,2,2,1,3,3,2.706,2.35,5,0,22,1,0,28
2025-01-14 23:00:00,28,7,19,37,7,23,44,1,5,13,5,4,7,10,3,2,0,1,5,2.518,2.154,6,0,23,1,0,24
2025-01-15 00:00:00,24,3,17,34,7,23,45,1,5,11,3,4,8,7,2,1,2,0,4,2.801,2.413,5,1,0,2,0,25
2025-01-15 01:00:00,25,5,15,33,4,18,40,1,6,11,5,2,7,9,3,1,2,0,3,3.244,2.845,10,1,1,2,0,27
2025-01-15 02:00:00,27,7,15,34,5,16,39,1,5,8,8,5,8,7,4,1,3,2,2,3.022,2.524,8,1,2,2,0,26
2025-01-15 03:00:00,26,2,14,31,3,12,35,1,4,8,9,4,7,7,4,1,2,3,2,3.357,2.568,10,0,3,2,0,22
2025-01-15 04:00:00,22,2,11,26,6,14,32,1,3,8,8,2,6,6,2,1,3,3,1,4.238,3.568,10,3,4,2,0,13
2025-01-15 05:00:00,13,0,4,19,9,18,34,1,2,5,4,1,4,4,0,1,1,2,1,5.183,4.407,8,3,5,2,0,10
2025-01-15 06:00:00,10,3,5,19,6,21,33,0,2,5,3,0,2,4,0,2,0,2,0,3.891,3.313,4,2,6,2,0,11
2025-01-15 07:00:00,11,3,6,17,2,17,31,0,2,6,1,2,3,3,0,3,1,1,0,3.79,1.823,4,2,7,2,0,15
2025-01-15 08:00:00,15,7,13,17,3,11,29,0,2,7,4,2,2,2,0,4,2,2,3,2.302,1.324,3,0,8,2,0,14
2025-01-15 09:00:00,14,2,12,17,3,8,29,0,2,7,3,2,2,2,0,3,3,2,2,2.962,2.022,2,1,9,2,0,12
2025-01-15 10:00:00,12,3,12,18,5,11,28,0,4,6,0,2,2,3,1,2,2,1,1,3.023,2.774,3,1,10,2,0,10
2025-01-15 11:00:00,10,0,5,18,2,10,21,0,4,4,0,2,2,3,1,2,1,1,0,4.073,3.326,4,1,11,2,0,12
2025-01-15 12:00:00,12,4,7,19,2,9,17,0,4,4,2,2,3,4,1,2,2,0,0,3.385,2.725,3,1,12,2,0,15
2025-01-15 13:00:00,15,6,10,22,3,7,18,0,4,5,4,2,4,5,1,2,2,0,1,3.019,1.328,4,1,13,2,0,18
2025-01-15 14:00:00,18,6,16,21,3,8,18,0,3,8,5,2,4,5,0,2,3,1,3,2.838,1.782,4,2,14,2,0,20
2025-01-15 15:00:00,20,6,18,25,4,10,19,0,4,7,8,1,4,5,1,1,3,3,3,2.637,1.711,3,1,15,2,0,28
2025-01-15 16:00:00,28,10,22,32,2,9,16,1,6,8,12,1,5,6,4,2,2,2,7,2.443,1.759,4,1,16,2,0,28
2025-01-15 17:00:00,28,6,22,38,6,12,20,1,8,9,10,0,3,8,5,2,1,1,8,2.769,1.912,5,1,17,2,0,32
2025-01-15 18:00:00,32,6,22,40,2,10,20,1,9,11,10,1,4,9,6,2,1,2,8,2.914,2.447,6,1,18,2,0,27
2025-01-15 19:00:00,27,3,15,37,8,16,25,1,9,10,6,1,2,10,5,2,2,2,4,3.307,2.832,6,1,19,2,0,33
2025-01-15 20:00:00,33,11,20,42,5,15,27,1,9,13,7,3,3,13,9,2,1,2,3,2.394,2.36,8,0,20,2,0,29
2025-01-15 21:00:00,29,3,17,39,7,20,30,1,7,12,7,2,3,10,6,3,1,2,4,2.74,2.192,9,0,21,2,0,29
2025-01-15 22:00:00,29,5,19,34,5,17,33,2,7,13,6,1,1,11,6,3,2,2,4,3.08,2.584,10,0,22,2,0,22
2025-01-15 23:00:00,22,3,11,31,10,22,37,2,4,10,5,1,0,9,4,4,2,2,1,3.311,3.318,6,0,23,2,0,21
2025-01-16 00:00:00,21,4,12,29,5,20,40,2,4,11,4,0,0,7,3,5,2,2,2,3.555,2.918,9,2,0,3,0,15
2025-01-16 01:00:00,15,1,8,27,7,22,39,1,1,11,2,0,0,4,1,4,2,3,1,3.292,3.195,5,0,1,3,0,16
2025-01-16 02:00:00,16,3,8,19,2,14,36,1,1,10,4,0,1,3,1,4,3,3,1,3.575,3.842,7,0,2,3,0,16
2025-01-16 03:00:00,16,2,6,18,2,11,31,1,2,9,4,0,1,4,1,3,2,3,2,3.77,3.532,7,0,3,3,0,16
2025-01-16 04:00:00,16,6,11,19,6,10,32,0,4,6,4,2,1,3,3,1,1,4,3,2.809,1.726,4,1,4,3,0,19
2025-01-16 05:00:00,19,6,14,22,3,11,25,0,4,9,3,3,1,3,5,2,0,5,3,2.514,1.551,4,1,5,3,0,24
2025-01-16 06:00:00,24,5,17,23,0,9,20,1,5,12,3,3,2,3,6,2,1,6,4,2.904,2.293,5,2,6,3,0,20
2025-01-16 07:00:00,20,3,14,25,7,10,20,1,4,10,3,2,3,1,6,2,1,4,3,3.068,2.275,3,2,7,3,0,17
2025-01-16 08:00:00,17,4,12,26,7,14,25,1,4,6,3,3,3,1,6,1,0,5,1,2.323,2.433,2,0,8,3,0,12
2025-01-16 09:00:00,12,4,11,28,9,23,32,1,2,5,1,3,3,1,2,0,1,5,0,2.173,1.789,2,0,9,3,0,15
2025-01-16 10:00:00,15,5,13,27,2,18,28,1,2,7,2,3,2,2,3,1,2,5,0,2.105,1.308,4,0,10,3,0,28
2025-01-16 11:00:00,28,14,23,35,1,12,26,1,2,12,6,7,6,6,4,3,2,4,3,1.796,1.004,4,0,11,3,0,31
2025-01-16 12:00:00,31,9,28,39,6,9,32,1,2,16,5,7,7,4,4,3,2,4,7,2.185,1.502,5,0,12,3,0,29
2025-01-16 13:00:00,29,4,27,40,6,13,31,0,3,17,3,6,5,5,4,4,2,2,7,2.343,2.127,3,1,13,3,0,27
2025-01-16 14:00:00,27,5,18,41,7,19,31,0,5,17,1,4,4,4,4,4,4,2,5,2.539,2.497,4,0,14,3,0,20
2025-01-16 15:00:00,20,3,12,40,10,23,32,0,5,12,1,2,4,2,3,3,2,3,3,2.639,2.615,5,0,15,3,0,22
2025-01-16 16:00:00,22,4,12,39,2,19,32,0,6,12,1,3,4,3,3,4,3,3,2,3.003,2.731,7,0,16,3,0,28
2025-01-16 17:00:00,28,9,16,34,3,15,34,0,7,12,5,4,5,3,5,6,4,4,1,2.62,2.415,7,0,17,3,0,26
2025-01-16 18:00:00,26,6,19,31,8,13,36,0,7,12,5,2,4,3,4,6,3,4,2,2.426,1.727,8,0,18,3,0,29
2025-01-16 19:00:00,29,7,22,34,4,15,34,0,7,14,5,3,5,3,5,5,4,4,3,2.788,2.225,8,0,19,3,0,27
2025-01-16 20:00:00,27,3,16,32,5,17,32,0,6,15,3,3,5,3,5,2,4,5,3,3.221,2.564,6,1,20,3,0,28
2025-01-16 21:00:00,28,9,19,38,8,17,30,0,2,17,5,4,5,3,1,3,3,7,6,2.753,2.476,7,1,21,3,0,30
2025-01-16 22:00:00,30,8,20,42,6,19,34,0,2,17,9,2,4,5,1,2,2,8,8,2.813,1.9,9,2,22,3,0,26
2025-01-16 23:00:00,26,5,22,38,9,23,40,0,4,16,6,0,5,4,0,2,3,5,7,2.646,2.005,6,1,23,3,0,27
2025-01-17 00:00:00,27,7,20,39,6,21,38,1,3,17,6,0,4,4,1,4,3,6,5,2.336,2.093,2,0,0,4,0,26
2025-01-17 01:00:00,26,1,13,33,2,17,36,1,3,16,6,0,4,3,2,4,3,6,4,3.029,2.795,7,0,1,4,0,24
2025-01-17 02:00:00,24,3,11,33,5,13,36,1,3,15,5,0,2,4,3,3,3,5,4,3.579,3.411,10,1,2,4,0,21
2025-01-17 03:00:00,21,2,6,26,5,12,33,1,3,12,4,1,3,4,1,2,3,3,5,4.109,4.281,11,1,3,4,0,15
2025-01-17 04:00:00,15,0,5,18,6,16,33,1,3,8,2,1,3,2,1,2,0,3,4,4.955,4.913,11,1,4,4,0,14
2025-01-17 05:00:00,14,4,6,17,5,16,29,1,2,8,3,0,1,1,2,2,0,5,3,4.363,4.236,7,2,5,4,0,12
2025-01-17 06:00:00,12,3,7,13,5,16,28,0,2,6,3,1,1,3,1,1,0,4,2,3.493,1.768,4,2,6,4,0,10
2025-01-17 07:00:00,10,2,9,14,4,14,30,0,2,5,3,0,1,3,1,0,0,4,1,4.354,2.406,4,3,7,4,0,6
2025-01-17 08:00:00,6,1,6,12,5,14,30,0,2,4,0,0,1,0,0,1,0,3,1,6.156,6.258,3,3,8,4,0,6
2025-01-17 09:00:00,6,2,5,12,2,11,27,0,1,4,1,0,1,0,0,2,0,2,1,3.338,2.022,2,1,9,4,0,14
2025-01-17 10:00:00,14,8,11,20,0,7,21,0,2,10,2,0,2,1,1,3,0,3,4,2.04,0.669,2,1,10,4,0,17
2025-01-17 11:00:00,17,3,13,19,0,2,16,0,5,10,2,0,2,1,1,3,1,4,5,2.563,1.306,3,1,11,4,0,24
2025-01-17 12:00:00,24,10,21,26,3,3,14,0,5,12,7,0,3,3,4,3,1,5,5,2.18,1.352,2,1,12,4,0,25
2025-01-17 13:00:00,25,5,18,29,4,7,14,0,7,12,6,0,2,3,6,4,1,4,5,2.247,1.986,3,0,13,4,0,24
2025-01-17 14:00:00,24,3,18,31,4,11,13,0,6,13,5,0,3,4,6,4,0,4,3,2.778,2.539,6,0,14,4,0,22
2025-01-17 15:00:00,22,3,11,32,5,13,16,0,6,11,5,0,2,5,4,4,0,3,4,3.365,3.214,7,1,15,4,0,27
2025-01-17 16:00:00,27,12,18,36,7,16,23,0,9,9,8,1,4,6,4,4,1,3,5,2.35,1.75,7,1,16,4,0,28
2025-01-17 17:00:00,28,4,19,37,3,15,26,0,11,10,5,2,5,5,4,4,1,2,7,2.894,1.568,8,1,17,4,0,23
2025-01-17 18:00:00,23,2,18,29,7,17,30,0,9,8,4,2,4,4,3,5,1,1,5,3.2,2.32,7,0,18,4,0,28
2025-01-17 19:00:00,28,7,13,31,2,12,28,0,11,7,8,2,4,3,3,6,3,3,6,3.084,3.079,5,2,19,4,0,30
2025-01-17 20:00:00,30,6,15,34,4,13,28,0,11,8,9,2,5,3,5,5,3,4,5,2.942,3.019,11,1,20,4,0,30
2025-01-17 21:00:00,30,7,20,38,7,13,30,0,10,8,11,1,5,4,5,5,4,4,3,2.946,2.182,10,2,21,4,0,31
2025-01-17 22:00:00,31,6,19,32,5,16,28,0,10,10,10,1,5,3,5,6,5,4,3,2.986,2.455,6,2,22,4,0,31
2025-01-17 23:00:00,31,6,19,34,6,18,31,0,9,14,8,0,6,3,5,8,4,2,3,3.089,2.871,8,1,23,4,0,33
2025-01-18 00:00:00,33,4,16,36,2,13,26,0,9,18,6,0,6,2,7,8,5,2,3,3.656,3.053,14,3,0,5,1,29
2025-01-18 01:00:00,29,2,12,31,6,14,30,0,8,17,4,0,4,3,5,7,5,2,3,4.318,3.674,13,3,1,5,1,23
2025-01-18 02:00:00,23,3,9,28,9,17,35,0,5,16,2,0,3,2,4,6,3,2,3,4.344,3.612,10,2,2,5,1,17
2025-01-18 03:00:00,17,1,6,22,7,22,35,0,4,12,1,0,2,2,3,4,2,2,2,4.811,4.49,9,3,3,5,1,13
2025-01-18 04:00:00,13,1,5,17,5,21,35,0,4,8,1,0,1,2,2,3,1,3,1,5.866,5.49,8,4,4,5,1,10
2025-01-18 05:00:00,10,3,5,14,6,18,35,0,1,8,1,0,2,2,2,1,1,2,0,2.788,3.081,3,0,5,5,1,11
2025-01-18 06:00:00,11,2,6,12,1,12,34,0,1,9,1,0,3,2,2,1,0,3,0,2.968,2.205,4,0,6,5,1,12
2025-01-18 07:00:00,12,3,8,13,2,9,30,0,1,8,3,0,3,1,2,2,0,4,0,2.524,2.195,3,0,7,5,1,14
2025-01-18 08:00:00,14,3,8,13,1,4,22,0,1,9,4,0,3,2,1,2,1,4,1,2.598,2.409,3,0,8,5,1,16
2025-01-18 09:00:00,16,5,11,17,3,6,18,1,1,8,5,1,1,3,1,3,2,5,1,2.6,1.82,6,0,9,5,1,21
2025-01-18 10:00:00,21,7,15,23,2,6,15,2,2,9,6,2,2,4,0,4,3,6,2,2.31,1.272,4,1,10,5,1,21
2025-01-18 11:00:00,21,8,20,28,8,13,17,3,4,8,4,2,1,4,3,4,3,4,2,1.489,1.191,2,0,11,5,1,28
2025-01-18 12:00:00,28,9,24,35,2,12,18,3,6,11,4,4,2,6,6,3,3,4,4,1.744,1.458,2,0,12,5,1,32
2025-01-18 13:00:00,32,5,22,37,1,11,17,3,7,12,5,5,2,7,7,4,4,4,4,2.358,2.205,4,0,13,5,1,37
2025-01-18 14:00:00,37,9,23,43,4,7,20,3,10,11,8,5,4,8,12,4,3,3,3,2.737,2.766,9,0,14,5,1,35
2025-01-18 15:00:00,35,9,23,47,11,16,28,2,10,12,8,3,7,4,13,4,2,2,3,2.567,1.969,9,0,15,5,1,39
2025-01-18 16:00:00,39,10,28,50,6,21,32,2,10,17,8,2,7,7,14,4,1,2,4,2.58,2.323,10,0,16,5,1,39
2025-01-18 17:00:00,39,5,24,47,5,22,29,1,10,19,7,2,6,8,14,4,1,1,5,3.07,2.701,10,1,17,5,1,31
2025-01-18 18:00:00,31,5,20,43,13,24,40,1,7,15,6,2,4,8,9,2,1,1,6,3.251,2.494,9,1,18,5,1,34
2025-01-18 19:00:00,34,9,19,47,6,24,45,1,9,14,8,2,6,7,7,3,3,2,6,3.438,3.273,11,3,19,5,1,34
2025-01-18 20:00:00,34,5,19,43,5,24,46,1,10,13,8,2,8,3,6,4,3,3,7,3.656,2.721,13,4,20,5,1,30
2025-01-18 21:00:00,30,5,19,39,9,20,44,1,11,11,5,2,9,3,6,4,1,3,4,3.819,2.843,11,3,21,5,1,24
2025-01-18 22:00:00,24,2,12,31,8,22,46,0,9,11,4,0,9,3,3,3,0,3,3,4.039,3.303,9,3,22,5,1,23
2025-01-18 23:00:00,23,5,12,31,6,23,47,0,12,8,3,0,7,6,3,2,0,1,4,3.656,3.056,10,3,23,5,1,24
2025-01-19 00:00:00,24,4,11,30,3,17,37,0,11,6,6,1,8,6,4,2,0,1,3,3.99,3.304,10,3,0,6,1,17
2025-01-19 01:00:00,17,1,10,22,8,17,39,0,8,4,4,1,5,6,2,2,0,0,2,3.695,2.471,7,1,1,6,1,16
2025-01-19 02:00:00,16,3,8,20,4,15,38,0,9,4,3,0,5,6,2,1,0,0,2,3.89,3.19,5,1,2,6,1,14
2025-01-19 03:00:00,14,2,6,17,4,16,33,0,7,3,4,0,4,4,1,2,0,1,2,4.106,3.601,6,2,3,6,1,13
2025-01-19 04:00:00,13,2,7,17,3,11,28,0,6,3,4,0,4,3,0,3,0,1,2,4.284,2.968,6,1,4,6,1,16
2025-01-19 05:00:00,16,8,12,20,5,12,27,0,5,6,3,2,4,3,0,2,0,3,4,2.147,1.342,2,0,5,6,1,17
2025-01-19 06:00:00,17,5,15,21,4,12,28,0,4,7,5,1,5,2,1,2,0,3,4,2.047,1.686,2,0,6,6,1,16
2025-01-19 07:00:00,16,3,16,23,4,13,24,0,4,7,4,1,4,3,2,1,0,2,4,2.41,2.299,1,1,7,6,1,16
2025-01-19 08:00:00,16,4,12,24,4,12,24,1,4,8,2,1,4,4,1,1,0,2,4,2.683,2.431,2,1,8,6,1,19
2025-01-19 09:00:00,19,5,12,27,2,10,22,1,5,8,4,1,4,5,1,1,1,3,4,2.85,2.277,6,1,9,6,1,21
2025-01-19 10:00:00,21,4,13,29,2,8,21,1,5,10,4,1,5,5,1,1,2,4,3,2.773,2.611,6,0,10,6,1,22
2025-01-19 11:00:00,22,7,16,28,6,10,22,1,6,10,4,1,6,7,3,1,1,2,2,2.636,1.968,5,0,11,6,1,29
2025-01-19 12:00:00,29,8,19,31,1,9,19,1,6,13,7,2,7,7,4,1,1,4,5,2.726,1.839,7,1,12,6,1,35
2025-01-19 13:00:00,35,10,25,38,4,11,19,1,5,19,9,1,8,7,5,3,1,5,6,2.616,1.781,7,2,13,6,1,33
2025-01-19 14:00:00,33,6,24,40,8,13,23,0,5,20,7,1,6,5,4,4,3,6,5,2.73,2.167,6,2,14,6,1,35
2025-01-19 15:00:00,35,8,24,43,6,18,27,0,6,19,9,1,7,5,4,3,6,6,4,2.862,2.517,9,1,15,6,1,31
2025-01-19 16:00:00,31,8,22,47,12,26,37,0,7,18,6,0,7,5,4,3,5,4,3,2.673,2.446,7,0,16,6,1,30
2025-01-19 17:00:00,30,4,20,44,5,23,36,0,7,18,5,0,7,5,4,4,2,4,4,3.19,2.568,11,2,17,6,1,28
2025-01-19 18:00:00,28,5,17,41,7,24,42,1,9,13,5,0,6,5,2,4,4,4,3,3.175,2.354,8,2,18,6,1,31
2025-01-19 19:00:00,31,8,17,39,5,17,43,1,10,14,6,0,9,7,2,3,5,4,1,3.096,2.226,9,2,19,6,1,34
2025-01-19 20:00:00,34,4,17,37,1,13,36,1,12,14,6,1,9,7,4,3,5,4,2,3.681,2.876,13,2,20,6,1,28
2025-01-19 21:00:00,28,8,20,37,14,20,44,1,10,12,3,2,7,5,2,6,4,3,1,3.343,2.966,9,2,21,6,1,24
2025-01-19 22:00:00,24,2,14,31,6,21,38,1,7,9,5,2,6,3,1,6,3,4,1,3.824,3.004,10,3,22,6,1,23
2025-01-19 23:00:00,23,4,14,31,5,25,38,2,5,8,6,2,5,2,4,5,2,5,0,4.005,2.784,10,3,23,6,1,15
2025-01-20 00:00:00,15,3,9,29,11,22,42,2,3,6,3,1,3,0,3,3,2,3,1,4.591,3.146,7,3,0,0,0,12
2025-01-20 01:00:00,12,3,10,24,6,22,43,1,2,7,2,0,1,1,2,2,1,4,1,3.395,2.235,4,1,1,0,0,12
2025-01-20 02:00:00,12,1,7,21,1,18,43,1,3,6,2,0,1,1,2,2,2,3,1,4.156,2.817,4,2,2,0,0,12
2025-01-20 03:00:00,12,2,6,15,2,9,31,1,3,6,2,0,1,2,2,2,2,2,1,3.671,3.217,3,2,3,0,0,13
2025-01-20 04:00:00,13,4,7,17,3,6,28,1,3,8,1,0,0,2,3,3,2,2,1,3.329,2.606,3,2,4,0,0,14
2025-01-20 05:00:00,14,4,10,17,3,8,26,1,3,6,3,1,0,2,4,3,2,1,2,2.882,1.535,3,1,5,0,0,11
2025-01-20 06:00:00,11,2,10,16,5,11,20,1,2,5,3,0,1,2,2,2,1,1,2,2.59,2.022,2,0,6,0,0,12
2025-01-20 07:00:00,12,2,8,15,1,9,15,1,2,5,4,0,1,3,2,3,1,1,1,3.184,2.96,3,1,7,0,0,15
2025-01-20 08:00:00,15,6,10,20,3,9,17,0,4,7,4,0,1,3,1,2,2,3,3,2.491,2.095,5,0,8,0,0,17
2025-01-20 09:00:00,17,7,15,25,5,9,20,0,3,9,4,1,1,4,1,2,3,4,2,1.816,1.054,3,0,9,0,0,24
2025-01-20 10:00:00,24,7,20,28,0,8,17,0,4,12,7,1,2,6,3,2,4,5,2,2.11,1.767,3,1,10,0,0,25
2025-01-20 11:00:00,25,3,17,27,2,7,16,0,4,12,8,1,2,6,2,2,6,4,3,2.66,2.548,3,1,11,0,0,27
2025-01-20 12:00:00,27,8,18,33,6,8,17,0,4,13,7,3,3,5,0,3,9,4,3,2.756,2.37,7,1,12,0,0,22
2025-01-20 13:00:00,22,2,13,33,7,15,23,0,2,12,6,2,2,3,1,3,8,3,2,2.74,2.262,6,0,13,0,0,22
2025-01-20 14:00:00,22,3,13,30,3,16,23,0,2,12,8,0,3,2,2,3,7,4,1,3.259,3.031,8,0,14,0,0,25
2025-01-20 15:00:00,25,8,13,31,5,15,23,1,3,11,7,3,5,2,2,2,8,5,1,2.916,2.796,7,0,15,0,0,19
2025-01-20 16:00:00,19,2,13,26,8,16,31,1,2,7,6,3,5,1,3,1,4,4,1,2.893,2.02,5,0,16,0,0,17
2025-01-20 17:00:00,17,5,15,28,7,20,36,1,2,7,6,1,2,2,3,2,2,4,2,3.023,2.597,5,1,17,0,0,17
2025-01-20 18:00:00,17,4,11,24,4,19,34,1,3,5,8,0,2,5,3,1,1,3,2,2.928,1.945,4,1,18,0,0,22
2025-01-20 19:00:00,22,8,17,30,3,14,30,1,4,9,7,1,4,7,2,4,0,3,2,2.526,1.736,5,1,19,0,0,23
2025-01-20 20:00:00,23,3,15,30,2,9,29,1,4,10,7,1,4,8,2,4,0,3,2,2.621,2.094,4,0,20,0,0,24
2025-01-20 21:00:00,24,5,16,27,4,9,28,1,5,12,5,1,4,9,2,5,1,0,3,2.729,2.425,5,1,21,0,0,27
2025-01-20 22:00:00,27,9,17,34,6,12,26,0,8,14,5,0,4,9,1,5,2,3,3,2.655,2.051,6,1,22,0,0,27
2025-01-20 23:00:00,27,3,17,32,3,13,22,0,8,13,6,0,6,8,2,3,2,3,3,3.189,2.719,9,1,23,0,0,24
2025-01-21 00:00:00,24,5,17,33,8,17,26,0,6,9,6,3,6,4,2,2,2,6,2,3.064,2.474,6,1,0,1,0,22
2025-01-21 01:00:00,22,4,12,29,6,17,29,0,5,9,6,2,6,6,1,1,1,5,2,3.297,3.086,5,1,1,1,0,29
2025-01-21 02:00:00,29,9,18,35,2,16,29,0,6,13,8,2,8,6,3,2,2,5,3,3.063,2.371,11,1,2,1,0,25
2025-01-21 03:00:00,25,3,16,33,7,15,32,0,6,10,8,1,5,4,3,2,4,4,3,3.111,2.18,9,1,3,1,0,22
2025-01-21 04:00:00,22,3,15,27,6,15,32,0,6,8,5,3,4,2,3,2,4,4,3,3.19,2.732,6,0,4,1,0,18
2025-01-21 05:00:00,18,3,9,27,7,20,36,0,5,7,3,3,3,1,1,2,3,4,4,3.295,3.021,5,0,5,1,0,16
2025-01-21 06:00:00,16,4,10,26,6,19,34,1,2,6,5,2,3,3,0,2,3,2,3,3.094,2.838,5,2,6,1,0,15
2025-01-21 07:00:00,15,5,12,27,6,19,34,2,3,4,4,2,3,4,0,2,1,2,3,3.09,1.66,5,3,7,1,0,15
2025-01-21 08:00:00,15,3,12,21,3,15,35,2,3,5,2,3,2,5,1,3,0,1,3,2.546,1.993,2,1,8,1,0,19
2025-01-21 09:00:00,19,6,14,24,2,11,30,2,4,5,3,5,2,6,1,3,0,4,3,2.65,2.234,4,1,9,1,0,19
2025-01-21 10:00:00,19,6,15,27,6,11,30,1,6,4,4,4,3,7,0,2,0,5,2,2.718,1.87,3,2,10,1,0,20
2025-01-21 11:00:00,20,4,16,28,3,11,26,1,5,7,3,4,3,6,1,2,1,4,3,2.726,1.911,6,1,11,1,0,22
2025-01-21 12:00:00,22,6,16,30,4,13,24,1,4,10,3,4,2,5,2,3,3,4,3,2.303,2.121,4,0,12,1,0,21
2025-01-21 13:00:00,21,3,13,28,4,11,22,1,4,8,4,4,2,4,3,4,2,3,3,2.832,2.72,4,0,13,1,0,21
2025-01-21 14:00:00,21,7,16,32,7,15,26,0,3,9,6,3,1,5,3,5,3,3,1,2.596,2.264,5,0,14,1,0,26
2025-01-21 15:00:00,26,11,21,37,6,17,30,0,5,12,6,3,2,4,5,4,6,5,0,2.159,1.319,4,2,15,1,0,29
2025-01-21 16:00:00,29,5,23,36,2,15,26,0,5,13,7,4,3,3,5,5,7,6,0,2.639,1.722,6,2,16,1,0,32
2025-01-21 17:00:00,32,7,23,39,4,12,27,0,5,14,8,5,5,2,5,7,7,6,0,2.605,2.41,5,1,17,1,0,27
2025-01-21 18:00:00,27,5,17,38,10,16,33,0,4,13,8,2,6,2,3,6,3,6,1,3.106,2.846,7,1,18,1,0,29
2025-01-21 19:00:00,29,9,21,44,7,21,36,0,5,15,9,0,7,5,3,2,3,6,3,2.951,2.051,10,2,19,1,0,31
2025-01-21 20:00:00,31,6,20,43,4,21,33,0,6,14,11,0,5,8,3,2,2,8,3,3.246,2.179,9,3,20,1,0,29
2025-01-21 21:00:00,29,5,20,37,7,18,34,0,4,13,11,1,3,10,3,2,2,6,3,3.265,2.375,7,2,21,1,0,24
2025-01-21 22:00:00,24,5,16,37,10,21,42,0,2,10,9,3,4,9,3,1,0,5,2,3.318,2.365,4,3,22,1,0,26
2025-01-21 23:00:00,26,6,16,36,4,21,42,0,3,13,6,4,3,8,4,2,1,5,3,3.478,2.461,7,4,23,1,0,17
2025-01-22 00:00:00,17,2,13,33,11,25,43,0,3,9,3,2,2,5,4,1,1,3,1,2.972,2.087,4,1,0,2,0,16
2025-01-22 01:00:00,16,3,11,27,4,19,40,0,2,9,4,1,3,4,3,1,0,2,3,2.907,2.619,4,0,1,2,0,13
2025-01-22 02:00:00,13,1,6,22,4,19,40,0,1,7,4,1,2,2,2,1,0,2,4,3.353,3.057,4,0,2,2,0,16
2025-01-22 03:00:00,16,6,10,23,3,11,36,0,1,6,7,2,4,2,2,0,0,3,5,2.736,2.759,4,0,3,2,0,15
2025-01-22 04:00:00,15,3,10,21,4,11,30,0,2,4,7,2,4,2,2,0,0,2,5,2.673,1.838,4,0,4,2,0,14
2025-01-22 05:00:00,14,1,10,16,2,9,28,0,2,4,6,2,4,2,1,0,0,2,5,3.104,2.768,3,0,5,2,0,10
2025-01-22 06:00:00,10,0,4,14,4,10,21,0,2,3,4,1,4,1,1,0,0,2,2,3.168,3.556,1,0,6,2,0,8
2025-01-22 07:00:00,8,1,2,12,3,9,20,1,1,2,3,1,2,1,1,0,0,2,2,3.553,3.622,3,0,7,2,0,6
2025-01-22 08:00:00,6,3,4,14,5,12,21,1,2,2,0,1,1,1,0,0,0,4,0,1.777,1.264,1,0,8,2,0,10
2025-01-22 09:00:00,10,5,9,13,1,9,19,1,3,3,2,1,1,0,2,1,1,4,1,1.556,1.192,1,0,9,2,0,15
2025-01-22 10:00:00,15,5,13,15,0,6,15,1,3,5,4,2,1,2,2,1,1,5,3,1.865,1.532,1,0,10,2,0,19
2025-01-22 11:00:00,19,7,17,21,3,4,16,2,3,7,6,1,1,2,5,2,1,4,4,1.727,1.519,1,0,11,2,0,27
2025-01-22 12:00:00,27,11,23,32,3,6,15,2,4,11,7,3,4,5,4,4,2,3,5,1.744,1.288,2,0,12,2,0,32
2025-01-22 13:00:00,32,8,26,39,3,9,15,2,4,13,10,3,7,7,5,3,2,4,4,2.164,1.923,4,0,13,2,0,34
2025-01-22 14:00:00,34,9,28,45,7,13,17,4,4,15,8,3,8,5,6,3,1,6,5,2.396,1.975,6,0,14,2,0,34
2025-01-22 15:00:00,34,7,24,47,7,17,23,3,3,17,8,3,9,5,6,3,1,6,4,2.621,2.217,6,1,15,2,0,23
2025-01-22 16:00:00,23,3,19,45,14,28,37,3,2,10,5,3,5,3,4,3,2,5,1,2.805,2.298,5,1,16,2,0,21
2025-01-22 17:00:00,21,4,14,42,6,27,40,3,2,7,7,2,3,3,4,3,2,3,3,3.044,2.869,5,1,17,2,0,21
2025-01-22 18:00:00,21,5,12,36,5,25,42,2,3,10,5,1,1,4,6,3,2,2,3,3.218,2.065,7,1,18,2,0,20
2025-01-22 19:00:00,20,5,14,33,6,17,45,2,4,7,5,2,2,3,5,2,2,2,4,3.048,1.971,5,1,19,2,0,19
2025-01-22 20:00:00,19,3,13,27,4,15,42,2,3,9,4,1,2,4,4,2,1,2,4,3.643,2.539,6,2,20,2,0,22
2025-01-22 21:00:00,22,7,15,27,4,14,39,2,4,9,6,1,4,4,3,3,2,2,4,3.243,2.653,6,2,21,2,0,18
2025-01-22 22:00:00,18,2,12,26,6,14,31,1,4,8,4,1,3,3,1,3,3,1,4,3.407,2.036,6,2,22,2,0,20
2025-01-22 23:00:00,20,5,14,27,3,13,28,1,2,10,5,2,3,4,1,5,4,1,2,3.412,2.314,6,3,23,2,0,18
2025-01-23 00:00:00,18,3,10,25,5,14,28,0,0,12,4,2,2,3,2,4,4,1,2,3.487,2.639,4,2,0,3,0,20
2025-01-23 01:00:00,20,6,14,26,4,12,26,0,1,11,5,3,1,5,2,4,4,1,3,2.846,2.303,4,1,1,3,0,16
2025-01-23 02:00:00,16,1,10,24,5,14,27,0,1,7,6,2,1,4,2,3,3,1,2,3.009,2.355,4,0,2,3,0,17
2025-01-23 03:00:00,17,5,12,22,4,13,27,0,4,5,7,1,2,5,2,4,1,1,2,2.703,2.596,4,0,3,3,0,14
2025-01-23 04:00:00,14,4,10,24,7,16,28,1,4,4,4,1,1,3,2,3,1,1,3,2.444,1.569,3,0,4,3,0,16
2025-01-23 05:00:00,16,3,12,22,1,12,26,1,4,3,7,1,2,3,3,3,1,1,3,2.72,2.207,4,1,5,3,0,16
2025-01-23 06:00:00,16,1,8,20,1,9,22,1,4,3,6,2,2,3,3,3,0,2,3,3.365,3.014,3,1,6,3,0,12
2025-01-23 07:00:00,12,1,5,15,5,7,23,0,5,2,4,1,2,2,3,2,1,1,1,3.655,3.092,5,1,7,3,0,12
2025-01-23 08:00:00,12,4,6,18,4,10,22,0,6,4,2,0,3,1,3,2,2,0,1,2.924,3.587,5,0,8,3,0,16
2025-01-23 09:00:00,16,5,10,18,1,10,19,0,7,5,3,1,4,1,3,2,4,0,2,2.827,1.571,6,0,9,3,0,16
2025-01-23 10:00:00,16,3,12,17,3,8,15,0,6,6,4,0,2,1,4,2,4,0,3,2.862,2.245,4,0,10,3,0,15
2025-01-23 11:00:00,15,2,10,16,3,7,17,0,6,7,2,0,2,1,3,2,4,0,3,3.412,3.161,4,1,11,3,0,17
2025-01-23 12:00:00,17,5,10,20,3,9,19,1,6,9,1,0,3,2,4,0,5,0,3,2.922,2.895,6,1,12,3,0,18
2025-01-23 13:00:00,18,6,13,25,5,11,19,1,8,8,1,0,3,2,5,0,5,1,2,2.258,1.814,4,0,13,3,0,25
2025-01-23 14:00:00,25,8,19,29,1,9,16,1,10,11,3,0,4,4,6,0,6,2,3,2.23,1.848,5,0,14,3,0,27
2025-01-23 15:00:00,27,7,21,31,5,11,20,1,10,14,2,0,4,5,5,1,5,3,4,2.238,1.705,3,0,15,3,0,27
2025-01-23 16:00:00,27,4,19,32,4,10,21,0,10,14,2,1,3,7,4,2,4,3,4,2.535,2.222,3,1,16,3,0,33
2025-01-23 17:00:00,33,8,19,38,2,11,20,0,11,19,2,1,4,7,7,1,7,3,4,2.835,2.951,8,1,17,3,0,36
2025-01-23 18:00:00,36,6,18,39,3,9,20,1,9,20,3,3,5,6,10,1,7,2,5,3.223,3.044,13,1,18,3,0,30
2025-01-23 19:00:00,30,4,18,37,10,15,25,1,9,14,3,3,6,4,8,1,6,1,4,3.561,2.513,11,2,19,3,0,24
2025-01-23 20:00:00,24,5,15,34,11,24,35,1,7,12,3,1,2,4,7,0,5,2,4,3.468,2.733,7,2,20,3,0,23
2025-01-23 21:00:00,23,8,17,35,9,30,39,0,4,11,7,1,3,2,7,2,2,3,4,2.4,1.475,6,0,21,3,0,25
2025-01-23 22:00:00,25,5,18,36,3,23,38,0,4,14,7,0,4,3,7,3,2,3,3,2.746,2.0,5,1,22,3,0,20
2025-01-23 23:00:00,20,1,14,29,6,18,42,1,3,10,6,0,4,2,6,3,1,2,2,3.354,2.613,4,3,23,3,0,18
2025-01-24 00:00:00,18,3,9,26,5,14,44,1,4,9,4,0,2,2,5,3,2,2,2,3.322,3.27,5,1,0,4,0,13
2025-01-24 01:00:00,13,2,6,24,7,18,41,1,3,7,2,0,2,2,3,2,1,2,1,2.994,3.333,4,0,1,4,0,16
2025-01-24 02:00:00,16,4,9,23,1,13,31,1,3,8,4,0,4,2,3,3,1,2,1,3.037,2.625,6,0,2,4,0,19
2025-01-24 03:00:00,19,5,11,20,2,10,24,1,2,10,5,1,3,4,4,3,1,3,1,3.042,2.958,6,0,3,4,0,17
2025-01-24 04:00:00,17,2,11,17,4,7,25,1,2,7,5,2,3,3,3,3,1,3,1,2.992,2.638,5,1,4,4,0,15
2025-01-24 05:00:00,15,4,11,20,6,12,25,1,2,7,3,2,3,1,4,2,0,3,2,3.005,2.693,4,1,5,4,0,14
2025-01-24 06:00:00,14,3,9,20,4,14,24,0,2,8,1,3,2,2,4,2,1,2,1,2.982,1.913,3,1,6,4,0,13
2025-01-24 07:00:00,13,2,9,20,3,13,20,0,2,8,1,2,1,2,4,1,2,2,1,2.984,2.282,4,0,7,4,0,10
2025-01-24 08:00:00,10,2,7,18,5,12,24,0,1,7,1,1,0,2,2,1,2,1,2,2.609,2.403,1,0,8,4,0,15
2025-01-24 09:00:00,15,6,10,19,1,9,23,0,1,10,2,2,3,2,2,2,1,3,2,2.365,1.175,3,1,9,4,0,17
2025-01-24 10:00:00,17,2,10,19,0,6,19,0,1,10,4,2,4,2,2,2,1,3,3,2.999,2.075,6,1,10,4,0,20
2025-01-24 11:00:00,20,5,13,20,2,3,15,0,1,12,6,1,5,2,2,3,1,4,3,2.98,2.334,5,1,11,4,0,21
2025-01-24 12:00:00,21,3,10,20,2,4,13,0,1,11,8,1,7,2,2,3,0,3,4,3.259,3.135,5,1,12,4,0,22
2025-01-24 13:00:00,22,4,12,22,3,7,13,0,2,10,9,1,7,2,3,4,0,2,4,3.306,3.016,9,2,13,4,0,24
2025-01-24 14:00:00,24,7,14,27,5,10,13,0,3,11,10,0,5,4,4,4,0,2,5,3.084,2.307,7,2,14,4,0,25
2025-01-24 15:00:00,25,5,16,26,4,12,16,0,3,11,11,0,3,6,5,4,0,2,5,3.326,2.619,9,2,15,4,0,30
2025-01-24 16:00:00,30,9,21,33,4,13,20,0,6,14,9,1,5,5,6,5,1,2,6,3.028,2.107,7,2,16,4,0,35
2025-01-24 17:00:00,35,7,21,35,2,10,20,0,6,20,7,2,5,7,8,7,2,1,5,3.196,2.107,9,2,17,4,0,32
2025-01-24 18:00:00,32,0,16,32,3,9,21,0,6,19,5,2,5,7,7,7,2,1,3,4.104,2.944,12,3,18,4,0,31
2025-01-24 19:00:00,31,4,11,32,5,10,23,0,5,19,6,1,5,7,4,5,4,1,5,4.464,3.788,13,5,19,4,0,34
2025-01-24 20:00:00,34,8,12,33,5,13,23,0,6,17,9,2,5,7,6,5,5,1,5,3.832,3.633,16,3,20,4,0,35
2025-01-24 21:00:00,35,7,19,35,6,16,25,0,5,18,10,2,7,7,5,3,6,1,6,3.596,2.284,16,1,21,4,0,35
2025-01-24 22:00:00,35,3,18,29,3,14,24,0,4,20,9,2,7,8,3,4,7,0,6,3.788,2.775,13,3,22,4,0,32
2025-01-24 23:00:00,32,5,15,27,8,17,30,0,3,20,7,2,4,8,4,3,7,1,5,3.988,3.296,13,3,23,4,0,28
2025-01-25 00:00:00,28,1,9,28,5,16,32,0,1,20,5,2,2,8,4,2,7,1,4,4.367,3.961,13,3,0,5,1,19
2025-01-25 01:00:00,19,4,10,28,13,26,40,1,1,11,5,1,2,5,2,0,5,2,3,3.644,3.264,8,1,1,5,1,17
2025-01-25 02:00:00,17,4,9,24,6,24,41,1,2,8,3,3,3,3,0,0,5,3,3,3.273,3.487,7,0,2,5,1,13
2025-01-25 03:00:00,13,1,9,18,5,24,40,1,2,4,4,2,2,3,0,0,2,3,3,3.297,2.495,4,1,3,5,1,14
2025-01-25 04:00:00,14,5,10,20,4,15,41,2,2,6,3,1,4,4,0,0,2,1,3,2.931,2.747,4,1,4,5,1,14
2025-01-25 05:00:00,14,2,8,17,2,11,35,2,1,6,4,1,3,5,0,1,2,1,2,3.427,2.477,5,1,5,5,1,13
2025-01-25 06:00:00,13,2,9,18,3,9,33,2,1,5,3,2,2,6,0,1,2,1,1,3.788,2.52,4,1,6,5,1,10
2025-01-25 07:00:00,10,1,5,15,4,9,24,2,0,6,2,0,2,4,0,1,0,2,1,3.726,3.319,3,1,7,5,1,10
2025-01-25 08:00:00,10,4,7,15,4,11,22,1,2,5,2,0,1,2,3,1,0,2,1,2.678,1.893,2,1,8,5,1,11
2025-01-25 09:00:00,11,4,9,18,3,11,20,0,3,4,4,0,1,3,3,1,1,1,1,1.733,1.341,1,0,9,5,1,16
2025-01-25 10:00:00,16,5,13,18,0,7,16,0,3,6,7,0,3,3,3,1,3,2,1,2.14,1.982,2,0,10,5,1,12
2025-01-25 11:00:00,12,1,10,17,5,8,19,0,2,5,5,0,2,3,1,1,2,3,0,2.926,2.086,3,0,11,5,1,16
2025-01-25 12:00:00,16,8,14,23,4,9,20,0,3,6,5,2,2,3,1,3,2,5,0,2.135,1.324,2,0,12,5,1,19
2025-01-25 13:00:00,19,5,14,27,2,11,18,0,3,6,7,3,2,3,1,3,3,6,1,2.428,1.694,4,1,13,5,1,17
2025-01-25 14:00:00,17,5,18,28,7,13,21,0,1,6,9,1,4,2,0,4,2,4,1,2.162,1.969,1,1,14,5,1,18
2025-01-25 15:00:00,18,4,14,28,3,12,21,0,0,7,10,1,3,2,2,4,2,4,1,2.641,2.674,1,1,15,5,1,18
2025-01-25 16:00:00,18,7,16,30,7,17,28,0,1,9,6,2,2,3,2,4,2,4,1,1.895,1.314,3,0,16,5,1,19
2025-01-25 17:00:00,19,4,15,33,3,13,26,1,1,11,5,1,2,5,1,5,2,3,1,2.43,1.872,4,0,17,5,1,21
2025-01-25 18:00:00,21,6,17,31,4,14,26,1,2,13,3,2,2,5,4,4,2,3,1,2.594,2.492,5,0,18,5,1,24
2025-01-25 19:00:00,24,5,15,31,2,9,26,1,5,12,4,2,3,5,6,2,4,3,1,2.778,2.652,6,0,19,5,1,23
2025-01-25 20:00:00,23,3,14,29,4,10,23,1,6,13,3,0,2,6,5,2,4,3,1,3.218,2.948,8,0,20,5,1,22
2025-01-25 21:00:00,22,4,12,29,5,11,25,1,6,9,6,0,2,5,7,2,4,2,0,3.236,2.777,6,1,21,5,1,20
2025-01-25 22:00:00,20,3,10,25,5,14,23,1,7,5,6,1,0,6,5,2,4,2,1,3.161,3.153,8,0,22,5,1,16
2025-01-25 23:00:00,16,3,10,24,7,17,27,0,6,6,3,1,1,4,1,2,4,2,2,3.681,3.808,8,0,23,5,1,20
2025-01-26 00:00:00,20,7,13,25,3,15,26,0,8,7,4,1,2,5,2,2,3,3,3,2.846,2.038,7,0,0,6,1,20
2025-01-26 01:00:00,20,5,15,25,5,15,29,0,7,8,4,1,3,3,4,2,3,4,1,2.921,1.835,5,1,1,6,1,24
2025-01-26 02:00:00,24,6,18,28,2,10,27,0,7,10,5,2,4,3,5,2,3,5,2,2.95,2.399,5,2,2,6,1,23
2025-01-26 03:00:00,23,4,15,28,5,12,27,0,10,9,2,2,5,3,2,2,3,6,2,3.264,2.834,6,3,3,6,1,18
2025-01-26 04:00:00,18,1,11,26,6,13,28,0,8,6,3,1,4,3,2,0,3,4,2,3.915,2.243,5,3,4,6,1,16
2025-01-26 05:00:00,16,1,6,24,3,14,24,0,8,6,2,0,2,3,2,0,3,5,1,4.896,3.196,7,3,5,6,1,13
2025-01-26 06:00:00,13,2,4,19,5,14,26,0,7,4,2,0,2,2,3,0,3,3,0,5.68,4.233,9,3,6,6,1,11
2025-01-26 07:00:00,11,1,4,15,3,11,24,0,7,2,2,0,1,0,3,0,3,3,1,5.632,5.07,7,3,7,6,1,8
2025-01-26 08:00:00,8,2,5,11,5,13,27,0,4,1,2,1,1,0,2,0,3,1,1,4.933,4.007,4,2,8,6,1,10
2025-01-26 09:00:00,10,2,5,9,0,8,22,0,4,2,3,1,2,0,3,0,3,1,1,4.802,2.739,4,2,9,6,1,14
2025-01-26 10:00:00,14,5,9,13,1,6,17,0,4,4,5,1,1,2,3,2,3,1,2,3.511,2.048,4,2,10,6,1,15
2025-01-26 11:00:00,15,3,10,15,2,3,16,0,4,6,5,0,2,2,3,2,2,1,3,3.831,1.664,5,3,11,6,1,16
2025-01-26 12:00:00,16,4,12,17,3,6,14,0,5,7,4,0,2,2,4,2,4,0,2,3.576,2.327,3,2,12,6,1,22
2025-01-26 13:00:00,22,8,15,24,2,7,13,0,6,10,5,1,3,3,4,2,7,0,3,3.215,1.933,4,2,13,6,1,28
2025-01-26 14:00:00,28,9,21,31,3,8,11,0,6,11,9,2,6,5,2,3,7,0,5,2.854,1.633,5,2,14,6,1,28
2025-01-26 15:00:00,28,5,22,34,5,10,16,0,7,14,5,2,6,5,3,3,5,1,5,3.263,1.982,5,2,15,6,1,32
2025-01-26 16:00:00,32,8,22,37,4,12,19,0,7,14,8,3,8,5,4,3,6,1,5,3.076,2.409,5,1,16,6,1,30
2025-01-26 17:00:00,30,4,17,38,6,15,23,0,6,12,8,4,6,5,6,4,4,1,4,2.841,2.751,7,0,17,6,1,28
2025-01-26 18:00:00,28,6,18,40,8,18,28,0,7,12,7,2,6,6,6,2,1,1,6,2.751,2.507,7,1,18,6,1,19
2025-01-26 19:00:00,19,1,11,33,10,24,36,0,6,8,3,2,4,3,6,1,1,1,3,2.702,2.554,4,0,19,6,1,20
2025-01-26 20:00:00,20,3,10,27,2,20,35,0,7,8,3,2,4,4,6,0,1,1,4,3.327,3.378,8,0,20,6,1,21
2025-01-26 21:00:00,21,6,10,28,5,17,35,0,5,11,3,2,4,5,4,0,1,2,5,3.004,3.193,7,0,21,6,1,20
2025-01-26 22:00:00,20,3,12,23,4,11,35,0,3,12,4,1,4,4,3,1,0,3,5,3.32,2.3,9,1,22,6,1,19
2025-01-26 23:00:00,19,4,13,23,5,14,34,0,3,10,5,1,5,4,2,1,1,3,3,3.33,2.651,6,2,23,6,1,16
2025-01-27 00:00:00,16,1,8,18,4,13,30,0,3,7,4,2,5,3,2,1,2,2,1,3.834,3.549,5,2,0,0,0,15
2025-01-27 01:00:00,15,3,8,20,4,13,24,0,4,6,3,2,4,2,2,1,2,2,2,3.887,3.178,6,1,1,0,0,12
2025-01-27 02:00:00,12,0,4,17,3,11,25,0,4,4,2,2,3,1,2,0,2,2,2,4.772,3.93,6,2,2,0,0,9
2025-01-27 03:00:00,9,2,5,13,5,12,25,0,4,4,0,1,4,0,2,0,0,1,2,5.272,4.683,5,2,3,0,0,10
2025-01-27 04:00:00,10,3,5,13,2,10,23,0,6,3,0,1,4,0,2,0,1,1,2,4.691,2.687,4,3,4,0,0,9
2025-01-27 05:00:00,9,2,7,11,3,10,21,0,5,3,1,0,2,1,2,1,1,1,1,3.167,1.763,3,1,5,0,0,9
2025-01-27 06:00:00,9,0,5,10,0,5,17,0,5,3,1,0,2,1,2,1,1,1,1,4.167,2.763,3,1,6,0,0,10
2025-01-27 07:00:00,10,2,4,9,1,4,14,0,5,3,2,0,2,1,2,1,2,1,1,4.048,3.344,3,2,7,0,0,12
2025-01-27 08:00:00,12,4,6,13,2,3,13,0,6,5,1,0,2,0,4,1,3,1,1,3.182,2.307,5,1,8,0,0,18
2025-01-27 09:00:00,18,7,13,18,1,4,9,1,6,8,3,0,3,1,4,2,4,2,2,2.218,1.08,5,0,9,0,0,20
2025-01-27 10:00:00,20,4,15,19,2,5,9,1,7,8,3,1,2,2,4,2,4,4,2,2.496,1.782,4,0,10,0,0,21
2025-01-27 11:00:00,21,6,17,23,5,8,11,1,7,5,6,2,3,2,3,2,5,3,3,2.542,2.053,4,0,11,0,0,23
2025-01-27 12:00:00,23,4,14,27,2,9,13,1,7,7,6,2,3,2,3,3,5,4,3,2.964,2.273,5,2,12,0,0,25
2025-01-27 13:00:00,25,7,17,32,5,12,17,1,5,10,7,2,4,3,5,5,3,3,2,2.611,2.471,7,1,13,0,0,24
2025-01-27 14:00:00,24,5,16,33,6,13,21,1,8,10,4,1,4,5,3,7,2,2,1,2.78,2.178,6,1,14,0,0,28
2025-01-27 15:00:00,28,9,21,35,5,16,25,1,7,10,5,5,5,7,4,6,2,3,1,2.472,2.023,6,0,15,0,0,30
2025-01-27 16:00:00,30,6,20,37,4,15,27,1,8,13,5,3,5,6,5,6,2,4,2,2.855,2.247,8,1,16,0,0,30
2025-01-27 17:00:00,30,6,21,37,6,15,28,1,7,16,5,1,4,6,4,8,1,5,2,3.022,2.622,7,2,17,0,0,32
2025-01-27 18:00:00,32,7,19,40,5,15,31,1,6,18,5,2,4,6,6,7,1,4,4,3.068,2.692,9,3,18,0,0,26
2025-01-27 19:00:00,26,4,17,37,10,21,36,0,5,15,4,2,3,5,6,5,2,1,4,3.207,2.7,9,1,19,0,0,27
2025-01-27 20:00:00,27,7,18,39,6,21,36,0,6,12,7,2,5,6,3,5,3,3,2,3.241,2.519,9,1,20,0,0,24
2025-01-27 21:00:00,24,5,16,35,8,24,39,1,5,11,6,1,5,3,4,3,3,3,3,2.973,2.229,6,1,21,0,0,22
2025-01-27 22:00:00,22,3,15,32,5,19,40,1,6,10,4,1,4,1,4,3,3,2,5,3.417,2.917,7,1,22,0,0,24
2025-01-27 23:00:00,24,8,16,34,6,19,40,1,8,11,4,0,5,4,4,1,2,2,6,3.01,2.492,6,1,23,0,0,23
2025-01-28 00:00:00,23,3,14,30,4,15,39,2,6,11,4,0,3,4,5,1,4,1,5,2.909,2.276,6,0,0,1,0,22
2025-01-28 01:00:00,22,2,13,28,3,13,32,2,6,10,4,0,2,3,6,2,3,1,5,3.603,2.963,8,0,1,1,0,18
2025-01-28 02:00:00,18,2,7,23,6,13,32,1,6,9,2,0,1,3,4,2,3,1,4,4.007,3.64,7,1,2,1,0,19
2025-01-28 03:00:00,19,6,10,24,5,14,29,1,6,9,3,0,2,4,3,2,2,1,5,3.196,2.823,8,1,3,1,0,15
2025-01-28 04:00:00,15,0,8,21,4,15,28,1,4,8,2,0,2,2,2,2,2,1,4,3.812,3.033,6,1,4,1,0,17
2025-01-28 05:00:00,17,3,9,16,1,10,23,1,4,9,3,0,3,1,2,2,3,2,4,3.971,2.797,7,2,5,1,0,17
2025-01-28 06:00:00,17,2,5,15,2,7,21,2,4,8,3,0,3,1,2,2,4,1,4,4.385,3.485,6,3,6,1,0,12
2025-01-28 07:00:00,12,3,8,16,8,11,26,2,2,6,1,1,1,3,1,1,3,2,1,3.211,2.61,4,1,7,1,0,18
2025-01-28 08:00:00,18,8,13,22,2,12,22,2,3,10,2,1,2,3,1,2,6,2,2,2.549,1.12,4,2,8,1,0,18
2025-01-28 09:00:00,18,3,14,19,3,13,20,1,3,11,2,1,3,3,1,2,5,3,1,2.374,1.563,2,1,9,1,0,21
2025-01-28 10:00:00,21,5,16,24,2,7,18,2,4,12,2,1,3,3,3,3,5,3,1,2.712,2.117,3,1,10,1,0,23
2025-01-28 11:00:00,23,9,17,30,7,12,24,1,4,16,2,0,4,2,4,5,4,3,1,2.427,1.599,2,1,11,1,0,20
2025-01-28 12:00:00,20,4,18,32,7,16,29,2,3,11,3,1,5,2,4,3,4,2,0,2.029,1.621,3,0,12,1,0,24
2025-01-28 13:00:00,24,6,19,35,2,16,23,2,6,12,2,2,7,2,5,4,4,2,0,2.237,2.109,3,0,13,1,0,28
2025-01-28 14:00:00,28,7,17,34,3,12,24,2,8,15,1,2,8,3,5,5,3,3,1,2.44,2.386,5,0,14,1,0,31
2025-01-28 15:00:00,31,9,22,40,6,11,27,3,7,15,3,3,7,4,6,5,3,5,1,2.357,1.926,7,0,15,1,0,32
2025-01-28 16:00:00,32,10,26,45,9,18,34,2,6,15,7,2,6,3,7,6,5,4,1,2.243,1.765,5,0,16,1,0,37
2025-01-28 17:00:00,37,9,28,45,4,19,31,2,7,14,10,4,6,1,11,7,4,6,2,2.502,1.871,7,0,17,1,0,34
2025-01-28 18:00:00,34,5,24,46,8,21,32,3,8,12,9,2,2,2,11,8,4,7,0,3.015,2.284,9,2,18,1,0,33
2025-01-28 19:00:00,33,5,19,45,6,18,36,4,7,13,7,2,2,3,11,8,4,3,2,3.283,3.069,9,2,19,1,0,27
2025-01-28 20:00:00,27,0,10,38,6,20,39,4,6,9,6,2,1,3,7,8,3,3,2,4.192,3.635,12,2,20,1,0,26
2025-01-28 21:00:00,26,6,11,35,7,19,40,3,4,11,6,2,1,3,7,8,3,3,1,3.986,3.787,12,2,21,1,0,21
2025-01-28 22:00:00,21,4,10,29,9,22,40,3,2,11,5,0,2,4,3,5,2,5,0,3.189,3.02,8,1,22,1,0,21
2025-01-28 23:00:00,21,5,15,25,5,21,41,2,1,10,8,0,2,4,3,5,0,5,2,3.141,2.122,7,2,23,1,0,23
2025-01-29 00:00:00,23,4,13,24,2,16,35,2,1,11,8,1,2,5,4,4,1,4,3,3.274,2.689,6,1,0,2,0,18
2025-01-29 01:00:00,18,4,13,23,9,16,38,2,1,10,4,1,1,3,1,3,3,3,4,3.348,2.121,5,2,1,2,0,17
2025-01-29 02:00:00,17,3,11,26,4,15,36,1,1,11,2,2,1,5,1,1,3,1,5,3.45,2.317,5,3,2,2,0,19
2025-01-29 03:00:00,19,5,12,25,3,16,32,2,2,10,3,2,2,5,0,2,3,1,6,3.517,2.181,5,3,3,2,0,20
2025-01-29 04:00:00,20,5,13,26,4,11,27,2,2,11,1,4,4,5,1,2,1,2,5,3.313,2.22,5,2,4,2,0,21
2025-01-29 05:00:00,21,4,14,25,3,10,25,2,2,12,2,3,5,5,3,2,0,2,4,3.393,2.286,5,2,5,2,0,22
2025-01-29 06:00:00,22,3,12,24,2,9,25,2,2,13,1,4,5,4,3,2,1,2,5,3.864,2.654,6,3,6,2,0,19
2025-01-29 07:00:00,19,3,10,23,6,11,22,2,3,11,2,1,3,3,2,2,2,2,5,4.284,3.047,8,2,7,2,0,18
2025-01-29 08:00:00,18,5,11,25,6,14,24,2,2,11,3,0,2,3,4,1,2,3,3,4.08,2.25,6,2,8,2,0,19
2025-01-29 09:00:00,19,4,12,24,3,15,24,2,4,10,3,0,0,4,6,1,2,3,3,4.186,2.114,6,2,9,2,0,16
2025-01-29 10:00:00,16,2,11,21,5,14,25,1,5,7,3,0,0,4,7,1,2,1,1,3.978,2.749,4,1,10,2,0,18
2025-01-29 11:00:00,18,8,14,25,6,14,28,0,7,8,3,0,3,4,6,0,2,3,0,3.031,1.575,4,1,11,2,0,25
2025-01-29 12:00:00,25,10,20,32,3,14,29,0,9,7,8,1,4,5,7,2,1,5,1,2.645,1.416,5,1,12,2,0,30
2025-01-29 13:00:00,30,8,26,37,3,12,26,1,7,9,12,1,5,6,7,3,3,5,1,2.636,1.735,4,1,13,2,0,29
2025-01-29 14:00:00,29,4,22,36,5,11,25,1,6,9,12,1,6,5,5,4,4,4,1,3.16,2.32,3,1,14,2,0,35
2025-01-29 15:00:00,35,11,23,43,5,13,27,1,9,10,13,2,6,6,8,4,5,5,1,3.0,2.336,7,1,15,2,0,33
2025-01-29 16:00:00,33,6,21,47,8,18,30,1,7,12,10,3,6,6,6,2,6,5,2,3.239,1.989,7,1,16,2,0,32
2025-01-29 17:00:00,32,7,24,46,8,21,32,1,7,12,10,2,5,7,5,2,5,6,2,3.53,2.627,10,1,17,2,0,33
2025-01-29 18:00:00,33,6,19,42,5,21,34,1,5,16,9,2,4,9,4,2,8,4,2,3.664,2.686,8,1,18,2,0,35
2025-01-29 19:00:00,35,8,21,42,6,19,37,1,6,18,9,1,4,11,5,2,8,2,3,3.945,2.977,13,2,19,2,0,32
2025-01-29 20:00:00,32,2,16,40,5,16,37,1,6,18,6,1,4,11,5,2,8,0,2,4.784,3.335,14,3,20,2,0,29
2025-01-29 21:00:00,29,6,16,35,9,20,41,0,8,15,5,1,5,7,3,2,5,1,6,4.535,3.11,11,3,21,2,0,23
2025-01-29 22:00:00,23,2,10,31,8,22,41,0,7,13,3,0,5,7,2,1,2,1,5,5.034,3.844,9,2,22,2,0,17
2025-01-29 23:00:00,17,1,9,25,7,24,40,0,7,10,0,0,4,4,2,1,2,0,4,6.196,3.85,8,4,23,2,0,17
2025-01-30 00:00:00,17,4,7,23,4,19,39,0,6,8,1,2,4,1,3,0,2,1,6,3.873,3.059,6,2,0,3,0,18
2025-01-30 01:00:00,18,5,10,20,4,15,37,0,5,8,4,1,5,2,1,0,5,1,4,3.603,3.129,7,1,1,3,0,15
2025-01-30 02:00:00,15,4,13,22,7,15,39,0,4,3,7,1,3,2,1,1,4,2,2,2.475,1.919,3,0,2,3,0,15
2025-01-30 03:00:00,15,3,12,19,3,14,33,0,4,4,6,1,3,4,1,0,3,2,2,3.085,2.795,4,1,3,3,0,13
2025-01-30 04:00:00,13,2,9,19,4,14,29,0,1,4,6,2,2,5,1,0,3,1,1,2.75,2.377,1,0,4,3,0,17
2025-01-30 05:00:00,17,4,9,22,0,7,22,0,1,6,7,3,3,5,3,1,3,1,1,2.973,2.844,5,0,5,3,0,15
2025-01-30 06:00:00,15,3,9,21,5,9,23,0,1,6,6,2,3,4,3,1,3,1,0,2.851,2.96,5,0,6,3,0,12
2025-01-30 07:00:00,12,3,10,19,6,11,25,0,1,5,3,3,3,1,2,3,2,1,0,2.632,1.961,3,0,7,3,0,17
2025-01-30 08:00:00,17,6,12,21,1,12,19,1,1,5,6,4,2,2,3,3,2,4,1,2.597,1.989,3,0,8,3,0,18
2025-01-30 09:00:00,18,3,12,21,2,9,18,1,1,5,8,3,1,2,3,4,3,4,1,3.0,2.195,4,1,9,3,0,17
2025-01-30 10:00:00,17,2,11,21,3,6,17,1,1,6,8,1,0,2,3,5,3,2,2,3.438,2.698,5,2,10,3,0,13
2025-01-30 11:00:00,13,3,8,20,7,12,24,0,1,4,7,1,1,1,2,6,1,1,1,2.852,2.471,4,0,11,3,0,13
2025-01-30 12:00:00,13,3,8,20,3,13,22,0,1,4,6,2,2,1,3,5,1,0,1,2.659,2.409,2,0,12,3,0,16
2025-01-30 13:00:00,16,5,11,22,2,12,18,0,1,4,8,3,4,1,3,4,1,0,3,2.296,1.774,3,0,13,3,0,20
2025-01-30 14:00:00,20,7,15,23,3,8,20,0,2,7,10,1,6,2,6,1,2,0,3,2.262,1.348,4,1,14,3,0,18
2025-01-30 15:00:00,18,4,16,24,6,11,24,1,2,6,9,0,6,1,5,1,3,0,2,2.067,1.602,2,0,15,3,0,24
2025-01-30 16:00:00,24,7,18,29,1,10,22,3,3,6,11,1,8,1,7,2,2,1,3,2.14,2.11,3,0,16,3,0,24
2025-01-30 17:00:00,24,5,16,31,5,12,20,3,2,8,9,2,5,1,6,4,3,1,4,2.348,2.051,3,0,17,3,0,30
2025-01-30 18:00:00,30,11,23,39,5,11,22,4,2,9,12,3,4,2,6,5,2,3,8,1.952,1.798,4,0,18,3,0,32
2025-01-30 19:00:00,32,7,23,41,5,15,25,4,1,12,12,3,3,3,6,5,2,5,8,2.119,1.625,4,0,19,3,0,30
2025-01-30 20:00:00,30,5,23,39,7,17,29,4,3,13,9,1,4,2,6,4,2,5,7,2.583,2.29,7,0,20,3,0,28
2025-01-30 21:00:00,28,4,16,39,6,18,29,2,4,12,10,0,3,2,5,4,3,4,7,2.87,2.871,5,0,21,3,0,24
2025-01-30 22:00:00,24,3,12,35,7,20,35,2,4,9,8,1,4,3,3,2,3,4,5,3.029,3.013,6,0,22,3,0,23
2025-01-30 23:00:00,23,5,12,35,6,19,36,1,4,8,8,2,6,4,2,3,2,3,3,2.952,2.571,7,1,23,3,0,22
2025-01-31 00:00:00,22,3,11,27,4,17,35,1,5,8,6,2,5,5,2,4,2,2,2,3.477,3.294,9,1,0,4,0,21
2025-01-31 01:00:00,21,5,13,25,6,16,36,0,5,7,6,3,4,6,2,5,2,1,1,2.819,2.718,6,0,1,4,0,19
2025-01-31 02:00:00,19,3,11,23,5,15,34,0,4,7,5,3,5,3,2,5,3,0,1,2.906,2.875,5,0,2,4,0,14
2025-01-31 03:00:00,14,0,8,19,5,16,33,0,4,7,1,2,4,1,1,5,2,0,1,3.725,3.279,5,1,3,4,0,17
2025-01-31 04:00:00,17,7,10,23,4,14,30,0,6,6,3,2,8,1,1,4,3,0,0,2.863,2.668,5,0,4,4,0,19
2025-01-31 05:00:00,19,3,10,21,1,10,25,1,6,5,3,4,8,2,1,4,3,1,0,3.213,1.94,7,2,5,4,0,19
2025-01-31 06:00:00,19,4,14,22,4,9,25,1,4,6,5,3,8,4,0,2,3,2,0,3.08,2.391,6,1,6,4,0,19
2025-01-31 07:00:00,19,5,12,22,5,10,24,2,3,6,5,3,4,5,0,2,3,5,0,3.427,2.969,6,1,7,4,0,20
2025-01-31 08:00:00,20,6,15,25,5,14,24,2,2,10,5,1,5,5,0,4,2,4,0,2.778,1.889,5,1,8,4,0,21
2025-01-31 09:00:00,21,5,16,30,4,14,23,2,1,12,5,1,5,8,0,3,1,3,1,2.594,1.702,4,1,9,4,0,21
2025-01-31 10:00:00,21,2,13,25,2,11,21,2,2,12,4,1,4,8,1,3,1,3,1,3.091,2.322,6,1,10,4,0,20
2025-01-31 11:00:00,20,3,10,25,4,10,24,2,2,11,4,1,4,7,2,2,1,2,2,3.078,2.955,4,0,11,4,0,18
2025-01-31 12:00:00,18,3,8,24,5,11,25,1,2,11,3,1,5,4,3,2,0,2,2,3.082,3.259,6,1,12,4,0,22
2025-01-31 13:00:00,22,10,16,29,6,15,26,0,3,14,3,2,5,2,4,4,4,1,2,1.957,1.167,5,0,13,4,0,24
2025-01-31 14:00:00,24,8,21,31,6,17,27,0,4,15,4,1,3,4,4,3,4,3,3,1.681,1.376,2,0,14,4,0,23
2025-01-31 15:00:00,23,4,22,30,5,17,28,0,4,11,6,2,3,6,3,2,4,3,2,2.074,2.048,2,0,15,4,0,19
2025-01-31 16:00:00,19,2,14,30,6,17,32,0,3,7,7,2,3,6,0,3,2,4,1,2.4,2.361,0,0,16,4,0,16
2025-01-31 17:00:00,16,3,9,30,6,17,34,0,1,8,6,1,1,4,1,4,2,3,1,2.748,2.977,3,0,17,4,0,14
2025-01-31 18:00:00,14,4,9,31,6,18,35,1,0,7,5,1,2,2,2,3,1,3,1,2.413,2.145,3,0,18,4,0,14
2025-01-31 19:00:00,14,6,13,27,6,18,35,1,2,5,6,0,2,2,4,1,3,1,1,1.487,1.185,1,0,19,4,0,19
2025-01-31 20:00:00,19,6,16,25,1,13,30,1,3,8,6,1,4,3,5,1,4,0,2,1.779,1.458,1,0,20,4,0,21
2025-01-31 21:00:00,21,5,17,26,3,10,28,1,4,11,3,2,6,3,3,1,4,2,2,1.999,1.922,2,0,21,4,0,20
2025-01-31 22:00:00,20,3,14,27,4,8,26,1,6,8,3,2,6,4,2,1,2,3,2,2.363,2.375,2,0,22,4,0,22
2025-01-31 23:00:00,22,6,14,30,4,11,24,1,6,10,4,1,5,5,1,1,5,3,2,2.606,2.413,4,0,23,4,0,23
2025-02-01 00:00:00,23,5,14,31,4,12,22,1,8,8,6,0,6,4,3,0,5,3,2,2.66,2.538,6,0,0,5,1,23
2025-02-01 01:00:00,23,4,15,29,4,12,20,1,9,8,5,0,4,3,4,1,4,5,2,3.079,2.548,7,0,1,5,1,17
2025-02-01 02:00:00,17,2,11,25,8,16,27,1,6,6,4,0,1,2,4,1,2,5,2,3.161,2.86,5,1,2,5,1,15
2025-02-01 03:00:00,15,1,7,21,3,15,27,1,4,7,3,0,0,2,3,1,2,5,2,3.835,3.86,7,1,3,5,1,10
2025-02-01 04:00:00,10,1,4,19,6,17,29,0,4,6,0,0,0,1,1,2,1,5,0,3.771,3.381,4,0,4,5,1,12
2025-02-01 05:00:00,12,4,6,17,2,11,27,0,4,6,1,1,0,1,2,3,1,4,1,3.05,2.966,5,0,5,5,1,12
2025-02-01 06:00:00,12,4,9,16,4,12,27,0,2,7,3,0,0,0,3,4,1,3,1,2.342,1.839,3,0,6,5,1,14
2025-02-01 07:00:00,14,4,12,16,2,8,25,0,2,7,5,0,1,0,3,3,1,4,2,2.514,1.719,3,0,7,5,1,14
2025-02-01 08:00:00,14,2,10,16,2,8,19,1,2,6,5,0,1,1,3,3,2,3,1,2.83,2.15,2,0,8,5,1,14
2025-02-01 09:00:00,14,3,9,18,3,7,19,1,2,8,3,0,1,2,3,3,3,1,1,3.001,2.921,3,1,9,5,1,22
2025-02-01 10:00:00,22,9,14,26,1,6,14,1,3,12,6,0,2,4,3,4,4,3,2,2.556,1.789,5,1,10,5,1,23
2025-02-01 11:00:00,23,3,15,25,2,6,14,1,3,13,5,1,1,4,2,4,5,4,3,2.909,1.995,6,1,11,5,1,22
2025-02-01 12:00:00,22,3,15,24,4,7,14,1,3,12,4,2,2,4,4,4,4,2,2,3.212,2.69,6,0,12,5,1,19
2025-02-01 13:00:00,19,2,8,22,5,11,17,1,3,10,2,3,2,4,5,4,3,0,1,3.902,3.736,8,1,13,5,1,21
2025-02-01 14:00:00,21,7,12,27,5,14,20,1,3,14,1,2,1,4,3,5,4,3,1,3.636,3.032,9,3,14,5,1,19
2025-02-01 15:00:00,19,3,12,27,5,15,22,2,2,13,2,0,0,4,1,4,5,4,1,3.694,1.909,8,2,15,5,1,21
2025-02-01 16:00:00,21,6,16,24,4,14,25,1,4,10,4,2,2,5,2,2,6,4,0,2.844,2.102,5,1,16,5,1,25
2025-02-01 17:00:00,25,5,14,26,1,10,24,1,7,11,4,2,3,5,3,4,5,4,1,3.232,2.504,5,2,17,5,1,26
2025-02-01 18:00:00,26,5,16,28,4,9,24,1,6,14,4,1,4,6,2,4,6,3,1,3.552,2.428,10,4,18,5,1,33
2025-02-01 19:00:00,33,9,19,35,2,7,21,1,6,16,8,2,5,8,2,4,6,6,2,3.277,2.653,9,3,19,5,1,28
2025-02-01 20:00:00,28,4,18,32,9,15,25,1,7,13,7,0,4,5,1,5,6,4,3,3.02,2.591,6,1,20,5,1,27
2025-02-01 21:00:00,27,5,18,34,6,17,26,0,7,12,8,0,3,6,1,5,5,2,5,3.135,2.719,8,1,21,5,1,26
2025-02-01 22:00:00,26,3,12,31,4,19,26,0,5,13,8,0,4,5,2,5,3,2,5,3.324,3.383,9,0,22,5,1,24
2025-02-01 23:00:00,24,5,13,31,7,17,32,0,4,11,8,1,4,4,2,3,2,4,5,3.594,3.901,11,0,23,5,1,19
2025-02-02 00:00:00,19,2,10,28,7,18,35,0,5,8,5,1,4,3,2,2,1,3,4,3.628,3.584,8,1,0,6,1,16
2025-02-02 01:00:00,16,3,10,22,6,20,39,0,5,7,3,1,6,2,0,2,1,2,3,3.938,3.348,7,2,1,6,1,14
2025-02-02 02:00:00,14,5,10,23,7,20,37,0,3,6,4,1,2,2,0,2,1,2,5,3.474,2.015,4,2,2,6,1,14
2025-02-02 03:00:00,14,2,10,20,2,15,33,0,2,7,4,1,2,1,1,2,1,1,6,3.49,2.158,5,2,3,6,1,11
2025-02-02 04:00:00,11,1,8,18,4,13,33,0,1,6,4,0,1,1,1,1,0,2,5,3.428,2.741,3,1,4,6,1,13
2025-02-02 05:00:00,13,4,7,17,2,8,28,1,2,5,5,0,1,2,1,1,0,3,5,3.192,2.913,3,1,5,6,1,12
2025-02-02 06:00:00,12,4,9,19,5,11,26,1,1,6,4,0,1,2,1,3,0,1,4,2.943,1.665,3,1,6,6,1,13
2025-02-02 07:00:00,13,3,11,19,2,9,22,1,1,7,4,0,1,2,3,3,0,1,3,2.697,1.788,2,1,7,6,1,14
2025-02-02 08:00:00,14,3,10,17,2,9,17,1,1,6,5,1,2,3,2,3,0,1,3,2.941,2.287,1,1,8,6,1,19
2025-02-02 09:00:00,19,7,13,22,2,6,17,1,4,7,6,1,3,4,2,4,1,2,3,2.011,1.481,3,0,9,6,1,17
2025-02-02 10:00:00,17,2,12,23,4,8,17,1,4,6,6,0,3,4,1,3,2,2,2,2.552,1.688,4,0,10,6,1,14
2025-02-02 11:00:00,14,4,13,23,7,13,22,1,3,5,4,1,2,4,0,2,2,3,1,2.095,2.054,1,0,11,6,1,20
2025-02-02 12:00:00,20,7,13,26,1,12,18,1,4,9,5,1,3,5,1,2,2,4,3,2.132,1.656,2,0,12,6,1,22
2025-02-02 13:00:00,22,6,17,29,4,12,20,0,6,8,6,2,1,5,1,3,5,4,3,2.016,1.569,4,0,13,6,1,22
2025-02-02 14:00:00,22,3,16,29,3,8,21,0,5,9,6,2,2,5,2,3,5,2,3,2.555,2.342,4,0,14,6,1,21
2025-02-02 15:00:00,21,7,16,29,8,15,27,0,6,11,3,1,2,3,3,3,3,3,4,2.238,2.33,3,0,15,6,1,25
2025-02-02 16:00:00,25,6,16,33,2,13,25,1,7,12,4,1,2,3,5,3,3,4,5,2.428,1.704,6,0,16,6,1,28
2025-02-02 17:00:00,28,7,20,36,4,14,22,1,8,10,7,2,4,3,6,4,1,5,5,2.402,2.151,6,0,17,6,1,30
2025-02-02 18:00:00,30,7,20,36,5,11,26,2,7,14,5,2,3,2,7,5,2,6,5,2.639,2.19,5,0,18,6,1,27
2025-02-02 19:00:00,27,4,18,34,7,16,29,2,6,13,3,3,3,2,4,5,2,4,7,3.026,2.374,8,1,19,6,1,27
2025-02-02 20:00:00,27,4,15,35,4,16,30,2,4,13,5,3,2,4,4,5,2,4,6,3.37,2.757,8,3,20,6,1,28
2025-02-02 21:00:00,28,8,16,36,7,18,29,2,7,13,4,2,2,4,4,4,3,5,6,3.283,2.895,9,3,21,6,1,32
2025-02-02 22:00:00,32,6,18,36,2,13,29,2,8,16,5,1,3,5,5,4,3,6,6,3.601,2.221,13,3,22,6,1,32
2025-02-02 23:00:00,32,7,21,36,7,16,32,3,6,15,7,1,3,5,6,6,4,2,6,3.477,2.582,10,3,23,6,1,31
2025-02-03 00:00:00,31,4,17,33,5,14,32,3,7,14,6,1,3,4,4,7,6,2,5,3.962,2.826,10,4,0,0,0,27
2025-02-03 01:00:00,27,3,14,32,7,19,32,3,5,12,5,2,5,1,4,7,5,1,4,4.352,3.102,10,5,1,0,0,25
2025-02-03 02:00:00,25,4,11,32,6,18,34,2,6,10,5,2,6,2,2,6,5,1,3,4.32,3.068,10,5,2,0,0,24
2025-02-03 03:00:00,24,3,10,27,4,17,31,2,4,11,4,3,5,1,3,4,5,2,4,4.556,3.494,10,4,3,0,0,21
2025-02-03 04:00:00,21,2,9,23,5,15,34,2,4,9,4,2,4,1,3,3,5,2,3,4.713,4.337,11,3,4,0,0,16
2025-02-03 05:00:00,16,3,8,19,8,17,35,0,5,10,1,0,3,1,3,1,5,1,2,4.785,3.274,6,2,5,0,0,16
2025-02-03 06:00:00,16,3,8,18,3,16,33,0,4,11,1,0,3,1,3,1,5,1,2,4.664,3.357,8,3,6,0,0,16
2025-02-03 07:00:00,16,3,9,18,3,14,29,0,5,11,0,0,2,2,2,1,5,1,3,4.965,3.04,6,3,7,0,0,15
2025-02-03 08:00:00,15,3,9,17,4,10,27,0,4,10,1,0,1,2,2,2,6,0,2,4.066,2.946,4,3,8,0,0,15
2025-02-03 09:00:00,15,2,8,16,2,9,25,0,4,10,1,0,0,2,3,2,5,1,2,4.111,2.362,5,2,9,0,0,20
2025-02-03 10:00:00,20,8,13,22,3,9,23,0,5,12,3,0,2,2,4,4,3,3,2,2.481,1.86,5,1,10,0,0,19
2025-02-03 11:00:00,19,5,15,24,6,11,21,0,4,12,3,0,3,4,2,4,2,3,1,2.212,1.553,2,1,11,0,0,19
2025-02-03 12:00:00,19,4,17,25,4,13,22,0,3,10,6,0,2,4,2,4,3,4,0,2.247,2.06,2,0,12,0,0,24
2025-02-03 13:00:00,24,7,16,29,2,12,21,0,4,13,6,1,3,4,5,3,4,4,1,2.397,2.552,3,1,13,0,0,21
2025-02-03 14:00:00,21,2,13,28,5,11,22,0,5,12,2,2,3,4,5,3,3,2,1,3.158,3.552,7,1,14,0,0,28
2025-02-03 15:00:00,28,11,20,37,4,11,24,1,7,15,4,1,9,5,7,2,3,1,1,2.617,2.029,9,1,15,0,0,35
2025-02-03 16:00:00,35,10,23,39,3,12,24,1,7,17,8,2,12,4,9,1,6,3,0,2.718,1.426,9,1,16,0,0,37
2025-02-03 17:00:00,37,9,30,43,7,14,25,1,6,18,10,2,15,5,8,2,3,4,0,2.758,2.121,8,1,17,0,0,36
2025-02-03 18:00:00,36,6,25,45,7,17,28,1,8,18,9,0,13,4,10,2,2,4,1,2.794,2.399,5,2,18,0,0,34
2025-02-03 19:00:00,34,5,20,43,7,21,33,1,8,17,7,1,14,1,9,3,2,4,1,3.017,2.703,8,2,19,0,0,31
2025-02-03 20:00:00,31,4,15,45,7,21,35,1,9,16,3,2,10,3,9,3,2,2,2,3.549,3.532,12,2,20,0,0,33
2025-02-03 21:00:00,33,7,16,41,5,19,36,1,9,15,6,2,9,4,11,3,1,3,2,3.323,3.07,12,1,21,0,0,27
2025-02-03 22:00:00,27,5,16,36,11,23,44,1,11,10,5,0,7,4,8,3,1,2,2,3.541,2.647,11,1,22,0,0,24
2025-02-03 23:00:00,24,4,16,31,7,23,44,0,8,10,6,0,6,4,5,2,1,3,3,3.728,2.665,9,2,23,0,0,20
2025-02-04 00:00:00,20,5,14,30,9,27,46,0,8,9,3,0,4,4,3,1,1,4,3,2.865,2.305,6,1,0,1,0,18
2025-02-04 01:00:00,18,5,14,30,7,23,46,0,5,11,1,1,4,3,4,1,2,1,3,2.741,1.787,4,1,1,1,0,13
2025-02-04 02:00:00,13,0,10,26,5,21,44,0,2,9,1,1,2,3,3,1,2,0,2,3.052,2.628,2,1,2,1,0,15
2025-02-04 03:00:00,15,5,10,24,3,15,42,0,1,12,2,0,4,1,3,2,2,0,3,2.714,2.78,3,1,3,1,0,15
2025-02-04 04:00:00,15,5,10,24,5,13,36,1,1,10,2,1,5,2,0,2,4,0,2,1.939,1.308,2,0,4,1,0,17
2025-02-04 05:00:00,17,4,14,24,2,10,31,2,1,10,3,1,4,3,1,2,3,1,3,2.166,1.997,3,0,5,1,0,13
2025-02-04 06:00:00,13,1,10,20,5,12,27,2,1,8,2,0,2,2,1,2,2,1,3,2.936,2.302,3,0,6,1,0,15
2025-02-04 07:00:00,15,5,10,20,3,10,23,3,0,7,5,0,2,4,1,1,3,2,2,2.536,2.229,2,0,7,1,0,12
2025-02-04 08:00:00,12,3,9,23,6,14,24,4,0,3,5,0,1,3,0,0,4,3,1,1.993,1.634,1,0,8,1,0,13
2025-02-04 09:00:00,13,4,12,22,3,12,24,4,2,4,3,0,1,3,1,0,3,4,1,2.202,1.804,2,0,9,1,0,18
2025-02-04 10:00:00,18,7,14,24,2,11,21,4,4,5,3,2,2,3,2,1,3,5,2,2.037,1.759,2,0,10,1,0,16
2025-02-04 11:00:00,16,1,12,21,3,8,22,2,4,6,2,2,3,3,2,1,1,4,2,2.489,2.027,3,0,11,1,0,12
2025-02-04 12:00:00,12,2,10,22,6,11,23,2,4,6,0,0,3,3,2,0,0,4,0,2.969,2.328,2,0,12,1,0,11
2025-02-04 13:00:00,11,3,6,20,4,13,24,0,4,6,1,0,3,3,2,0,0,2,1,2.286,2.223,2,0,13,1,0,18
2025-02-04 14:00:00,18,9,14,26,2,12,20,0,4,9,5,0,6,4,2,1,0,3,2,1.735,0.997,3,0,14,1,0,19
2025-02-04 15:00:00,19,3,15,25,2,8,19,0,5,8,6,0,6,3,3,1,0,4,2,2.263,1.742,3,0,15,1,0,20
2025-02-04 16:00:00,20,6,18,24,5,9,22,0,5,8,5,2,6,6,2,1,0,3,2,2.665,2.332,4,0,16,1,0,23
2025-02-04 17:00:00,23,6,15,29,3,10,22,0,6,9,6,2,5,7,2,3,2,4,0,2.823,2.776,5,1,17,1,0,25
2025-02-04 18:00:00,25,7,19,34,5,13,21,0,6,11,7,1,4,8,2,4,2,4,1,2.512,1.642,7,0,18,1,0,16
2025-02-04 19:00:00,16,3,16,34,12,20,29,0,3,10,3,0,2,5,1,2,1,4,1,2.055,1.634,2,0,19,1,0,24
2025-02-04 20:00:00,24,8,18,33,0,17,27,0,3,15,5,1,3,8,4,2,1,4,2,2.234,2.138,3,0,20,1,0,22
2025-02-04 21:00:00,22,4,15,34,6,18,31,0,3,13,5,1,1,8,5,1,0,4,3,2.345,1.922,3,0,21,1,0,20
2025-02-04 22:00:00,20,3,15,31,5,11,31,0,2,14,4,0,0,6,5,0,0,6,3,2.809,2.513,6,0,22,1,0,24
2025-02-04 23:00:00,24,6,13,31,2,13,30,0,3,14,6,1,1,6,6,0,0,8,3,2.872,2.556,6,1,23,1,0,22
2025-02-05 00:00:00,22,3,12,27,5,12,30,0,1,14,5,2,1,5,6,0,1,7,2,2.966,2.489,7,0,0,2,0,18
2025-02-05 01:00:00,18,2,11,26,6,13,24,0,2,13,3,0,1,3,5,0,1,4,4,3.537,3.113,7,1,1,2,0,13
2025-02-05 02:00:00,13,1,6,19,6,17,30,0,2,9,2,0,2,2,4,0,1,1,3,3.686,3.289,5,1,2,2,0,9
2025-02-05 03:00:00,9,2,5,17,6,18,30,0,2,5,2,0,2,0,2,0,1,2,2,2.589,2.629,3,0,3,2,0,7
2025-02-05 04:00:00,7,1,4,15,3,15,28,0,1,5,1,0,1,0,0,0,1,3,2,2.511,2.121,1,0,4,2,0,9
2025-02-05 05:00:00,9,5,8,14,3,12,29,0,2,5,2,0,0,2,1,1,2,2,1,1.394,0.801,1,0,5,2,0,12
2025-02-05 06:00:00,12,4,10,15,1,7,25,0,2,8,2,0,0,4,2,1,2,2,1,1.687,1.509,1,0,6,2,0,17
2025-02-05 07:00:00,17,8,17,21,3,7,22,1,1,9,5,1,2,4,2,4,1,2,2,1.299,1.129,0,0,7,2,0,15
2025-02-05 08:00:00,15,1,13,21,3,7,19,1,1,8,4,1,2,4,2,3,0,2,2,2.003,1.755,0,0,8,2,0,14
2025-02-05 09:00:00,14,2,11,21,3,9,16,1,0,8,4,1,3,3,2,3,0,1,2,2.455,2.36,2,0,9,2,0,11
2025-02-05 10:00:00,11,0,3,20,3,9,16,1,0,6,3,1,3,2,2,2,0,1,1,3.258,3.21,2,0,10,2,0,14
2025-02-05 11:00:00,14,5,7,20,2,8,15,2,2,5,4,1,5,1,3,1,0,3,1,2.946,3.186,7,0,11,2,0,14
2025-02-05 12:00:00,14,3,8,19,3,8,17,2,2,7,3,0,3,1,2,1,0,5,2,3.161,1.697,6,0,12,2,0,17
2025-02-05 13:00:00,17,6,14,17,3,8,17,2,3,10,2,0,2,1,4,1,2,5,2,2.707,1.754,4,1,13,2,0,19
2025-02-05 14:00:00,19,8,17,24,6,12,20,2,3,10,3,1,2,1,3,1,5,4,3,1.957,1.386,2,1,14,2,0,25
2025-02-05 15:00:00,25,8,22,30,2,11,19,3,7,9,5,1,3,2,4,3,6,3,4,2.14,1.464,4,2,15,2,0,31
2025-02-05 16:00:00,31,10,26,40,4,12,20,3,8,10,7,3,6,3,5,2,6,4,5,1.853,1.469,3,0,16,2,0,31
2025-02-05 17:00:00,31,5,23,40,5,11,23,3,9,8,7,4,5,6,6,2,4,4,4,2.305,2.072,4,0,17,2,0,29
2025-02-05 18:00:00,29,7,22,44,9,18,29,2,8,7,9,3,7,7,6,1,2,2,4,2.329,2.244,4,0,18,2,0,26
2025-02-05 19:00:00,26,3,15,41,6,20,32,2,8,7,7,2,6,6,4,1,3,3,3,3.07,2.983,9,0,19,2,0,28
2025-02-05 20:00:00,28,10,20,43,8,23,34,2,5,13,5,3,6,8,2,1,3,3,5,2.652,2.284,8,1,20,2,0,27
2025-02-05 21:00:00,27,6,19,41,7,21,39,2,4,14,6,1,4,8,2,2,3,4,4,2.749,1.614,6,2,21,2,0,26
2025-02-05 22:00:00,26,5,21,36,6,21,41,2,5,12,6,1,5,8,2,3,2,3,3,2.846,2.148,6,2,22,2,0,25
2025-02-05 23:00:00,25,2,13,33,3,16,39,2,5,12,5,1,4,8,2,4,2,2,3,3.326,2.955,6,2,23,2,0,24
2025-02-06 00:00:00,24,1,8,27,2,11,32,2,5,12,4,1,5,6,2,4,2,2,3,4.164,3.696,10,2,0,3,0,22
2025-02-06 01:00:00,22,5,8,29,7,12,33,3,4,9,4,2,3,5,2,5,2,3,2,4.191,3.622,10,2,1,3,0,16
2025-02-06 02:00:00,16,2,8,21,8,17,33,3,4,6,2,1,2,3,3,3,2,2,1,3.642,3.98,8,0,2,3,0,14
2025-02-06 03:00:00,14,2,9,17,4,19,30,3,3,5,2,1,2,5,3,3,0,1,0,3.779,3.501,7,1,3,3,0,14
2025-02-06 04:00:00,14,1,5,13,1,13,25,3,2,5,2,2,2,5,4,2,0,1,0,4.486,3.535,6,2,4,3,0,13
2025-02-06 05:00:00,13,4,7,15,5,10,27,3,2,4,3,1,1,4,3,2,1,1,1,3.149,2.07,4,1,5,3,0,16
2025-02-06 06:00:00,16,6,11,20,3,9,28,3,3,6,3,1,0,5,4,3,1,2,1,2.902,2.24,5,1,6,3,0,17
2025-02-06 07:00:00,17,4,14,19,3,11,24,3,4,7,3,0,0,4,4,4,1,3,1,3.012,1.762,5,1,7,3,0,21
2025-02-06 08:00:00,21,5,15,22,1,7,17,3,4,11,3,0,0,5,6,4,2,2,2,3.226,2.394,5,1,8,3,0,25
2025-02-06 09:00:00,25,6,15,26,2,6,15,2,6,13,4,0,2,6,7,4,2,2,2,3.012,2.623,7,1,9,3,0,29
2025-02-06 10:00:00,29,8,19,33,4,7,18,1,8,14,6,0,3,8,4,5,4,4,1,2.889,2.184,7,2,10,3,0,30
2025-02-06 11:00:00,30,6,20,35,5,11,18,1,9,12,8,0,6,6,2,6,4,5,1,3.11,2.404,9,2,11,3,0,30
2025-02-06 12:00:00,30,6,20,35,6,15,21,0,10,14,6,0,7,7,1,4,3,5,3,3.212,2.57,9,1,12,3,0,33
2025-02-06 13:00:00,33,6,18,37,3,14,21,0,11,13,8,1,9,6,2,5,3,4,4,3.33,2.763,10,2,13,3,0,30
2025-02-06 14:00:00,30,3,15,35,6,15,26,0,11,12,6,1,9,4,1,5,3,4,4,3.857,3.254,11,3,14,3,0,30
2025-02-06 15:00:00,30,4,13,33,4,13,28,0,11,12,6,1,8,6,2,4,4,2,4,3.984,3.597,13,4,15,3,0,32
2025-02-06 16:00:00,32,9,16,34,7,17,31,0,9,14,8,1,6,5,3,5,3,6,4,3.459,2.893,10,4,16,3,0,23
2025-02-06 17:00:00,23,1,14,29,10,21,36,0,7,9,7,0,4,5,2,3,3,4,2,3.59,2.328,7,2,17,3,0,25
2025-02-06 18:00:00,25,6,16,29,4,21,34,0,7,11,7,0,5,5,3,2,4,4,2,3.503,2.705,7,1,18,3,0,23
2025-02-06 19:00:00,23,5,12,28,7,21,38,0,5,9,9,0,5,3,4,1,5,4,1,3.144,3.084,5,1,19,3,0,26
2025-02-06 20:00:00,26,10,21,35,7,18,39,0,4,10,10,2,3,5,7,3,3,5,0,2.18,1.78,6,0,20,3,0,21
2025-02-06 21:00:00,21,3,18,34,8,22,43,0,5,8,7,1,2,4,4,2,2,5,2,2.819,2.77,4,0,21,3,0,21
2025-02-06 22:00:00,21,5,18,30,5,20,41,0,5,7,8,1,2,4,4,3,2,3,3,2.591,2.505,4,0,22,3,0,14
2025-02-06 23:00:00,14,1,9,30,8,21,39,0,4,4,6,0,2,2,3,1,1,2,3,2.943,2.153,3,0,23,3,0,11
2025-02-07 00:00:00,11,1,7,25,4,17,39,0,3,3,4,1,2,1,1,2,1,1,3,3.023,2.518,2,1,0,4,0,11
2025-02-07 01:00:00,11,1,3,21,1,13,33,0,2,3,5,1,2,2,1,2,1,1,2,3.656,3.243,3,1,1,4,0,10
2025-02-07 02:00:00,10,1,3,12,2,7,28,0,2,3,5,0,3,2,0,1,1,1,2,4.491,4.38,7,1,2,4,0,8
2025-02-07 03:00:00,8,2,4,11,4,7,24,0,3,2,3,0,2,2,1,1,0,1,1,4.176,3.682,4,1,3,4,0,8
2025-02-07 04:00:00,8,4,7,10,4,10,23,0,3,3,2,0,2,0,1,3,0,0,2,1.58,0.952,1,0,4,4,0,11
2025-02-07 05:00:00,11,5,11,14,2,10,17,0,3,5,3,0,2,1,2,3,0,1,2,1.592,1.05,1,0,5,4,0,14
2025-02-07 06:00:00,14,4,13,17,1,7,14,0,4,5,5,0,1,1,2,4,0,2,4,1.656,1.313,0,0,6,4,0,13
2025-02-07 07:00:00,13,1,10,17,2,5,15,1,4,5,3,0,0,1,2,5,0,2,3,2.435,2.289,1,0,7,4,0,13
2025-02-07 08:00:00,13,3,8,19,3,6,16,1,4,5,2,1,0,1,2,5,1,3,1,2.586,2.875,2,0,8,4,0,14
2025-02-07 09:00:00,14,4,8,21,3,8,15,2,4,4,2,2,0,2,1,4,2,4,1,2.597,2.097,4,0,9,4,0,14
2025-02-07 10:00:00,14,3,10,20,3,9,14,2,2,5,2,3,1,2,2,3,2,3,1,2.403,1.884,3,0,10,4,0,19
2025-02-07 11:00:00,19,9,16,24,4,10,16,2,4,7,4,2,2,4,2,3,1,4,3,2.228,1.178,4,0,11,4,0,21
2025-02-07 12:00:00,21,5,17,25,3,10,18,2,4,8,6,1,4,3,1,4,1,5,3,2.729,1.702,6,1,12,4,0,20
2025-02-07 13:00:00,20,4,18,28,5,12,21,2,3,7,6,2,6,3,0,3,1,4,3,2.768,2.428,5,0,13,4,0,21
2025-02-07 14:00:00,21,5,14,30,4,12,22,2,3,8,6,2,6,4,1,3,1,4,2,2.66,2.425,3,0,14,4,0,20
2025-02-07 15:00:00,20,5,14,31,6,15,25,2,3,7,5,3,5,4,2,3,1,5,0,2.757,2.2,5,1,15,4,0,18
2025-02-07 16:00:00,18,5,15,33,7,17,29,1,3,10,3,1,4,3,4,3,1,3,0,2.459,2.057,4,0,16,4,0,24
2025-02-07 17:00:00,24,9,19,33,3,16,28,1,5,14,4,0,4,3,6,4,2,3,2,2.28,1.684,4,1,17,4,0,25
2025-02-07 18:00:00,25,8,22,36,7,17,32,1,6,14,3,1,5,3,5,2,1,7,2,2.188,1.514,4,1,18,4,0,29
2025-02-07 19:00:00,29,6,23,38,2,12,29,1,7,16,4,1,5,4,4,2,3,7,4,2.706,2.277,5,1,19,4,0,32
2025-02-07 20:00:00,32,8,22,41,5,14,30,1,8,17,5,1,4,4,3,5,5,7,4,2.649,2.342,5,1,20,4,0,31
2025-02-07 21:00:00,31,5,19,41,6,13,30,1,8,15,5,2,3,4,3,7,6,5,3,2.961,2.659,9,1,21,4,0,30
2025-02-07 22:00:00,30,3,16,39,4,15,27,1,10,13,5,1,3,4,2,7,6,4,4,3.609,2.918,11,2,22,4,0,33
2025-02-07 23:00:00,33,7,15,37,4,14,28,2,12,12,7,0,3,4,3,6,8,4,5,3.737,3.208,12,2,23,4,0,27
2025-02-08 00:00:00,27,2,12,31,8,16,29,1,8,11,7,0,2,4,2,7,8,2,2,3.681,3.521,13,1,0,5,1,23
2025-02-08 01:00:00,23,0,9,25,4,16,31,1,7,9,6,0,1,4,1,7,7,1,2,4.624,4.328,12,2,1,5,1,21
2025-02-08 02:00:00,21,4,6,21,6,18,32,1,6,9,5,0,2,4,1,6,5,2,1,4.451,3.923,10,2,2,5,1,16
2025-02-08 03:00:00,16,2,6,18,7,17,33,1,3,7,5,0,2,2,1,5,4,1,1,4.439,4.36,9,2,3,5,1,16
2025-02-08 04:00:00,16,5,11,20,5,18,34,1,5,5,5,0,2,1,0,5,3,2,3,3.756,2.87,7,2,4,5,1,18
2025-02-08 05:00:00,18,3,10,16,1,13,31,1,5,6,5,1,2,1,0,6,3,3,3,4.093,2.623,7,3,5,5,1,17
2025-02-08 06:00:00,17,3,11,17,4,10,27,1,4,5,5,2,2,2,0,5,3,2,3,3.509,2.641,4,2,6,5,1,15
2025-02-08 07:00:00,15,3,9,20,5,10,28,0,5,4,4,2,2,1,1,3,2,2,4,3.243,2.562,3,1,7,5,1,18
2025-02-08 08:00:00,18,5,11,21,2,11,24,0,7,4,4,3,2,2,3,4,2,1,4,3.232,2.472,6,2,8,5,1,21
2025-02-08 09:00:00,21,7,15,26,4,11,21,0,7,8,5,1,1,2,4,4,2,3,5,3.014,1.577,6,2,9,5,1,19
2025-02-08 10:00:00,19,2,14,23,4,10,20,0,5,8,5,1,1,3,3,2,2,4,4,3.193,2.498,5,1,10,5,1,21
2025-02-08 11:00:00,21,6,15,26,4,12,23,0,7,8,5,1,2,2,5,2,2,4,4,2.559,2.458,3,0,11,5,1,24
2025-02-08 12:00:00,24,5,13,28,2,10,21,0,6,12,5,1,3,3,4,2,2,6,4,2.666,2.595,6,1,12,5,1,22
2025-02-08 13:00:00,22,6,17,31,8,14,24,0,4,12,3,3,3,3,4,2,3,4,3,2.317,2.048,4,1,13,5,1,25
2025-02-08 14:00:00,25,7,18,33,4,14,26,0,5,14,2,4,7,2,5,2,3,3,3,2.185,2.048,3,0,14,5,1,30
2025-02-08 15:00:00,30,8,21,34,3,15,25,0,4,19,3,4,6,3,6,4,3,3,5,2.214,2.247,6,0,15,5,1,28
2025-02-08 16:00:00,28,4,19,36,6,13,27,0,5,15,4,4,5,3,5,4,4,2,5,2.691,2.135,6,0,16,5,1,31
2025-02-08 17:00:00,31,10,22,40,7,16,30,0,6,17,6,2,7,4,5,5,4,2,4,2.657,2.328,9,0,17,5,1,29
2025-02-08 18:00:00,29,7,21,42,9,22,37,0,5,16,6,2,8,5,6,3,2,1,4,2.375,1.83,6,0,18,5,1,29
2025-02-08 19:00:00,29,7,24,43,7,23,36,0,5,16,5,3,9,5,7,5,1,1,1,2.439,2.319,6,0,19,5,1,27
2025-02-08 20:00:00,27,2,16,38,4,20,36,0,3,15,6,3,8,5,5,5,1,2,1,2.994,2.35,6,0,20,5,1,19
2025-02-08 21:00:00,19,2,11,32,10,21,43,0,2,12,2,3,6,3,3,4,1,1,1,3.04,2.498,6,0,21,5,1,16
2025-02-08 22:00:00,16,3,7,31,6,20,43,0,2,8,4,2,6,2,2,3,2,0,1,3.122,3.232,4,0,22,5,1,13
2025-02-08 23:00:00,13,2,7,23,5,21,41,0,2,5,5,1,5,2,1,2,2,0,1,3.17,3.003,6,0,23,5,1,11
2025-02-09 00:00:00,11,1,6,17,3,14,35,0,1,5,5,0,4,2,1,1,2,1,0,3.789,3.386,5,0,0,6,1,11
2025-02-09 01:00:00,11,3,6,13,3,11,31,0,1,5,5,0,3,2,1,3,1,1,0,3.363,2.834,3,1,1,6,1,10
2025-02-09 02:00:00,10,2,6,13,3,9,30,0,1,6,3,0,2,2,1,3,1,0,1,3.172,2.57,3,1,2,6,1,10
2025-02-09 03:00:00,10,1,6,12,1,7,21,0,1,7,2,0,2,3,1,3,0,0,1,3.753,2.905,4,1,3,6,1,11
2025-02-09 04:00:00,11,3,6,12,2,6,17,0,1,10,0,0,2,3,1,4,0,0,1,3.636,2.766,3,1,4,6,1,10
2025-02-09 05:00:00,10,1,5,11,2,5,14,0,0,9,0,1,2,3,2,2,0,0,1,3.365,3.049,3,0,5,6,1,9
2025-02-09 06:00:00,9,1,5,11,2,6,13,0,0,7,1,1,2,2,1,2,0,0,2,3.527,2.831,3,1,6,6,1,9
2025-02-09 07:00:00,9,1,3,9,1,5,11,0,0,7,1,1,1,2,2,2,0,0,2,3.479,3.517,3,0,7,6,1,13
2025-02-09 08:00:00,13,5,7,12,1,4,9,0,0,9,3,1,3,3,2,2,1,1,1,2.783,2.203,5,0,8,6,1,11
2025-02-09 09:00:00,11,1,7,12,3,5,11,0,1,6,3,1,2,1,2,2,1,1,2,2.877,1.968,3,1,9,6,1,16
2025-02-09 10:00:00,16,7,13,16,2,6,11,0,2,8,4,2,2,3,3,2,1,1,4,2.49,1.864,3,1,10,6,1,16
2025-02-09 11:00:00,16,6,14,21,6,11,15,0,3,10,3,0,3,4,2,2,1,0,4,2.264,1.334,2,1,11,6,1,16
2025-02-09 12:00:00,16,6,19,26,6,14,19,0,3,7,6,0,2,3,5,0,1,0,5,1.497,1.279,0,0,12,6,1,18
2025-02-09 13:00:00,18,4,16,29,2,14,20,0,3,8,7,0,2,4,6,1,1,0,4,2.058,1.974,1,0,13,6,1,24
2025-02-09 14:00:00,24,10,20,34,4,12,23,0,5,10,8,1,4,5,7,2,1,1,4,2.007,1.593,4,0,14,6,1,27
2025-02-09 15:00:00,27,8,22,41,5,11,25,0,5,10,10,2,6,7,6,2,1,2,3,2.018,1.547,5,0,15,6,1,31
2025-02-09 16:00:00,31,9,27,43,5,14,28,0,5,13,11,2,5,7,8,3,2,4,2,2.136,2.267,3,0,16,6,1,34
2025-02-09 17:00:00,34,8,25,45,5,15,27,0,5,13,12,4,7,7,7,4,3,5,1,2.494,2.074,5,0,17,6,1,34
2025-02-09 18:00:00,34,7,24,46,7,17,28,0,5,18,9,2,6,8,5,4,2,6,3,2.824,2.559,7,1,18,6,1,29
2025-02-09 19:00:00,29,3,18,45,8,20,34,0,5,16,7,1,4,5,5,4,2,7,2,3.048,2.95,7,1,19,6,1,28
2025-02-09 20:00:00,28,4,14,39,5,20,35,0,5,16,5,2,3,7,3,2,2,8,3,3.41,3.616,11,1,20,6,1,27
2025-02-09 21:00:00,27,6,13,37,7,20,37,0,6,15,3,3,1,6,3,3,3,8,3,3.192,3.193,10,0,21,6,1,26
2025-02-09 22:00:00,26,5,15,33,6,18,38,0,7,14,4,1,1,4,3,4,3,8,3,3.25,3.045,10,0,22,6,1,22
2025-02-09 23:00:00,22,4,15,29,8,21,41,1,7,9,4,1,1,3,5,3,2,5,3,2.835,2.341,5,0,23,6,1,16
2025-02-10 00:00:00,16,3,12,25,9,23,43,1,3,7,5,0,1,2,4,4,1,2,2,2.53,2.144,2,1,0,0,0,19
2025-02-10 01:00:00,19,6,13,28,3,20,38,1,3,9,5,1,1,2,4,4,2,2,4,2.455,2.069,3,1,1,0,0,18
2025-02-10 02:00:00,18,2,11,26,3,15,36,1,3,10,3,1,1,2,5,4,2,2,2,3.179,2.451,6,1,2,0,0,15
2025-02-10 03:00:00,15,1,9,21,4,10,33,1,3,9,1,1,0,3,4,3,2,1,2,3.897,2.91,6,1,3,0,0,12
2025-02-10 04:00:00,12,1,4,17,4,11,31,1,2,8,1,0,0,3,5,1,2,1,0,3.904,3.756,5,0,4,0,0,14
2025-02-10 05:00:00,14,4,6,17,2,10,25,1,2,10,0,1,0,5,4,1,2,2,0,3.389,3.728,6,1,5,0,0,15
2025-02-10 06:00:00,15,4,9,18,3,9,19,2,3,8,1,1,0,4,6,1,2,2,0,3.075,1.695,6,1,6,0,0,19
2025-02-10 07:00:00,19,7,15,19,3,8,19,2,2,7,5,3,0,6,6,1,2,3,1,2.279,1.72,3,0,7,0,0,16
2025-02-10 08:00:00,16,2,13,19,5,11,21,2,2,6,5,1,0,4,5,1,2,4,0,3.134,2.245,4,1,8,0,0,16
2025-02-10 09:00:00,16,5,14,23,5,13,22,2,1,6,7,0,1,3,3,0,2,3,4,3.092,2.879,4,0,9,0,0,13
2025-02-10 10:00:00,13,4,11,26,7,17,25,2,1,5,5,0,3,2,1,0,1,2,4,2.599,1.605,4,1,10,0,0,15
2025-02-10 11:00:00,15,2,11,24,0,12,23,2,2,6,5,0,3,3,1,1,1,2,4,3.165,2.512,4,1,11,0,0,17
2025-02-10 12:00:00,17,6,12,26,4,11,24,2,1,9,5,0,4,3,1,1,1,1,6,2.395,2.154,2,0,12,0,0,27
2025-02-10 13:00:00,27,14,22,33,4,8,25,1,2,16,7,1,6,5,3,4,1,1,7,1.572,0.807,2,0,13,0,0,39
2025-02-10 14:00:00,39,15,35,46,3,11,23,1,5,21,10,2,8,8,5,4,4,2,8,1.735,1.16,4,1,14,0,0,45
2025-02-10 15:00:00,45,14,43,55,8,15,26,1,7,28,7,2,6,10,5,6,7,2,9,1.746,1.648,3,0,15,0,0,52
2025-02-10 16:00:00,52,11,40,62,4,15,23,2,10,30,8,2,7,12,5,6,7,4,11,2.167,2.131,5,0,16,0,0,53
2025-02-10 17:00:00,53,9,34,69,8,20,31,3,13,30,7,0,8,12,6,5,7,5,10,2.565,2.54,9,0,17,0,0,48
2025-02-10 18:00:00,48,6,26,69,11,23,38,3,12,22,9,2,7,9,7,6,6,7,6,2.857,2.655,12,0,18,0,0,47
2025-02-10 19:00:00,47,10,25,65,11,30,45,4,11,20,9,3,8,8,5,4,5,6,11,2.959,3.015,15,0,19,0,0,36
2025-02-10 20:00:00,36,5,21,55,16,38,58,2,9,18,7,0,8,4,3,4,4,6,7,3.384,3.324,16,0,20,0,0,37
2025-02-10 21:00:00,37,5,20,46,4,31,54,2,7,23,5,0,9,4,1,4,5,8,6,3.744,3.917,18,1,21,0,0,35
2025-02-10 22:00:00,35,6,16,41,8,28,58,2,10,19,4,0,8,5,1,4,5,7,5,3.949,3.334,15,3,22,0,0,29
2025-02-10 23:00:00,29,2,13,34,8,20,58,2,8,16,3,0,8,5,2,4,4,4,2,4.347,3.167,13,6,23,0,0,22
2025-02-11 00:00:00,22,1,9,29,8,24,55,2,7,11,2,0,7,4,2,2,1,4,2,4.529,3.587,10,4,0,1,0,17
2025-02-11 01:00:00,17,3,6,22,8,24,52,1,6,6,3,1,5,2,2,1,1,5,1,4.706,3.335,7,4,1,1,0,14
2025-02-11 02:00:00,14,3,7,20,6,22,42,1,4,5,3,1,4,3,1,2,0,4,0,4.451,2.974,6,3,2,1,0,11
2025-02-11 03:00:00,11,2,8,17,5,19,43,0,3,5,3,0,2,2,2,1,0,3,1,3.421,2.509,3,1,3,1,0,13
2025-02-11 04:00:00,13,3,8,14,1,12,36,0,3,6,4,0,2,2,3,2,0,3,1,2.742,2.273,3,0,4,1,0,16
2025-02-11 05:00:00,16,3,8,15,0,6,28,0,3,7,5,1,2,3,4,3,0,3,1,3.119,2.855,5,0,5,1,0,13
2025-02-11 06:00:00,13,3,9,17,6,7,26,0,2,7,3,1,2,3,3,3,1,1,0,2.917,2.446,5,0,6,1,0,12
2025-02-11 07:00:00,12,2,8,16,3,9,21,0,1,7,3,1,3,2,2,3,2,0,0,2.538,2.282,3,0,7,1,0,13
2025-02-11 08:00:00,13,5,10,18,4,13,19,0,1,8,4,0,6,0,2,2,3,0,0,1.86,1.404,1,0,8,1,0,16
2025-02-11 09:00:00,16,5,12,21,2,9,16,0,1,12,3,0,5,0,2,3,3,0,3,2.1,1.821,2,0,9,1,0,15
2025-02-11 10:00:00,15,4,14,22,5,11,20,0,1,10,4,0,2,1,3,4,1,1,3,2.13,1.843,2,0,10,1,0,18
2025-02-11 11:00:00,18,6,15,25,3,10,23,0,3,11,4,0,3,1,3,2,1,5,3,1.912,1.208,0,0,11,1,0,25
2025-02-11 12:00:00,25,8,18,30,1,9,18,0,4,13,8,0,3,2,4,2,2,6,6,2.0,1.917,3,0,12,1,0,27
2025-02-11 13:00:00,27,7,21,35,5,9,20,1,4,13,9,0,4,2,3,2,1,7,8,2.11,1.505,4,0,13,1,0,27
2025-02-11 14:00:00,27,5,20,35,5,11,21,1,5,13,7,1,1,4,2,2,3,7,8,2.395,2.168,4,0,14,1,0,30
2025-02-11 15:00:00,30,6,18,36,3,13,22,1,4,15,9,1,1,5,3,2,5,8,6,2.755,2.711,8,0,15,1,0,29
2025-02-11 16:00:00,29,7,18,39,8,16,25,1,5,12,10,1,2,7,3,2,5,5,5,2.712,2.096,8,0,16,1,0,27
2025-02-11 17:00:00,27,4,17,37,6,17,28,1,6,11,8,1,3,7,5,1,5,4,2,2.98,2.619,7,0,17,1,0,32
2025-02-11 18:00:00,32,10,21,39,5,19,32,1,5,13,11,2,6,7,4,3,3,5,4,2.617,2.419,7,0,18,1,0,36
2025-02-11 19:00:00,36,9,23,41,5,16,32,2,6,16,11,1,7,7,5,3,4,6,4,2.685,2.001,8,1,19,1,0,36
2025-02-11 20:00:00,36,6,25,42,6,16,33,2,6,18,10,0,9,6,5,4,4,4,4,3.023,2.379,10,1,20,1,0,36
2025-02-11 21:00:00,36,8,23,44,8,19,38,1,7,20,7,1,8,6,6,3,7,3,3,3.018,2.597,9,1,21,1,0,27
2025-02-11 22:00:00,27,3,17,40,12,26,42,1,4,15,6,1,5,6,3,3,5,3,2,2.878,2.305,5,1,22,1,0,26
2025-02-11 23:00:00,26,7,18,43,8,28,44,1,4,15,5,1,6,7,3,2,5,2,1,2.957,2.458,8,1,23,1,0,23
2025-02-12 00:00:00,23,4,14,37,7,27,46,1,5,13,3,1,5,8,3,0,3,3,1,2.989,2.008,4,2,0,2,0,17
2025-02-12 01:00:00,17,2,13,30,8,23,49,0,4,10,3,0,2,6,1,0,4,3,1,3.276,2.645,4,1,1,2,0,17
2025-02-12 02:00:00,17,4,10,28,4,19,47,0,5,8,3,1,2,6,0,0,3,3,3,3.436,2.786,5,1,2,2,0,16
2025-02-12 03:00:00,16,4,10,24,5,17,44,0,5,7,4,0,2,5,1,0,3,2,3,2.727,2.399,4,0,3,2,0,17
2025-02-12 04:00:00,17,2,10,23,1,10,33,0,4,8,5,0,2,5,1,1,3,1,4,3.133,2.69,6,0,4,2,0,14
2025-02-12 05:00:00,14,1,7,17,4,10,29,0,3,7,3,1,2,4,1,1,2,0,4,3.514,3.025,4,0,5,2,0,10
2025-02-12 06:00:00,10,0,3,13,4,9,26,0,2,5,2,1,1,4,0,0,1,0,4,4.591,4.464,6,1,6,2,0,8
2025-02-12 07:00:00,8,2,3,13,4,12,22,0,1,4,3,0,1,1,0,0,1,0,5,4.276,4.636,5,1,7,2,0,10
2025-02-12 08:00:00,10,4,6,13,2,10,20,0,1,3,5,1,1,5,0,0,0,0,4,3.339,1.515,4,1,8,2,0,13
2025-02-12 09:00:00,13,6,12,15,3,9,18,0,2,5,5,1,1,7,1,0,0,2,2,2.342,1.503,2,1,9,2,0,13
2025-02-12 10:00:00,13,4,14,17,4,9,21,0,2,7,4,0,1,5,3,0,0,2,2,1.915,1.444,1,1,10,2,0,13
2025-02-12 11:00:00,13,3,13,19,3,10,20,0,2,8,3,0,2,4,2,1,1,2,1,2.446,1.996,1,1,11,2,0,16
2025-02-12 12:00:00,16,6,13,25,3,10,19,0,3,11,2,0,1,3,4,2,2,2,2,1.96,1.894,1,0,12,2,0,21
2025-02-12 13:00:00,21,7,16,30,2,8,17,0,4,16,1,0,3,4,4,3,1,3,3,2.124,1.677,4,0,13,2,0,27
2025-02-12 14:00:00,27,10,23,36,4,9,19,0,5,17,3,2,3,5,5,3,3,6,2,1.914,1.659,3,0,14,2,0,24
2025-02-12 15:00:00,24,2,19,32,5,11,21,0,4,14,4,2,3,4,5,1,3,5,3,2.249,1.901,2,0,15,2,0,23
2025-02-12 16:00:00,23,2,14,30,3,12,20,0,4,14,3,2,4,3,5,0,3,5,3,2.858,2.519,4,0,16,2,0,18
2025-02-12 17:00:00,18,2,6,29,7,15,24,0,4,12,1,1,3,2,4,0,3,4,2,3.352,3.262,6,0,17,2,0,22
2025-02-12 18:00:00,22,9,13,32,5,15,26,1,5,14,1,1,3,3,5,0,2,6,3,2.69,2.198,8,0,18,2,0,25
2025-02-12 19:00:00,25,8,19,33,5,17,29,2,4,14,3,2,2,7,5,0,2,5,4,2.476,1.459,7,0,19,2,0,26
2025-02-12 20:00:00,26,8,25,31,7,17,32,2,6,12,5,1,4,8,4,0,2,6,2,2.34,1.771,4,1,20,2,0,30
2025-02-12 21:00:00,30,4,20,33,0,12,27,2,8,13,6,1,4,8,5,0,2,9,2,2.937,2.483,4,2,21,2,0,37
2025-02-12 22:00:00,37,13,25,44,6,13,30,2,11,17,6,1,5,6,9,2,4,9,2,2.738,2.722,9,3,22,2,0,35
2025-02-12 23:00:00,35,5,22,47,7,13,30,1,14,14,6,0,3,6,9,4,5,7,1,2.99,1.952,10,2,23,2,0,26
2025-02-13 00:00:00,26,1,19,39,10,23,35,1,12,11,2,0,1,2,8,4,5,5,1,3.165,2.523,5,1,0,3,0,22
2025-02-13 01:00:00,22,2,8,33,6,23,36,0,11,10,1,0,2,2,4,3,5,5,1,3.891,3.428,7,1,1,3,0,19
2025-02-13 02:00:00,19,2,5,27,5,21,34,0,8,10,1,0,3,2,3,3,3,4,1,4.033,4.175,11,1,2,3,0,19
2025-02-13 03:00:00,19,6,10,29,6,17,40,0,7,10,2,0,4,1,2,3,3,4,2,3.239,3.972,9,0,3,3,0,20
2025-02-13 04:00:00,20,1,9,17,0,11,34,0,7,11,2,0,4,2,2,3,3,4,2,4.03,4.427,10,0,4,3,0,19
2025-02-13 05:00:00,19,4,11,16,5,11,32,0,5,9,5,0,4,1,2,2,3,5,2,3.518,2.659,6,1,5,3,0,21
2025-02-13 06:00:00,21,6,11,21,4,9,26,0,3,9,8,1,3,3,4,3,2,4,2,3.004,2.049,6,2,6,3,0,21
2025-02-13 07:00:00,21,4,14,23,4,13,24,0,2,8,9,2,3,5,3,1,2,5,2,2.744,2.151,6,1,7,3,0,22
2025-02-13 08:00:00,22,8,18,29,7,15,26,1,1,9,10,1,4,6,2,2,2,4,2,2.285,1.71,4,0,8,3,0,27
2025-02-13 09:00:00,27,8,20,31,3,14,23,1,3,8,13,2,3,6,3,3,4,4,4,2.123,1.825,6,0,9,3,0,24
2025-02-13 10:00:00,24,2,18,32,5,15,28,1,2,8,11,2,3,7,2,4,3,2,3,2.354,2.205,3,0,10,3,0,22
2025-02-13 11:00:00,22,3,13,31,5,13,28,0,3,9,9,1,4,6,0,4,2,2,4,3.088,3.205,6,0,11,3,0,18
2025-02-13 12:00:00,18,7,12,32,11,21,35,0,5,7,5,1,3,5,0,4,1,2,3,2.266,2.113,4,0,12,3,0,18
2025-02-13 13:00:00,18,4,14,32,4,20,35,0,7,5,5,1,1,5,1,4,2,2,3,2.294,1.619,4,0,13,3,0,17
2025-02-13 14:00:00,17,4,15,28,5,20,33,0,7,4,5,1,0,4,1,3,4,2,3,2.582,2.326,4,0,14,3,0,25
2025-02-13 15:00:00,25,12,20,32,4,13,34,0,6,9,7,3,0,7,3,2,7,3,3,1.806,1.044,2,0,15,3,0,20
2025-02-13 16:00:00,20,1,17,31,6,15,35,0,4,9,4,3,0,5,3,1,7,2,2,2.301,1.87,2,0,16,3,0,16
2025-02-13 17:00:00,16,1,14,29,5,15,35,0,3,6,5,2,0,4,3,1,3,3,2,2.899,2.696,3,0,17,3,0,17
2025-02-13 18:00:00,17,5,7,27,4,15,28,0,3,4,5,5,3,3,2,1,4,2,2,2.75,3.169,3,0,18,3,0,18
2025-02-13 19:00:00,18,6,12,29,5,14,29,0,3,4,6,5,4,5,0,3,3,1,2,2.342,1.186,5,1,19,3,0,18
2025-02-13 20:00:00,18,5,16,30,5,14,29,0,3,5,8,2,4,4,1,3,2,2,2,2.713,1.745,5,1,20,3,0,17
2025-02-13 21:00:00,17,3,14,21,4,14,29,0,3,5,7,2,2,5,1,5,2,2,0,2.798,2.101,4,0,21,3,0,18
2025-02-13 22:00:00,18,4,12,24,3,12,26,1,5,4,5,3,0,6,1,6,1,4,0,2.81,2.532,3,1,22,3,0,17
2025-02-13 23:00:00,17,2,9,25,3,10,24,1,5,5,4,2,0,5,1,6,2,3,0,3.198,2.682,4,1,23,3,0,16
2025-02-14 00:00:00,16,3,9,23,4,10,24,1,4,5,5,1,0,5,1,4,3,2,1,3.305,2.712,6,1,0,4,0,12
2025-02-14 01:00:00,12,2,7,19,6,13,25,1,4,4,2,1,0,2,0,5,2,2,1,2.796,2.586,2,0,1,4,0,12
2025-02-14 02:00:00,12,2,7,16,2,12,22,1,3,6,2,0,0,2,0,5,2,1,2,2.847,2.656,4,0,2,4,0,9
2025-02-14 03:00:00,9,0,4,13,3,11,21,1,2,6,0,0,0,2,0,4,1,0,2,3.604,3.482,3,0,3,4,0,2
2025-02-14 04:00:00,2,0,2,9,7,12,25,0,0,2,0,0,0,0,0,1,0,0,1,2.516,2.516,0,0,4,4,0,5
2025-02-14 05:00:00,5,3,3,10,0,10,22,0,2,2,0,1,2,1,0,1,0,0,1,1.743,0.842,0,0,5,4,0,5
2025-02-14 06:00:00,5,1,4,8,1,8,19,0,2,1,1,1,3,1,0,1,0,0,0,1.87,1.45,1,0,6,4,0,8
2025-02-14 07:00:00,8,3,7,9,0,1,13,0,2,4,1,1,3,1,0,2,1,0,1,1.987,1.771,1,0,7,4,0,11
2025-02-14 08:00:00,11,5,9,12,2,3,13,0,1,7,2,1,4,1,0,3,1,1,1,1.766,1.471,1,0,8,4,0,14
2025-02-14 09:00:00,14,4,12,16,1,3,11,0,1,9,2,2,5,2,1,2,1,2,1,2.182,1.473,2,0,9,4,0,18
2025-02-14 10:00:00,18,6,15,22,2,5,6,0,1,11,3,3,6,3,2,3,1,2,1,2.365,1.833,3,1,10,4,0,22
2025-02-14 11:00:00,22,8,18,27,4,7,10,1,1,16,2,2,4,5,2,6,1,3,1,2.178,1.715,2,1,11,4,0,21
2025-02-14 12:00:00,21,5,19,31,6,12,15,1,2,14,3,1,3,3,3,6,1,4,1,2.061,1.839,3,0,12,4,0,27
2025-02-14 13:00:00,27,9,22,37,3,13,18,2,4,15,3,3,3,4,5,6,2,5,2,2.044,1.64,3,0,13,4,0,32
2025-02-14 14:00:00,32,7,21,39,2,11,18,3,5,16,6,2,5,7,4,6,2,6,2,2.475,1.824,5,0,14,4,0,34
2025-02-14 15:00:00,34,4,20,39,2,7,19,3,5,16,8,2,6,7,5,6,2,6,2,3.07,2.476,11,1,15,4,0,29
2025-02-14 16:00:00,29,5,16,38,10,14,27,3,6,12,7,1,5,8,5,4,2,5,0,3.224,2.776,9,2,16,4,0,24
2025-02-14 17:00:00,24,4,13,34,9,21,32,2,6,11,5,0,4,6,4,5,0,4,1,3.347,3.312,9,0,17,4,0,25
2025-02-14 18:00:00,25,5,14,34,4,23,30,2,6,10,7,0,2,7,3,4,2,6,1,3.534,3.009,12,1,18,4,0,26
2025-02-14 19:00:00,26,7,16,32,6,19,33,2,6,13,4,1,6,6,2,4,3,4,1,3.477,2.432,9,3,19,4,0,32
2025-02-14 20:00:00,32,8,20,33,2,12,33,2,9,14,6,1,7,6,3,6,3,6,1,3.346,2.262,11,4,20,4,0,32
2025-02-14 21:00:00,32,6,21,35,6,14,37,2,7,16,4,3,6,7,4,5,3,5,2,3.341,2.109,9,5,21,4,0,31
2025-02-14 22:00:00,31,8,22,38,9,17,36,2,8,15,4,2,5,6,3,5,3,6,3,2.663,2.303,5,2,22,4,0,34
2025-02-14 23:00:00,34,6,20,40,3,18,30,2,8,18,5,1,5,7,4,6,4,6,2,3.169,2.778,9,2,23,4,0,27
2025-02-15 00:00:00,27,2,16,37,9,21,35,2,9,11,4,1,3,5,2,6,5,5,1,3.602,2.516,10,2,0,5,1,26
2025-02-15 01:00:00,26,3,11,33,4,16,33,2,7,9,7,1,3,3,3,5,6,5,1,3.397,3.098,8,0,1,5,1,25
2025-02-15 02:00:00,25,3,8,28,4,17,35,2,9,6,8,0,4,1,3,5,6,6,0,3.951,4.022,13,0,2,5,1,21
2025-02-15 03:00:00,21,2,8,24,6,14,35,1,9,6,5,0,4,2,3,4,3,5,0,4.402,4.568,12,1,3,5,1,19
2025-02-15 04:00:00,19,4,9,20,6,16,32,1,8,5,5,0,5,2,2,2,3,4,1,4.263,3.347,9,4,4,5,1,18
2025-02-15 05:00:00,18,4,10,18,5,17,34,0,8,4,6,0,4,2,1,3,3,4,1,3.492,2.807,5,2,5,5,1,17
2025-02-15 06:00:00,17,2,10,18,3,14,28,1,6,5,5,0,4,3,1,3,3,2,1,3.706,2.723,6,2,6,5,1,14
2025-02-15 07:00:00,14,2,8,17,5,13,29,1,7,5,1,0,2,3,1,3,3,1,1,3.592,2.96,5,1,7,5,1,12
2025-02-15 08:00:00,12,0,4,14,2,10,27,1,7,3,1,0,1,2,1,3,3,1,1,4.659,3.96,5,1,8,5,1,11
2025-02-15 09:00:00,11,2,4,14,3,10,24,1,6,3,1,0,1,2,1,0,3,2,2,4.116,4.258,6,0,9,5,1,11
2025-02-15 10:00:00,11,2,4,12,2,7,20,2,4,4,1,0,0,2,1,1,2,3,2,4.0,3.734,5,1,10,5,1,18
2025-02-15 11:00:00,18,8,12,16,1,6,16,3,4,6,5,0,2,2,4,2,1,3,4,2.882,1.56,6,2,11,5,1,22
2025-02-15 12:00:00,22,7,17,21,3,6,16,3,3,8,7,1,3,2,3,2,2,3,7,2.719,1.533,4,2,12,5,1,29
2025-02-15 13:00:00,29,8,23,27,1,5,12,3,4,11,10,1,5,6,3,2,3,4,6,2.897,2.329,6,2,13,5,1,30
2025-02-15 14:00:00,30,6,21,33,5,9,15,2,5,9,13,1,7,6,4,3,4,2,4,2.703,2.348,4,1,14,5,1,27
2025-02-15 15:00:00,27,6,20,37,9,15,21,1,6,8,11,1,5,6,3,3,3,3,4,2.554,2.302,4,1,15,5,1,25
2025-02-15 16:00:00,25,6,18,41,8,22,27,1,6,9,8,1,5,3,5,4,2,3,3,2.577,2.128,4,1,16,5,1,28
2025-02-15 17:00:00,28,10,22,43,7,24,33,1,8,9,9,1,5,3,5,4,2,3,6,2.113,1.74,3,0,17,5,1,30
2025-02-15 18:00:00,30,6,22,42,4,19,34,1,8,12,9,0,5,4,3,3,4,3,8,2.397,1.805,6,0,18,5,1,31
2025-02-15 19:00:00,31,5,21,39,4,15,37,2,7,12,10,0,6,6,3,0,5,3,8,2.725,2.546,8,0,19,5,1,26
2025-02-15 20:00:00,26,3,14,36,8,16,40,2,5,9,9,1,6,6,2,0,4,3,5,3.039,2.801,6,0,20,5,1,23
2025-02-15 21:00:00,23,3,11,33,6,18,37,2,5,9,6,1,6,4,3,1,4,2,3,3.508,3.052,9,1,21,5,1,24
2025-02-15 22:00:00,24,3,9,30,2,16,31,1,5,10,7,1,7,4,3,1,3,3,3,4.081,3.988,12,2,22,5,1,24
2025-02-15 23:00:00,24,6,12,26,6,14,30,1,5,13,2,3,5,2,4,1,5,5,2,4.184,2.893,11,4,23,5,1,25
2025-02-16 00:00:00,25,4,13,24,3,11,29,1,5,13,4,2,4,2,4,3,4,5,3,4.302,2.782,9,4,0,6,1,21
2025-02-16 01:00:00,21,4,14,23,8,17,33,1,2,12,4,2,4,3,2,4,3,3,2,3.999,2.672,7,4,1,6,1,17
2025-02-16 02:00:00,17,1,9,21,5,16,30,1,2,10,3,1,3,3,2,3,3,2,1,4.633,3.397,7,3,2,6,1,15
2025-02-16 03:00:00,15,3,8,21,5,18,29,0,1,10,4,0,2,2,4,3,2,0,2,4.082,3.626,6,1,3,6,1,13
2025-02-16 04:00:00,13,4,8,22,6,16,33,0,1,5,7,0,1,1,7,2,0,0,2,2.689,1.556,4,0,4,6,1,11
2025-02-16 05:00:00,11,3,10,19,5,16,32,0,2,6,3,0,1,1,6,1,0,0,2,2.303,1.928,3,0,5,6,1,10
2025-02-16 06:00:00,10,0,7,15,1,12,30,0,2,6,2,0,1,1,5,1,0,0,2,3.341,2.893,3,0,6,6,1,7
2025-02-16 07:00:00,7,3,6,14,6,12,28,0,2,3,2,0,1,1,2,0,0,1,2,2.587,2.283,1,0,7,6,1,6
2025-02-16 08:00:00,6,1,4,14,2,9,25,0,1,4,1,0,1,1,2,0,0,1,1,3.221,2.58,1,1,8,6,1,11
2025-02-16 09:00:00,11,6,10,17,1,9,21,0,3,4,2,2,3,2,3,0,1,0,2,2.278,0.944,3,1,9,6,1,14
2025-02-16 10:00:00,14,5,12,18,2,5,17,0,3,4,5,2,3,2,2,0,2,1,4,1.573,1.333,1,0,10,6,1,17
2025-02-16 11:00:00,17,4,15,19,1,4,13,0,4,7,4,2,3,2,3,1,2,1,5,1.947,1.619,1,0,11,6,1,15
2025-02-16 12:00:00,15,3,12,22,5,8,17,0,4,8,3,0,3,2,2,1,1,0,6,2.449,2.025,2,0,12,6,1,13
2025-02-16 13:00:00,13,2,9,21,4,10,15,0,4,6,3,0,3,2,1,1,2,0,4,2.769,2.206,3,1,13,6,1,15
2025-02-16 14:00:00,15,5,10,25,3,12,16,0,3,8,4,0,1,3,3,2,2,0,4,2.413,2.226,2,1,14,6,1,16
2025-02-16 15:00:00,16,5,12,24,4,11,19,0,2,9,5,0,3,3,4,2,2,0,2,1.934,1.329,3,0,15,6,1,18
2025-02-16 16:00:00,18,6,16,25,4,11,21,0,2,10,6,0,4,3,2,3,4,0,2,1.888,1.598,2,0,16,6,1,23
2025-02-16 17:00:00,23,7,18,28,2,10,22,0,4,11,7,1,3,4,2,3,5,1,5,2.047,1.608,2,0,17,6,1,19
2025-02-16 18:00:00,19,3,16,28,7,13,24,0,4,8,6,1,2,3,0,2,6,2,4,2.408,2.391,2,0,18,6,1,21
2025-02-16 19:00:00,21,3,13,29,1,10,21,0,5,9,6,1,3,2,0,2,6,3,5,2.797,2.548,4,0,19,6,1,19
2025-02-16 20:00:00,19,4,10,28,6,14,24,0,6,9,4,0,1,3,0,2,6,5,2,2.898,3.094,5,0,20,6,1,29
2025-02-16 21:00:00,29,12,19,35,2,9,22,0,8,13,8,0,2,5,1,3,5,8,5,2.511,1.74,10,1,21,6,1,27
2025-02-16 22:00:00,27,1,17,30,3,11,21,0,8,12,7,0,3,5,1,3,3,8,4,3.155,2.558,9,0,22,6,1,22
2025-02-16 23:00:00,22,2,15,25,7,12,26,0,8,11,3,0,4,4,2,0,2,6,4,3.327,2.67,6,0,23,6,1,20
2025-02-17 00:00:00,20,7,10,29,9,19,28,0,7,10,3,0,3,5,4,1,2,3,2,2.841,3.022,4,1,0,0,0,19
2025-02-17 01:00:00,19,3,12,29,4,20,31,1,5,9,4,0,3,3,4,1,1,5,2,2.628,1.917,6,1,1,0,0,18
2025-02-17 02:00:00,18,2,12,27,3,16,28,2,4,7,4,1,2,4,5,1,1,4,1,3.245,2.661,6,1,2,0,0,16
2025-02-17 03:00:00,16,2,7,17,4,11,30,2,4,7,3,0,3,3,5,0,1,3,1,3.883,3.572,6,1,3,0,0,16
2025-02-17 04:00:00,16,1,5,17,1,8,28,2,4,7,3,0,3,3,5,1,1,2,1,4.442,4.3,9,1,4,0,0,14
2025-02-17 05:00:00,14,2,5,17,4,9,25,2,2,7,3,0,1,4,3,2,1,2,1,4.656,4.552,9,2,5,0,0,16
2025-02-17 06:00:00,16,4,7,14,2,7,18,2,3,8,3,0,1,4,3,2,1,3,2,4.316,3.749,8,3,6,0,0,20
2025-02-17 07:00:00,20,5,11,16,1,7,15,2,3,12,3,0,2,5,4,2,1,4,2,3.708,2.456,8,2,7,0,0,19
2025-02-17 08:00:00,19,2,11,16,3,6,15,2,3,11,3,0,2,5,4,1,2,4,1,3.933,2.563,6,2,8,0,0,15
2025-02-17 09:00:00,15,1,8,15,5,9,16,2,2,10,1,0,2,5,3,0,1,3,1,4.322,3.057,5,3,9,0,0,20
2025-02-17 10:00:00,20,9,12,23,4,12,19,3,2,11,3,1,3,8,3,0,3,3,0,3.159,1.707,5,3,10,0,0,18
2025-02-17 11:00:00,18,3,13,24,5,14,20,2,2,8,4,2,2,7,2,0,2,4,1,3.001,1.753,4,2,11,0,0,19
2025-02-17 12:00:00,19,4,16,24,3,12,21,3,2,7,6,1,3,5,2,1,2,5,1,3.318,2.323,3,2,12,0,0,17
2025-02-17 13:00:00,17,4,11,23,6,14,26,4,2,6,5,0,2,5,2,2,1,4,1,2.963,2.222,3,1,13,0,0,23
2025-02-17 14:00:00,23,8,16,29,2,11,25,3,3,8,9,0,2,7,3,3,3,4,1,2.475,1.252,7,1,14,0,0,31
2025-02-17 15:00:00,31,12,24,40,4,12,24,3,6,11,10,1,2,10,3,4,7,4,1,2.155,1.6,5,1,15,0,0,33
2025-02-17 16:00:00,33,6,26,37,4,10,24,4,8,12,8,1,3,7,4,4,7,6,2,2.562,1.87,5,1,16,0,0,31
2025-02-17 17:00:00,31,3,21,37,5,13,24,4,8,12,7,0,4,7,3,4,7,5,1,3.113,2.571,7,1,17,0,0,35
2025-02-17 18:00:00,35,9,18,42,5,14,26,5,9,13,6,2,2,7,6,4,7,7,2,3.277,3.023,10,3,18,0,0,36
2025-02-17 19:00:00,36,5,17,43,4,14,24,4,8,14,7,3,3,6,6,4,7,8,2,3.382,3.378,14,1,19,0,0,29
2025-02-17 20:00:00,29,4,18,39,11,20,33,3,7,11,4,4,3,3,6,5,5,6,1,3.228,2.952,11,0,20,0,0,25
2025-02-17 21:00:00,25,4,13,31,8,23,37,3,6,11,5,0,3,3,4,6,5,3,1,3.795,3.923,12,1,21,0,0,26
2025-02-17 22:00:00,26,4,12,29,3,22,36,3,6,11,5,1,4,4,4,5,4,4,1,3.994,3.592,12,1,22,0,0,25
2025-02-17 23:00:00,25,4,12,30,5,16,36,3,5,9,7,1,4,4,4,5,4,3,1,3.74,3.8,11,3,23,0,0,22
2025-02-18 00:00:00,22,6,14,27,9,17,40,3,5,7,5,2,3,5,4,5,2,3,0,3.479,2.338,8,2,0,1,0,20
2025-02-18 01:00:00,20,2,12,24,4,18,40,2,5,7,5,1,1,6,4,3,2,4,0,3.646,2.394,7,2,1,1,0,17
2025-02-18 02:00:00,17,1,9,21,4,17,33,3,5,6,3,0,2,6,2,3,2,2,0,4.655,3.236,7,3,2,1,0,18
2025-02-18 03:00:00,18,5,8,22,4,12,29,3,4,9,1,1,3,4,3,4,1,2,1,4.605,3.3,7,4,3,1,0,18
2025-02-18 04:00:00,18,6,12,24,6,14,32,2,6,7,1,2,3,5,3,3,1,1,2,3.25,1.804,6,3,4,1,0,20
2025-02-18 05:00:00,20,5,16,25,3,13,30,2,5,8,3,2,2,5,2,5,2,1,3,2.667,1.859,5,1,5,1,0,24
2025-02-18 06:00:00,24,7,18,26,3,12,24,1,6,9,6,2,5,4,2,4,3,2,4,2.103,1.926,3,0,6,1,0,26
2025-02-18 07:00:00,26,5,17,29,3,9,23,1,7,9,6,3,5,5,4,3,4,2,3,2.587,2.118,6,0,7,1,0,26
2025-02-18 08:00:00,26,4,16,32,4,10,23,1,9,10,4,2,5,6,3,3,5,2,2,3.208,2.539,8,1,8,1,0,24
2025-02-18 09:00:00,24,5,14,32,7,14,26,2,9,10,2,1,4,7,3,2,5,2,1,3.431,2.9,7,2,9,1,0,23
2025-02-18 10:00:00,23,2,11,28,3,14,23,2,9,10,1,1,4,8,3,1,5,1,1,3.966,3.444,9,3,10,1,0,27
2025-02-18 11:00:00,27,6,13,29,2,12,22,2,10,12,2,1,5,7,3,2,5,4,1,3.677,3.324,10,3,11,1,0,28
2025-02-18 12:00:00,28,6,14,28,5,10,24,1,9,12,4,2,4,9,1,3,6,4,1,3.249,2.924,9,2,12,1,0,26
2025-02-18 13:00:00,26,4,16,27,6,13,27,1,8,10,6,1,4,7,1,4,5,5,0,3.345,2.916,9,1,13,1,0,26
2025-02-18 14:00:00,26,4,14,27,4,15,27,1,7,9,7,2,4,6,2,4,6,4,0,3.231,2.849,8,1,14,1,0,26
2025-02-18 15:00:00,26,6,14,28,6,16,26,0,5,8,9,4,4,6,2,3,6,4,1,2.902,2.687,6,1,15,1,0,30
2025-02-18 16:00:00,30,8,18,34,4,14,27,0,7,9,11,3,5,5,2,3,6,7,2,2.902,2.237,9,1,16,1,0,30
2025-02-18 17:00:00,30,10,24,38,10,20,35,1,8,9,9,3,3,6,1,3,4,8,5,2.365,1.749,7,0,17,1,0,27
2025-02-18 18:00:00,27,4,22,36,7,21,37,1,8,9,8,1,3,6,2,2,4,5,5,2.861,2.123,8,1,18,1,0,29
2025-02-18 19:00:00,29,7,21,39,5,22,36,3,8,9,8,1,4,7,3,2,2,5,6,2.952,2.395,7,1,19,1,0,34
2025-02-18 20:00:00,34,9,20,44,4,16,36,4,8,13,8,1,3,8,5,3,3,6,6,2.694,2.24,8,1,20,1,0,27
2025-02-18 21:00:00,27,2,18,40,9,18,39,4,8,9,6,0,4,6,4,3,2,6,2,3.011,2.524,8,0,21,1,0,31
2025-02-18 22:00:00,31,8,19,40,4,17,39,4,8,12,6,1,6,6,2,3,3,6,5,2.954,2.883,8,2,22,1,0,28
2025-02-18 23:00:00,28,3,13,33,6,19,35,3,7,13,4,1,5,5,1,4,3,5,5,3.433,3.44,9,2,23,1,0,25
2025-02-19 00:00:00,25,4,15,33,7,17,35,2,5,13,3,2,4,3,1,3,2,5,7,3.419,2.636,10,1,0,2,0,23
2025-02-19 01:00:00,23,5,12,31,7,20,37,1,4,11,5,2,5,2,2,2,1,5,6,2.87,2.663,5,0,1,2,0,17
2025-02-19 02:00:00,17,1,10,23,7,21,40,0,2,8,6,1,5,2,2,2,0,2,4,3.127,2.177,6,0,2,2,0,11
2025-02-19 03:00:00,11,2,8,23,8,22,39,0,2,5,3,1,1,2,3,2,1,1,1,3.285,2.835,3,0,3,2,0,11
2025-02-19 04:00:00,11,2,5,17,2,17,37,0,3,4,3,1,0,2,4,2,1,2,0,3.762,3.835,4,1,4,2,0,11
2025-02-19 05:00:00,11,3,7,17,3,13,34,0,3,3,5,0,0,1,5,1,2,2,0,3.231,2.243,5,1,5,2,0,13
2025-02-19 06:00:00,13,3,8,16,1,6,28,0,3,4,6,0,0,3,4,2,2,2,0,3.408,2.083,5,1,6,2,0,15
2025-02-19 07:00:00,15,4,10,15,2,6,23,0,3,5,5,2,0,5,5,2,2,0,1,2.826,2.029,4,0,7,2,0,17
2025-02-19 08:00:00,17,4,11,18,2,5,18,0,2,8,5,2,2,5,5,1,2,1,1,2.816,2.159,3,1,8,2,0,13
2025-02-19 09:00:00,13,4,12,20,8,12,18,0,0,8,4,1,2,4,2,1,0,2,2,1.917,1.991,1,0,9,2,0,17
2025-02-19 10:00:00,17,5,13,23,1,11,17,0,1,9,5,2,2,4,3,2,1,3,2,2.073,1.928,3,0,10,2,0,15
2025-02-19 11:00:00,15,2,11,22,4,13,18,0,1,8,5,1,2,3,3,2,1,3,1,2.379,2.307,2,0,11,2,0,12
2025-02-19 12:00:00,12,1,8,20,4,9,21,0,1,5,6,0,0,3,3,2,0,3,1,2.891,2.367,2,0,12,2,0,14
2025-02-19 13:00:00,14,4,7,20,2,10,21,0,4,6,4,0,1,2,3,2,1,3,2,2.945,3.23,4,0,13,2,0,16
2025-02-19 14:00:00,16,4,9,20,2,8,21,0,5,6,5,0,2,2,2,3,3,2,2,2.984,2.222,7,1,14,2,0,17
2025-02-19 15:00:00,17,5,13,21,4,8,17,0,8,5,3,1,2,1,1,2,6,2,3,2.543,1.803,4,0,15,2,0,24
2025-02-19 16:00:00,24,9,18,25,2,8,18,0,9,11,3,1,4,1,3,2,6,3,5,2.324,1.833,3,1,16,2,0,25
2025-02-19 17:00:00,25,8,22,31,7,13,21,0,8,11,6,0,5,3,2,2,4,4,5,1.976,1.521,3,0,17,2,0,35
2025-02-19 18:00:00,35,11,28,41,1,10,18,0,12,13,9,1,6,5,3,2,6,6,7,2.149,1.718,5,1,18,2,0,35
2025-02-19 19:00:00,35,5,24,42,5,13,21,0,10,14,9,2,6,5,2,2,6,8,6,2.787,2.128,7,1,19,2,0,31
2025-02-19 20:00:00,31,6,22,44,10,16,29,0,11,12,6,2,3,4,4,1,4,10,5,2.907,2.832,8,0,20,2,0,30
2025-02-19 21:00:00,30,3,14,42,4,19,29,0,10,9,8,3,4,3,4,1,3,10,5,3.42,3.067,10,2,21,2,0,32
2025-02-19 22:00:00,32,7,16,40,5,19,32,0,10,9,11,2,5,5,1,3,3,9,6,3.642,3.579,14,3,22,2,0,29
2025-02-19 23:00:00,29,6,16,38,9,18,34,0,12,10,7,0,6,6,1,3,3,6,4,3.771,3.188,12,3,23,2,0,25
2025-02-20 00:00:00,25,3,16,30,7,21,40,0,11,10,4,0,4,7,1,3,3,3,4,4.153,2.383,11,5,0,3,0,25
2025-02-20 01:00:00,25,2,11,27,2,18,37,0,10,11,4,0,4,6,2,3,3,3,4,4.612,3.262,10,4,1,3,0,19
2025-02-20 02:00:00,19,0,5,21,6,15,33,0,9,7,3,0,4,4,2,2,3,0,4,5.408,4.089,10,5,2,3,0,17
2025-02-20 03:00:00,17,3,5,21,5,13,34,0,8,5,3,1,2,4,2,2,4,0,3,4.964,4.404,12,3,3,3,0,14
2025-02-20 04:00:00,14,3,6,17,6,17,35,0,6,5,2,1,2,4,2,1,2,0,3,3.542,4.135,7,1,4,3,0,8
2025-02-20 05:00:00,8,0,6,11,6,17,32,0,4,2,2,0,2,2,1,0,1,0,2,3.306,2.106,3,0,5,3,0,6
2025-02-20 06:00:00,6,2,5,10,4,16,29,1,2,2,1,0,2,0,2,0,1,0,1,2.53,2.285,1,0,6,3,0,8
2025-02-20 07:00:00,8,5,7,13,3,13,30,2,2,4,0,0,2,0,2,2,1,0,1,1.332,0.86,0,0,7,3,0,9
2025-02-20 08:00:00,9,2,9,15,1,8,25,2,2,4,1,0,1,1,2,2,1,0,2,1.65,1.767,1,0,8,3,0,14
2025-02-20 09:00:00,14,5,12,17,0,4,20,3,4,6,1,0,2,2,3,2,2,1,2,1.839,1.769,1,0,9,3,0,21
2025-02-20 10:00:00,21,10,17,24,3,4,17,2,5,10,3,1,3,5,2,3,1,2,5,1.586,1.102,1,0,10,3,0,21
2025-02-20 11:00:00,21,4,19,28,4,7,15,1,6,11,2,1,4,8,1,3,1,1,3,1.941,1.574,3,0,11,3,0,26
2025-02-20 12:00:00,26,6,20,32,1,8,12,1,6,12,6,1,5,9,2,4,1,3,2,2.351,2.17,3,1,12,3,0,27
2025-02-20 13:00:00,27,6,16,33,5,10,14,0,8,13,5,1,6,8,2,6,1,3,1,2.647,2.66,5,1,13,3,0,27
2025-02-20 14:00:00,27,5,17,36,5,11,18,0,9,13,4,1,5,7,3,5,2,5,0,2.881,2.404,10,0,14,3,0,28
2025-02-20 15:00:00,28,5,16,36,4,14,22,0,10,14,3,1,7,6,2,4,2,5,2,3.139,2.818,10,1,15,3,0,30
2025-02-20 16:00:00,30,6,16,32,4,13,23,0,11,13,5,1,8,7,2,3,1,6,3,3.234,2.319,11,1,16,3,0,35
2025-02-20 17:00:00,35,9,20,37,4,12,23,0,14,13,7,1,7,10,3,5,1,5,4,3.277,2.751,11,2,17,3,0,28
2025-02-20 18:00:00,28,4,19,35,11,19,33,0,14,7,7,0,4,8,4,4,1,4,3,3.192,2.535,9,2,18,3,0,33
2025-02-20 19:00:00,33,6,19,35,1,16,29,0,15,8,9,1,6,9,5,4,2,5,2,3.579,2.876,12,4,19,3,0,28
2025-02-20 20:00:00,28,2,12,32,7,19,31,0,13,5,9,1,4,9,4,4,1,5,1,4.183,3.329,10,4,20,3,0,23
2025-02-20 21:00:00,23,5,13,32,10,18,37,0,9,4,9,1,4,5,4,2,2,3,3,3.931,3.972,11,2,21,3,0,18
2025-02-20 22:00:00,18,4,11,30,9,26,42,1,6,5,5,1,2,3,4,1,2,3,3,3.842,2.725,7,2,22,3,0,20
2025-02-20 23:00:00,20,8,17,29,6,25,44,1,1,8,9,1,2,2,3,2,5,3,3,2.41,1.546,4,1,23,3,0,18
2025-02-21 00:00:00,18,2,14,27,4,19,37,1,1,9,6,1,1,3,3,2,5,1,3,2.902,2.043,2,1,0,4,0,16
2025-02-21 01:00:00,16,1,11,22,3,13,39,1,1,10,3,1,0,4,2,2,4,1,3,3.791,2.682,4,2,1,4,0,13
2025-02-21 02:00:00,13,3,6,23,6,13,38,1,1,9,2,0,0,4,3,1,2,1,2,4.064,3.46,4,2,2,4,0,15
2025-02-21 03:00:00,15,4,8,22,2,11,30,1,2,9,3,0,0,3,4,3,1,2,2,3.561,2.772,6,1,3,4,0,12
2025-02-21 04:00:00,12,2,9,20,5,13,26,1,1,7,3,0,1,2,3,3,0,2,1,2.843,2.165,3,0,4,4,0,13
2025-02-21 05:00:00,13,3,9,15,2,9,22,1,2,7,3,0,2,2,3,3,0,3,0,2.571,2.452,2,0,5,4,0,16
2025-02-21 06:00:00,16,4,9,17,1,8,19,1,4,8,2,1,3,2,3,3,0,4,1,2.772,2.567,4,1,6,4,0,17
2025-02-21 07:00:00,17,8,15,24,7,10,23,1,4,4,5,3,5,1,1,4,1,3,2,1.674,1.067,2,1,7,4,0,19
2025-02-21 08:00:00,19,4,16,25,2,10,19,0,5,5,6,3,4,2,2,3,2,4,2,1.758,1.386,2,0,8,4,0,20
2025-02-21 09:00:00,20,6,18,27,5,14,22,0,4,5,10,1,4,2,2,2,3,5,2,1.818,1.863,1,0,9,4,0,22
2025-02-21 10:00:00,22,2,12,27,0,7,17,0,5,6,10,1,4,3,2,2,3,6,2,2.636,2.637,4,0,10,4,0,19
2025-02-21 11:00:00,19,3,11,27,6,11,21,0,8,6,4,1,4,3,2,1,3,6,0,3.062,3.032,6,0,11,4,0,20
2025-02-21 12:00:00,20,8,13,31,7,13,27,0,7,7,6,0,4,4,2,1,3,3,3,2.313,1.438,5,0,12,4,0,22
2025-02-21 13:00:00,22,4,15,27,2,15,22,0,7,7,8,0,4,5,3,2,1,4,3,2.615,1.883,6,0,13,4,0,22
2025-02-21 14:00:00,22,4,16,27,4,13,24,0,7,9,6,0,4,4,2,2,1,6,3,3.154,2.644,6,1,14,4,0,18
2025-02-21 15:00:00,18,3,11,24,7,13,26,0,5,8,4,1,3,3,2,1,0,6,3,3.151,2.545,5,0,15,4,0,21
2025-02-21 16:00:00,21,6,13,28,3,14,29,1,5,9,5,1,2,2,3,1,2,8,3,2.76,2.569,5,2,16,4,0,30
2025-02-21 17:00:00,30,12,21,37,3,13,26,1,7,10,10,2,4,2,2,3,3,14,2,2.227,1.495,7,1,17,4,0,31
2025-02-21 18:00:00,31,7,25,36,6,12,25,1,8,11,9,2,5,3,2,2,4,13,2,2.278,1.498,5,1,18,4,0,26
2025-02-21 19:00:00,26,2,21,34,7,16,30,1,8,10,6,1,5,3,3,2,2,9,2,2.748,2.211,5,1,19,4,0,28
2025-02-21 20:00:00,28,6,15,36,4,17,30,1,7,13,6,1,5,3,5,1,2,8,4,2.893,2.739,6,0,20,4,0,25
2025-02-21 21:00:00,25,5,13,38,8,19,31,1,4,14,6,0,4,2,4,1,3,7,4,3.338,3.014,10,2,21,4,0,29
2025-02-21 22:00:00,29,5,16,37,1,13,29,1,4,14,8,2,5,2,5,1,4,8,4,3.482,2.64,12,2,22,4,0,32
2025-02-21 23:00:00,32,7,17,32,4,13,30,1,4,15,9,3,4,4,6,1,5,9,3,3.604,2.921,11,3,23,4,0,30
2025-02-22 00:00:00,30,3,15,28,5,10,29,1,4,14,9,2,4,3,6,2,4,9,2,4.198,3.522,13,5,0,5,1,26
2025-02-22 01:00:00,26,4,14,30,8,17,30,1,5,13,6,1,4,4,4,1,5,7,1,4.43,3.417,12,6,1,5,1,19
2025-02-22 02:00:00,19,2,9,26,9,22,35,1,3,11,3,1,2,6,3,1,3,4,0,4.285,3.497,8,3,2,5,1,20
2025-02-22 03:00:00,20,6,12,27,5,22,32,1,4,9,4,2,2,8,4,0,2,4,0,3.247,2.587,6,2,3,5,1,18
2025-02-22 04:00:00,18,4,12,26,6,20,37,1,3,10,3,1,3,6,3,0,3,3,0,3.114,2.246,4,1,4,5,1,16
2025-02-22 05:00:00,16,7,17,26,9,20,42,0,3,12,0,1,2,4,2,0,2,4,2,1.986,1.185,3,1,5,5,1,12
2025-02-22 06:00:00,12,0,11,23,4,19,41,0,3,9,0,0,1,3,1,0,1,4,2,2.247,1.942,1,0,6,5,1,11
2025-02-22 07:00:00,11,2,9,21,3,16,36,0,3,7,0,1,2,3,0,0,1,4,1,2.87,2.715,2,0,7,5,1,13
2025-02-22 08:00:00,13,4,6,23,2,9,29,0,2,8,2,1,2,3,0,0,2,5,1,2.723,3.02,4,0,8,5,1,17
2025-02-22 09:00:00,17,6,12,23,2,7,26,0,4,8,3,2,3,5,0,1,2,4,2,2.538,1.501,6,1,9,5,1,16
2025-02-22 10:00:00,16,3,13,22,4,8,24,0,4,6,3,3,3,5,0,1,2,4,1,2.59,1.388,3,1,10,5,1,23
2025-02-22 11:00:00,23,10,19,25,3,9,18,0,5,10,6,2,4,7,2,1,3,5,1,2.329,1.598,3,1,11,5,1,31
2025-02-22 12:00:00,31,10,23,35,2,9,16,0,8,11,9,3,9,9,3,1,2,7,0,2.355,1.611,4,3,12,5,1,29
2025-02-22 13:00:00,29,5,25,38,7,12,20,0,8,10,9,2,7,8,3,2,3,5,1,2.72,2.041,5,2,13,5,1,29
2025-02-22 14:00:00,29,5,20,39,5,14,23,0,8,11,7,3,8,6,5,3,2,4,1,2.95,2.359,4,1,14,5,1,32
2025-02-22 15:00:00,32,10,20,43,7,19,28,1,10,13,6,2,7,7,7,4,3,4,0,2.811,2.541,8,1,15,5,1,39
2025-02-22 16:00:00,39,12,27,52,5,17,29,1,10,16,11,1,8,7,6,7,5,5,1,2.655,1.574,10,1,16,5,1,45
2025-02-22 17:00:00,45,12,34,54,6,18,32,1,11,19,12,2,8,7,8,8,5,7,2,2.74,1.782,10,2,17,5,1,48
2025-02-22 18:00:00,48,15,39,59,12,23,42,0,10,24,13,1,8,7,7,11,7,4,4,2.392,1.925,7,1,18,5,1,46
2025-02-22 19:00:00,46,3,30,57,5,23,40,0,9,20,16,1,8,6,6,9,7,6,4,3.067,2.545,12,2,19,5,1,44
2025-02-22 20:00:00,44,9,27,61,11,28,46,2,9,18,13,2,5,5,6,9,7,8,4,3.227,2.859,13,2,20,5,1,42
2025-02-22 21:00:00,42,8,20,59,10,26,49,2,9,20,9,2,8,5,4,5,7,9,4,3.263,3.143,12,3,21,5,1,34
2025-02-22 22:00:00,34,5,22,52,13,34,57,2,7,17,5,3,7,5,1,5,7,7,2,3.091,2.488,12,2,22,5,1,30
2025-02-22 23:00:00,30,3,16,43,7,30,58,2,8,14,4,2,6,4,1,6,5,5,3,3.606,2.908,8,2,23,5,1,29
2025-02-23 00:00:00,29,3,11,31,4,24,50,2,7,15,4,1,7,4,1,5,5,4,3,4.13,3.548,13,2,0,6,1,22
2025-02-23 01:00:00,22,1,7,29,8,19,53,1,6,11,4,0,6,3,0,5,3,3,2,4.736,4.106,12,2,1,6,1,18
2025-02-23 02:00:00,18,3,7,23,7,19,49,1,5,8,4,0,3,2,1,5,2,2,3,4.83,3.998,9,3,2,6,1,22
2025-02-23 03:00:00,22,7,11,22,3,18,42,1,2,13,6,0,3,3,2,6,2,2,4,3.641,3.091,8,2,3,6,1,20
2025-02-23 04:00:00,20,3,13,20,5,15,34,1,1,14,4,0,3,3,2,7,1,1,3,3.973,2.253,8,5,4,6,1,14
2025-02-23 05:00:00,14,1,11,18,7,15,34,0,0,10,4,0,4,1,1,5,1,0,2,2.71,2.191,3,0,5,6,1,16
2025-02-23 06:00:00,16,4,8,19,2,14,32,0,1,12,3,0,4,1,3,4,2,0,2,2.785,2.833,2,0,6,6,1,13
2025-02-23 07:00:00,13,1,6,19,4,13,28,0,1,8,4,0,3,1,3,2,2,0,2,2.894,3.03,4,0,7,6,1,11
2025-02-23 08:00:00,11,2,7,18,4,10,25,0,2,8,1,0,1,2,2,2,2,0,2,3.28,2.888,5,0,8,6,1,15
2025-02-23 09:00:00,15,5,8,16,1,9,23,0,2,10,2,1,2,2,1,2,3,1,4,2.836,2.88,4,0,9,6,1,15
2025-02-23 10:00:00,15,3,10,16,3,8,21,0,2,10,2,1,2,3,1,2,3,1,3,2.932,1.972,5,0,10,6,1,19
2025-02-23 11:00:00,19,8,16,23,4,8,18,0,1,14,4,0,4,6,1,2,2,1,3,2.557,1.544,4,1,11,6,1,23
2025-02-23 12:00:00,23,7,18,26,3,10,19,0,2,15,4,2,6,5,1,2,3,1,5,2.377,1.75,3,2,12,6,1,24
2025-02-23 13:00:00,24,9,24,34,8,15,23,1,3,12,5,3,7,5,1,3,4,2,2,2.11,1.274,2,2,13,6,1,26
2025-02-23 14:00:00,26,4,20,36,2,13,21,1,3,12,7,3,7,6,2,2,4,2,3,2.346,1.999,2,1,14,6,1,23
2025-02-23 15:00:00,23,3,16,34,6,16,26,2,3,11,5,2,6,5,2,2,4,1,3,2.983,2.905,4,1,15,6,1,22
2025-02-23 16:00:00,22,5,12,36,6,14,29,2,4,12,4,0,8,3,2,2,5,1,1,3.215,3.061,6,1,16,6,1,25
2025-02-23 17:00:00,25,6,14,34,3,15,28,2,4,11,6,2,9,3,1,1,8,1,2,3.247,2.566,9,1,17,6,1,23
2025-02-23 18:00:00,23,0,11,27,2,11,27,2,4,10,5,2,9,3,0,1,8,1,1,4.307,3.566,10,1,18,6,1,28
2025-02-23 19:00:00,28,8,14,26,3,8,22,2,6,11,8,1,8,3,2,2,9,4,0,3.995,3.065,11,3,19,6,1,20
2025-02-23 20:00:00,20,1,9,23,9,14,29,1,4,8,6,1,6,3,2,1,3,5,0,3.957,3.581,9,3,20,6,1,20
2025-02-23 21:00:00,20,5,14,25,5,17,28,1,6,7,4,2,7,3,2,1,1,4,2,3.932,2.607,8,4,21,6,1,15
2025-02-23 22:00:00,15,4,10,24,9,23,31,1,4,4,3,3,3,2,3,0,2,2,3,2.73,1.507,2,2,22,6,1,13
2025-02-23 23:00:00,13,3,12,21,5,19,33,1,3,3,5,1,3,2,3,0,2,0,3,2.384,1.751,2,1,23,6,1,11
2025-02-24 00:00:00,11,2,9,23,4,18,35,1,2,4,4,0,2,2,2,0,3,0,2,2.29,2.076,1,0,0,0,0,11
2025-02-24 01:00:00,11,5,10,20,5,14,37,0,4,6,1,0,1,4,0,2,2,0,2,1.675,1.458,1,0,1,0,0,10
2025-02-24 02:00:00,10,1,8,20,2,11,30,0,3,6,1,0,0,4,1,2,2,0,1,2.097,1.583,1,0,2,0,0,12
2025-02-24 03:00:00,12,4,10,19,2,9,27,0,3,8,1,0,1,4,0,2,1,2,2,2.186,2.386,1,0,3,0,0,13
2025-02-24 04:00:00,13,2,7,17,1,5,19,0,2,8,2,1,2,4,0,1,1,3,2,2.799,3.146,3,0,4,0,0,15
2025-02-24 05:00:00,15,5,11,19,3,6,17,0,3,8,3,1,2,3,1,1,4,2,2,2.568,2.317,5,0,5,0,0,15
2025-02-24 06:00:00,15,3,10,20,3,7,16,0,5,6,4,0,2,3,1,1,4,1,3,2.986,1.932,5,0,6,0,0,13
2025-02-24 07:00:00,13,2,10,17,4,10,15,0,5,4,4,0,1,1,2,1,3,1,4,2.714,2.355,3,0,7,0,0,13
2025-02-24 08:00:00,13,2,7,18,2,9,15,0,6,5,2,0,1,1,2,1,2,3,3,3.373,3.341,3,0,8,0,0,11
2025-02-24 09:00:00,11,2,6,16,4,10,17,0,5,5,1,0,2,0,0,1,3,3,2,3.114,3.169,4,0,9,0,0,13
2025-02-24 10:00:00,13,5,9,19,3,9,19,0,5,6,1,1,3,0,0,0,4,4,2,2.708,1.823,5,0,10,0,0,16
2025-02-24 11:00:00,16,4,11,18,1,8,17,0,5,10,0,1,3,1,1,1,5,4,1,2.529,1.649,4,0,11,0,0,14
2025-02-24 12:00:00,14,1,10,16,3,7,17,0,4,10,0,0,3,1,1,1,5,3,0,3.515,3.087,5,0,12,0,0,14
2025-02-24 13:00:00,14,4,9,18,4,8,17,0,4,10,0,0,3,2,2,1,4,2,0,2.994,2.189,4,1,13,0,0,21
2025-02-24 14:00:00,21,8,13,24,1,8,16,0,4,12,3,2,5,4,2,2,4,3,1,2.727,1.801,5,2,14,0,0,26
2025-02-24 15:00:00,26,8,20,30,3,8,15,1,7,10,5,3,6,4,3,1,4,7,1,2.604,1.537,6,2,15,0,0,27
2025-02-24 16:00:00,27,6,22,31,5,9,17,1,9,9,4,4,4,4,3,2,5,8,1,2.853,1.941,5,2,16,0,0,25
2025-02-24 17:00:00,25,8,22,35,10,18,26,1,8,9,6,1,2,6,2,2,4,7,2,1.964,1.935,3,0,17,0,0,28
2025-02-24 18:00:00,28,6,20,40,3,18,26,1,9,13,5,0,4,7,2,4,2,6,3,2.288,2.017,4,0,18,0,0,25
2025-02-24 19:00:00,25,3,17,39,6,19,28,1,7,12,5,0,4,3,1,4,3,6,4,2.698,2.25,6,0,19,0,0,22
2025-02-24 20:00:00,22,4,13,35,7,16,34,1,4,13,4,0,3,2,2,3,4,4,4,2.831,2.806,5,0,20,0,0,25
2025-02-24 21:00:00,25,6,13,33,3,16,34,1,4,13,6,1,1,2,4,4,4,5,5,2.919,3.155,8,0,21,0,0,22
2025-02-24 22:00:00,22,2,12,29,5,15,34,0,5,11,6,0,0,2,3,3,5,5,4,3.405,2.906,9,0,22,0,0,25
2025-02-24 23:00:00,25,7,15,28,4,12,28,0,4,14,6,1,2,2,3,2,5,5,6,3.126,2.842,8,1,23,0,0,21
2025-02-25 00:00:00,21,2,11,24,6,15,31,0,4,11,3,3,2,2,1,1,5,5,5,3.485,2.505,7,2,0,1,0,18
2025-02-25 01:00:00,18,1,10,22,4,14,29,0,4,8,4,2,2,1,1,1,4,4,5,3.749,3.088,7,1,1,1,0,18
2025-02-25 02:00:00,18,6,9,24,6,16,28,0,1,9,6,2,4,2,1,1,2,3,5,3.258,2.952,6,0,2,1,0,18
2025-02-25 03:00:00,18,3,10,21,3,13,28,0,1,11,5,1,6,2,1,1,1,3,4,3.299,2.219,7,1,3,1,0,13
2025-02-25 04:00:00,13,1,10,20,6,15,29,0,0,8,4,1,7,2,1,0,1,1,1,2.837,2.579,3,0,4,1,0,8
2025-02-25 05:00:00,8,0,4,13,5,14,30,0,0,6,2,0,5,1,1,0,0,1,0,3.512,3.55,1,0,5,1,0,8
2025-02-25 06:00:00,8,3,4,14,3,14,27,1,0,4,3,0,2,1,1,2,1,1,0,2.689,3.213,2,0,6,1,0,10
2025-02-25 07:00:00,10,3,6,16,1,9,24,2,0,4,3,1,3,1,1,2,2,1,0,2.556,1.716,3,0,7,1,0,10
2025-02-25 08:00:00,10,3,9,13,3,7,21,2,1,4,3,0,1,1,2,2,3,1,0,2.571,2.201,2,0,8,1,0,9
2025-02-25 09:00:00,9,2,8,12,3,7,21,2,1,4,2,0,1,1,2,1,2,0,2,2.447,1.994,1,0,9,1,0,14
2025-02-25 10:00:00,14,6,11,17,1,7,16,2,2,6,3,1,2,2,3,2,2,0,3,1.907,1.568,1,0,10,1,0,12
2025-02-25 11:00:00,12,5,13,22,7,11,18,0,2,6,3,1,1,4,3,1,0,2,1,1.131,1.218,0,0,11,1,0,25
2025-02-25 12:00:00,25,15,26,34,2,10,17,0,6,12,6,1,1,8,3,5,1,2,5,1.113,0.799,1,0,12,1,0,27
2025-02-25 13:00:00,27,6,26,37,4,13,20,0,7,11,7,2,1,8,2,6,2,2,6,1.503,1.343,0,0,13,1,0,34
2025-02-25 14:00:00,34,10,31,44,3,9,20,0,8,14,9,3,3,9,4,6,2,6,4,1.892,2.088,1,0,14,1,0,36
2025-02-25 15:00:00,36,5,21,47,3,10,20,0,9,12,12,3,4,9,5,6,2,7,3,2.456,2.432,4,0,15,1,0,32
2025-02-25 16:00:00,32,10,25,51,14,20,33,0,9,16,5,2,6,6,3,4,2,6,5,2.417,2.496,7,0,16,1,0,31
2025-02-25 17:00:00,31,5,20,51,6,23,32,0,9,15,4,3,5,9,2,3,2,7,3,2.761,2.395,7,0,17,1,0,30
2025-02-25 18:00:00,30,9,24,45,10,30,40,0,8,13,5,4,5,7,3,2,1,8,4,2.345,2.321,7,0,18,1,0,26
2025-02-25 19:00:00,26,2,16,41,6,22,42,0,9,10,3,4,3,8,3,2,0,6,4,2.94,2.762,6,0,19,1,0,30
2025-02-25 20:00:00,30,9,20,40,5,21,44,0,9,13,5,3,3,7,3,3,4,7,3,2.833,2.669,10,0,20,1,0,32
2025-02-25 21:00:00,32,6,17,41,4,15,45,0,9,11,8,4,2,8,4,4,4,8,2,3.021,2.594,11,0,21,1,0,35
2025-02-25 22:00:00,35,10,25,41,7,16,38,0,9,13,7,6,3,8,4,3,5,9,3,2.792,2.029,9,1,22,1,0,35
2025-02-25 23:00:00,35,4,20,40,4,15,36,0,9,15,6,5,4,7,5,3,5,8,3,3.431,2.856,10,2,23,1,0,30
2025-02-26 00:00:00,30,3,17,34,8,19,34,1,9,12,4,4,5,7,4,2,4,5,3,3.808,2.885,9,3,0,2,0,26
2025-02-26 01:00:00,26,3,10,35,7,19,35,1,7,11,5,2,6,6,3,1,4,3,3,3.574,3.672,6,3,1,2,0,24
2025-02-26 02:00:00,24,1,7,27,3,18,33,1,5,10,6,2,6,5,3,1,3,2,4,3.896,4.073,13,1,2,2,0,26
2025-02-26 03:00:00,26,6,10,27,4,14,33,1,5,10,10,0,6,6,4,1,2,4,3,3.8,3.879,13,1,3,2,0,28
2025-02-26 04:00:00,28,2,9,19,0,7,26,1,6,11,10,0,6,7,5,1,2,4,3,4.518,4.432,16,1,4,2,0,25
2025-02-26 05:00:00,25,2,10,17,5,9,27,1,7,10,7,0,4,5,5,1,2,5,3,5.076,5.161,16,2,5,2,0,22
2025-02-26 06:00:00,22,3,7,17,6,11,25,1,9,7,5,0,3,5,5,3,2,2,2,5.701,6.221,14,6,6,2,0,22
2025-02-26 07:00:00,22,4,9,18,4,15,22,1,10,7,4,0,3,4,7,3,1,2,2,5.236,4.509,12,6,7,2,0,19
2025-02-26 08:00:00,19,4,11,21,7,17,26,1,7,6,4,1,2,5,5,3,1,1,2,4.831,2.679,9,7,8,2,0,16
2025-02-26 09:00:00,16,2,10,17,5,16,27,1,5,8,1,1,2,5,4,2,1,1,1,5.682,4.034,8,7,9,2,0,17
2025-02-26 10:00:00,17,4,10,19,3,15,30,2,6,6,2,1,1,5,4,4,1,2,0,5.924,2.614,8,7,10,2,0,17
2025-02-26 11:00:00,17,7,13,24,7,15,32,2,4,8,2,1,1,2,6,4,1,3,0,3.806,1.291,4,4,11,2,0,23
2025-02-26 12:00:00,23,9,20,30,3,13,29,1,5,11,5,1,3,2,8,4,1,3,2,2.91,1.299,3,3,12,2,0,22
2025-02-26 13:00:00,22,1,17,27,2,12,27,1,4,12,5,0,3,2,6,5,1,3,2,3.232,2.089,2,2,13,2,0,22
2025-02-26 14:00:00,22,4,14,27,4,9,24,1,3,11,7,0,2,4,5,6,0,3,2,2.628,2.839,4,0,14,2,0,23
2025-02-26 15:00:00,23,6,11,31,5,11,24,0,5,11,6,1,3,3,3,7,1,4,2,2.669,3.267,5,0,15,2,0,18
2025-02-26 16:00:00,18,1,11,28,6,15,27,0,5,8,4,1,3,2,3,5,1,3,1,3.004,2.362,7,0,16,2,0,19
2025-02-26 17:00:00,19,7,14,28,6,17,26,0,6,10,2,1,3,5,2,4,2,3,0,2.24,2.06,2,0,17,2,0,22
2025-02-26 18:00:00,22,5,13,24,2,14,25,0,8,13,0,1,4,4,3,4,2,4,1,2.532,1.737,4,1,18,2,0,26
2025-02-26 19:00:00,26,8,20,31,4,12,27,0,9,17,0,0,6,6,4,4,1,4,1,2.465,1.979,6,1,19,2,0,23
2025-02-26 20:00:00,23,4,17,31,7,13,30,0,7,14,0,2,5,6,3,3,2,4,0,2.445,1.659,3,1,20,2,0,26
2025-02-26 21:00:00,26,6,18,31,3,14,28,1,6,16,1,2,4,6,4,4,3,5,0,2.698,2.28,6,1,21,2,0,32
2025-02-26 22:00:00,32,9,19,39,3,13,25,1,7,19,2,3,5,7,6,4,3,5,2,2.862,2.32,7,1,22,2,0,31
2025-02-26 23:00:00,31,3,18,35,4,10,23,1,7,18,3,2,2,8,6,4,4,5,2,3.565,2.816,12,3,23,2,0,25
2025-02-27 00:00:00,25,2,14,32,8,15,29,1,5,15,2,2,2,6,3,4,3,5,2,3.547,3.068,8,1,0,3,0,22
2025-02-27 01:00:00,22,5,10,29,8,20,33,1,2,14,2,3,2,7,1,2,4,3,3,3.358,3.789,9,0,1,3,0,20
2025-02-27 02:00:00,20,3,10,28,5,21,31,1,2,12,3,2,2,6,0,2,5,3,2,3.733,3.734,10,0,2,3,0,14
2025-02-27 03:00:00,14,1,9,23,7,20,35,1,2,8,3,0,1,2,0,1,4,4,2,4.119,3.783,7,1,3,3,0,13
2025-02-27 04:00:00,13,1,5,15,2,14,34,0,2,7,4,0,2,2,0,0,3,4,2,4.238,3.442,5,1,4,3,0,14
2025-02-27 05:00:00,14,3,5,15,2,11,32,0,2,7,5,0,2,4,1,0,1,4,2,3.943,3.74,6,1,5,3,0,12
2025-02-27 06:00:00,12,2,6,15,4,8,28,0,1,8,2,1,0,3,1,1,1,3,3,4.536,4.642,7,4,6,3,0,14
2025-02-27 07:00:00,14,5,10,15,3,9,23,0,0,9,4,1,0,4,3,2,1,2,2,3.085,1.801,4,2,7,3,0,13
2025-02-27 08:00:00,13,3,10,15,4,11,22,0,0,11,1,1,0,5,1,2,1,3,1,3.15,1.463,2,2,8,3,0,10
2025-02-27 09:00:00,10,1,9,15,4,11,19,0,0,9,1,0,0,3,1,2,1,2,1,3.305,2.295,2,1,9,3,0,10
2025-02-27 10:00:00,10,3,7,17,3,11,20,0,0,7,1,2,0,3,1,2,1,3,0,3.18,2.761,1,1,10,3,0,18
2025-02-27 11:00:00,18,10,14,24,2,9,20,1,0,14,2,1,2,5,2,2,3,3,1,2.343,0.916,5,1,11,3,0,24
2025-02-27 12:00:00,24,8,21,30,2,7,18,2,3,14,4,1,4,6,3,2,3,4,2,2.335,1.464,4,1,12,3,0,23
2025-02-27 13:00:00,23,2,20,27,3,7,18,2,3,14,4,0,5,6,3,2,2,3,2,2.831,2.11,2,1,13,3,0,26
2025-02-27 14:00:00,26,7,17,31,4,9,18,3,5,12,6,0,6,6,3,3,3,3,2,2.29,2.662,0,0,14,3,0,30
2025-02-27 15:00:00,30,8,17,38,4,11,18,3,7,12,8,0,6,6,6,4,5,2,1,2.371,2.277,5,0,15,3,0,33
2025-02-27 16:00:00,33,10,25,45,7,15,22,2,9,13,7,2,4,8,5,4,7,3,2,2.32,1.934,9,0,16,3,0,37
2025-02-27 17:00:00,37,7,25,42,3,14,23,1,10,16,7,3,6,9,5,4,9,2,2,2.64,2.26,7,0,17,3,0,33
2025-02-27 18:00:00,33,3,20,37,7,17,28,2,8,16,4,3,4,9,4,3,8,4,1,3.161,2.909,9,0,18,3,0,26
2025-02-27 19:00:00,26,2,12,37,9,19,34,3,8,13,1,1,3,9,1,2,7,3,1,3.528,3.279,8,1,19,3,0,22
2025-02-27 20:00:00,22,2,7,32,6,22,36,3,7,11,1,0,3,9,1,2,4,2,1,3.839,3.519,10,1,20,3,0,19
2025-02-27 21:00:00,19,3,7,27,6,21,38,4,4,10,0,1,4,8,1,1,2,2,1,3.964,4.073,10,1,21,3,0,16
2025-02-27 22:00:00,16,5,10,22,8,20,39,2,4,9,0,1,3,5,1,1,2,2,2,2.9,2.199,4,1,22,3,0,16
2025-02-27 23:00:00,16,3,11,18,3,17,39,2,3,9,1,1,3,5,1,1,2,2,2,2.49,2.015,4,0,23,3,0,18
2025-02-28 00:00:00,18,2,10,17,0,11,32,2,3,10,2,1,3,5,2,1,2,2,3,3.161,2.762,5,0,0,4,0,16
2025-02-28 01:00:00,16,3,8,18,5,8,28,3,4,7,2,0,2,5,3,1,1,1,3,3.237,2.869,5,0,1,4,0,13
2025-02-28 02:00:00,13,2,7,18,5,10,27,3,3,6,1,0,2,5,3,0,0,1,2,3.197,3.172,4,0,2,4,0,12
2025-02-28 03:00:00,12,3,8,18,4,14,25,2,3,5,1,1,3,3,3,0,0,2,1,2.406,2.433,3,0,3,4,0,11
2025-02-28 04:00:00,11,3,8,16,4,13,21,1,2,4,2,2,3,2,3,0,0,2,1,2.295,1.104,2,0,4,4,0,8
2025-02-28 05:00:00,8,2,8,15,5,13,23,1,3,1,2,1,3,3,2,0,0,0,0,2.413,1.818,1,1,5,4,0,10
2025-02-28 06:00:00,10,2,7,15,0,9,23,1,4,2,2,1,4,3,3,0,0,0,0,2.804,2.421,2,1,6,4,0,8
2025-02-28 07:00:00,8,1,5,13,3,8,21,1,3,1,3,0,3,2,3,0,0,0,0,3.154,2.393,1,1,7,4,0,7
2025-02-28 08:00:00,7,1,4,12,2,5,18,1,3,1,2,0,3,2,1,0,1,0,0,3.669,2.662,2,1,8,4,0,11
2025-02-28 09:00:00,11,6,8,15,2,7,16,1,4,4,2,0,5,2,1,1,1,0,1,2.404,0.999,1,1,9,4,0,17
2025-02-28 10:00:00,17,7,14,19,1,5,13,2,5,7,3,0,4,3,3,1,3,1,2,2.065,1.399,2,1,10,4,0,20
2025-02-28 11:00:00,20,4,17,21,1,4,9,1,6,9,4,0,6,2,3,2,3,1,3,1.995,1.653,2,0,11,4,0,22
2025-02-28 12:00:00,22,6,17,25,4,6,13,2,7,7,6,0,7,3,3,3,2,1,3,2.217,2.029,1,0,12,4,0,24
2025-02-28 13:00:00,24,5,15,29,3,8,13,2,7,9,6,0,8,5,4,3,1,2,1,2.613,2.251,6,0,13,4,0,27
2025-02-28 14:00:00,27,7,18,35,4,11,15,3,7,7,9,1,6,8,5,2,0,3,3,2.804,2.344,8,1,14,4,0,26
2025-02-28 15:00:00,26,6,18,35,7,14,20,2,7,9,7,1,8,5,3,2,1,4,3,2.643,2.009,6,0,15,4,0,28
2025-02-28 16:00:00,28,7,20,35,5,16,24,3,4,12,8,1,9,6,3,2,1,3,4,2.671,2.4,8,0,16,4,0,28
2025-02-28 17:00:00,28,5,18,36,5,17,28,3,4,14,7,0,10,6,5,2,1,2,2,3.071,2.492,9,1,17,4,0,22
2025-02-28 18:00:00,22,3,15,33,9,19,33,3,5,9,3,2,5,5,4,2,3,1,2,3.061,2.442,6,1,18,4,0,25
2025-02-28 19:00:00,25,5,13,33,2,16,32,4,5,8,5,3,6,5,5,3,3,1,2,3.396,2.861,8,1,19,4,0,22
2025-02-28 20:00:00,22,3,11,29,6,17,34,4,4,6,5,3,4,7,3,2,3,1,2,3.843,3.373,9,3,20,4,0,15
2025-02-28 21:00:00,15,0,8,23,7,15,34,4,1,4,4,2,3,4,2,1,3,1,1,4.526,3.446,7,2,21,4,0,10
2025-02-28 22:00:00,10,1,4,17,6,19,35,3,0,4,2,1,1,4,0,1,2,1,1,5.437,3.388,4,3,22,4,0,11
2025-02-28 23:00:00,11,7,8,19,6,19,36,2,1,3,5,0,1,1,3,2,0,1,3,2.011,0.534,3,1,23,4,0,15
2025-03-01 00:00:00,15,5,13,21,1,13,28,1,1,7,5,1,2,0,3,4,0,2,4,1.63,1.302,2,0,0,5,1,13
2025-03-01 01:00:00,13,2,14,18,4,11,30,0,1,8,3,1,2,0,4,3,0,0,4,1.83,2.022,0,0,1,5,1,15
2025-03-01 02:00:00,15,4,11,19,2,7,26,0,1,11,2,1,2,1,3,3,1,1,4,2.273,2.208,1,0,2,5,1,16
2025-03-01 03:00:00,16,2,8,21,1,7,20,1,1,11,2,1,2,1,3,2,1,1,6,2.821,3.095,5,0,3,5,1,15
2025-03-01 04:00:00,15,3,9,23,4,7,18,1,2,8,3,1,2,2,2,2,1,2,4,2.697,2.618,5,0,4,5,1,11
2025-03-01 05:00:00,11,0,5,16,4,9,16,1,2,6,2,0,2,2,1,2,0,1,3,3.398,3.572,4,0,5,5,1,7
2025-03-01 06:00:00,7,1,4,12,5,13,20,1,1,3,2,0,2,2,0,1,0,1,1,3.065,2.607,2,0,6,5,1,10
2025-03-01 07:00:00,10,4,5,14,1,10,17,1,2,4,3,0,2,5,0,1,0,1,1,2.733,2.28,3,0,7,5,1,10
2025-03-01 08:00:00,10,3,8,13,3,9,18,1,3,3,3,0,2,5,0,0,1,1,1,2.41,1.586,3,0,8,5,1,18
2025-03-01 09:00:00,18,9,16,20,1,5,18,1,3,9,4,1,2,5,1,2,3,2,3,2.008,1.117,3,0,9,5,1,23
2025-03-01 10:00:00,23,7,19,24,2,6,16,1,6,11,4,1,2,7,4,3,2,2,3,2.064,1.493,2,1,10,5,1,25
2025-03-01 11:00:00,25,7,23,31,5,8,17,1,7,10,5,2,3,4,6,2,4,4,2,2.219,1.812,3,1,11,5,1,26
2025-03-01 12:00:00,26,3,17,33,2,9,14,1,9,8,6,2,3,5,6,2,4,4,2,2.881,2.43,4,2,12,5,1,22
2025-03-01 13:00:00,22,5,15,34,9,16,22,1,10,7,4,0,3,1,6,4,3,2,3,2.869,2.305,5,1,13,5,1,26
2025-03-01 14:00:00,26,7,15,38,3,14,22,0,10,11,5,0,6,1,5,4,3,2,5,2.805,2.662,7,1,14,5,1,27
2025-03-01 15:00:00,27,3,15,32,2,14,23,0,10,11,6,0,6,1,5,4,4,3,4,3.383,2.867,11,1,15,5,1,31
2025-03-01 16:00:00,31,8,18,33,4,9,25,0,10,13,5,3,7,1,2,5,7,4,5,3.447,2.725,11,2,16,5,1,31
2025-03-01 17:00:00,31,6,17,32,6,12,26,1,6,13,6,5,6,1,1,4,8,5,6,3.373,2.677,10,3,17,5,1,28
2025-03-01 18:00:00,28,5,19,34,8,18,32,2,7,7,7,5,7,1,0,3,6,6,5,3.23,2.335,7,2,18,5,1,24
2025-03-01 19:00:00,24,2,13,31,6,20,29,2,6,7,6,3,5,1,1,3,6,4,4,3.74,2.973,6,3,19,5,1,34
2025-03-01 20:00:00,34,14,21,38,4,18,30,4,9,10,7,4,5,3,4,7,5,4,6,2.961,2.234,9,3,20,5,1,41
2025-03-01 21:00:00,41,13,29,48,6,16,34,4,9,14,7,7,8,7,3,7,7,4,5,2.881,1.737,10,3,21,5,1,38
2025-03-01 22:00:00,38,3,30,43,6,16,36,4,8,13,6,7,6,7,3,9,5,4,4,3.382,2.265,10,3,22,5,1,26
2025-03-01 23:00:00,26,1,17,38,13,25,43,3,5,9,4,5,4,5,2,7,3,3,2,3.919,3.001,5,2,23,5,1,19
2025-03-02 00:00:00,19,4,8,37,11,30,46,3,3,5,5,3,4,6,3,3,2,0,1,4.371,3.622,7,2,0,6,1,17
2025-03-02 01:00:00,17,3,8,38,5,29,45,2,2,5,6,2,4,6,3,3,1,0,0,4.179,3.866,8,1,1,6,1,16
2025-03-02 02:00:00,16,3,10,27,4,20,45,2,1,5,8,0,3,5,2,4,1,0,1,3.304,2.412,7,0,2,6,1,15
2025-03-02 03:00:00,15,2,8,16,3,12,42,1,1,5,8,0,2,3,2,4,1,1,2,3.294,2.961,4,0,3,6,1,14
2025-03-02 04:00:00,14,2,7,15,3,10,39,1,1,6,5,1,3,3,1,3,1,0,3,3.684,3.431,5,1,4,6,1,15
2025-03-02 05:00:00,15,4,8,18,3,9,29,1,1,10,2,1,4,2,1,3,1,0,4,3.6,3.323,6,2,5,6,1,15
2025-03-02 06:00:00,15,3,9,17,3,9,21,1,2,10,1,1,3,3,1,4,2,0,2,3.977,2.657,7,3,6,6,1,15
2025-03-02 07:00:00,15,4,11,18,4,10,20,1,1,8,3,2,2,3,2,3,2,0,3,3.156,2.15,3,2,7,6,1,11
2025-03-02 08:00:00,11,1,8,16,5,12,21,0,1,4,4,2,2,3,1,1,1,1,2,2.193,2.111,0,0,8,6,1,12
2025-03-02 09:00:00,12,4,9,18,3,12,21,0,2,5,4,1,1,2,1,3,1,2,2,2.546,2.906,3,0,9,6,1,16
2025-03-02 10:00:00,16,7,12,23,3,11,21,0,1,9,5,1,3,2,1,3,0,4,3,1.937,1.472,3,0,10,6,1,21
2025-03-02 11:00:00,21,5,16,24,0,6,18,0,3,10,7,1,4,2,1,3,1,6,4,2.304,1.784,4,0,11,6,1,23
2025-03-02 12:00:00,23,8,20,29,6,9,21,0,6,11,6,0,4,1,3,3,3,6,3,1.812,1.211,1,0,12,6,1,25
2025-03-02 13:00:00,25,4,17,29,2,8,19,0,6,14,4,1,5,2,2,3,4,5,4,2.269,2.048,3,0,13,6,1,25
2025-03-02 14:00:00,25,3,15,31,3,11,17,0,6,12,6,1,4,2,2,2,4,7,4,2.76,2.657,5,0,14,6,1,28
2025-03-02 15:00:00,28,8,15,35,5,10,19,0,7,16,4,1,3,4,4,2,5,6,4,2.834,2.993,7,0,15,6,1,27
2025-03-02 16:00:00,27,6,17,34,7,15,23,0,7,15,5,0,3,3,5,2,5,6,3,2.648,1.992,8,0,16,6,1,28
2025-03-02 17:00:00,28,3,17,32,2,14,25,0,7,16,5,0,4,3,4,3,6,5,3,3.249,2.837,10,1,17,6,1,26
2025-03-02 18:00:00,26,4,13,28,6,15,25,0,6,16,4,0,3,4,3,3,5,4,4,3.423,2.958,7,2,18,6,1,21
2025-03-02 19:00:00,21,1,8,25,6,14,29,0,4,13,4,0,2,3,1,3,5,4,3,4.455,4.021,11,2,19,6,1,25
2025-03-02 20:00:00,25,9,14,31,5,17,31,0,5,13,7,0,3,3,3,4,5,3,4,3.487,2.86,8,3,20,6,1,27
2025-03-02 21:00:00,27,7,17,30,5,16,31,1,5,13,8,0,2,4,3,4,5,4,5,3.316,1.784,8,4,21,6,1,24
2025-03-02 22:00:00,24,3,19,27,6,16,30,1,6,9,7,1,1,3,5,2,5,4,4,3.484,2.275,7,3,22,6,1,23
2025-03-02 23:00:00,23,3,13,27,4,15,32,1,6,9,6,1,0,3,4,3,4,6,3,4.154,2.591,7,4,23,6,1,21
2025-03-03 00:00:00,21,2,8,25,4,14,30,1,5,8,7,0,0,2,4,3,3,6,3,5.013,3.412,9,4,0,0,0,14
2025-03-03 01:00:00,14,1,6,25,8,16,32,1,4,3,6,0,1,1,3,3,2,4,0,5.705,4.501,8,4,1,0,0,15
2025-03-03 02:00:00,15,4,7,20,3,15,30,1,5,5,4,0,1,1,5,2,2,3,1,5.361,4.719,8,3,2,0,0,12
2025-03-03 03:00:00,12,3,8,16,6,17,31,1,3,4,4,0,1,2,3,1,1,3,1,3.687,2.234,4,1,3,0,0,16
2025-03-03 04:00:00,16,5,12,18,1,10,26,0,3,7,6,0,1,4,4,2,2,2,1,3.172,1.838,4,1,4,0,0,13
2025-03-03 05:00:00,13,1,9,16,4,11,26,0,1,8,4,0,1,5,2,1,1,2,1,3.741,2.056,3,2,5,0,0,17
2025-03-03 06:00:00,17,5,11,19,1,6,23,1,4,7,5,0,3,5,2,2,1,3,1,3.203,2.332,4,1,6,0,0,22
2025-03-03 07:00:00,22,6,12,24,1,6,16,1,5,10,6,0,5,6,4,3,1,3,0,3.167,2.446,5,1,7,0,0,22
2025-03-03 08:00:00,22,4,15,24,4,6,17,2,4,12,4,0,7,5,2,3,1,4,0,3.379,2.109,6,1,8,0,0,27
2025-03-03 09:00:00,27,9,19,30,4,9,15,2,7,14,4,0,5,3,6,4,2,7,0,3.073,2.464,5,2,9,0,0,30
2025-03-03 10:00:00,30,8,21,33,5,13,19,2,7,14,6,1,4,5,8,4,3,6,0,2.882,1.901,6,1,10,0,0,31
2025-03-03 11:00:00,31,6,23,38,5,14,20,2,6,15,6,2,5,5,5,6,4,6,0,3.298,2.208,8,1,11,0,0,31
2025-03-03 12:00:00,31,11,25,44,11,21,30,1,7,16,4,3,4,7,4,4,4,8,0,2.269,1.819,5,0,12,0,0,33
2025-03-03 13:00:00,33,10,27,48,8,24,37,2,6,16,4,5,5,8,6,3,2,7,2,2.24,1.586,7,1,13,0,0,35
2025-03-03 14:00:00,35,7,28,51,5,24,38,3,6,14,7,5,7,8,7,2,2,6,3,2.468,2.055,6,1,14,0,0,32
2025-03-03 15:00:00,32,7,24,49,10,23,44,3,6,15,6,2,10,6,5,1,2,5,3,2.444,2.189,4,1,15,0,0,27
2025-03-03 16:00:00,27,7,21,48,12,27,51,3,4,14,6,0,6,8,3,2,1,4,3,2.503,1.959,3,1,16,0,0,23
2025-03-03 17:00:00,23,3,17,45,7,29,53,3,7,9,4,0,6,7,0,3,1,3,3,2.444,2.304,5,0,17,0,0,29
2025-03-03 18:00:00,29,11,21,45,5,24,47,2,5,14,5,3,10,6,0,4,3,3,3,2.078,2.202,4,0,18,0,0,35
2025-03-03 19:00:00,35,11,25,46,5,17,44,2,8,15,4,6,10,7,2,5,3,3,5,2.185,1.516,6,0,19,0,0,39
2025-03-03 20:00:00,39,15,37,54,11,21,50,1,7,17,9,5,9,7,2,4,6,7,4,2.028,1.616,7,0,20,0,0,49
2025-03-03 21:00:00,49,15,41,62,5,21,45,2,11,22,11,3,11,11,3,3,5,8,8,2.135,1.735,6,0,21,0,0,46
2025-03-03 22:00:00,46,7,37,62,10,26,43,2,10,20,12,2,8,10,4,4,5,9,6,2.439,2.019,6,1,22,0,0,42
2025-03-03 23:00:00,42,3,25,62,7,22,43,2,9,18,11,2,6,11,3,4,4,7,7,3.22,2.675,10,1,23,0,0,40
2025-03-04 00:00:00,40,7,17,58,9,26,47,2,10,16,10,2,7,9,3,5,3,6,7,3.553,3.349,16,3,0,1,0,37
2025-03-04 01:00:00,37,6,16,53,9,25,51,2,11,15,7,2,5,7,1,7,4,8,5,3.8,3.989,18,2,1,1,0,30
2025-03-04 02:00:00,30,3,16,41,10,28,50,2,8,13,6,1,4,4,2,7,2,6,5,3.928,3.438,13,1,2,1,0,28
2025-03-04 03:00:00,28,5,14,31,7,26,52,2,6,13,7,0,4,4,2,7,2,5,4,3.793,2.987,10,2,3,1,0,20
2025-03-04 04:00:00,20,0,8,24,8,25,50,2,4,9,5,0,2,3,2,5,2,3,3,4.531,3.711,8,3,4,1,0,19
2025-03-04 05:00:00,19,4,9,25,5,20,48,2,4,8,4,1,2,4,2,4,2,3,2,4.548,3.265,8,4,5,1,0,18
2025-03-04 06:00:00,18,3,7,21,4,17,43,1,4,9,3,1,1,6,1,3,2,2,3,4.408,3.637,8,4,6,1,0,19
2025-03-04 07:00:00,19,4,11,19,3,12,37,1,4,10,4,0,2,6,1,4,2,1,3,3.919,2.937,9,2,7,1,0,21
2025-03-04 08:00:00,21,5,12,21,3,10,30,1,4,11,5,0,1,5,4,4,2,3,2,3.792,2.673,7,2,8,1,0,13
2025-03-04 09:00:00,13,0,9,16,8,14,31,1,1,8,3,0,1,3,2,1,2,2,2,3.028,2.425,2,1,9,1,0,14
2025-03-04 10:00:00,14,3,8,19,2,13,25,1,1,8,4,0,2,3,2,1,3,2,1,3.416,2.943,5,1,10,1,0,17
2025-03-04 11:00:00,17,6,9,21,3,13,23,1,3,6,7,0,1,3,4,2,3,3,1,2.976,1.866,4,1,11,1,0,24
2025-03-04 12:00:00,24,8,17,26,1,6,20,1,3,9,10,1,4,4,4,4,4,3,1,2.801,1.856,7,1,12,1,0,25
2025-03-04 13:00:00,25,6,20,28,5,9,22,0,3,10,10,2,5,4,5,5,2,1,3,2.437,1.791,3,0,13,1,0,21
2025-03-04 14:00:00,21,4,18,27,8,14,27,0,3,11,6,1,6,3,4,3,3,1,1,2.515,2.174,3,1,14,1,0,24
2025-03-04 15:00:00,24,7,17,34,4,17,23,0,2,12,9,1,6,5,6,2,3,1,1,2.551,2.232,4,1,15,1,0,26
2025-03-04 16:00:00,26,9,20,40,7,19,28,1,4,11,10,0,6,7,5,3,2,1,2,2.103,1.383,3,1,16,1,0,23
2025-03-04 17:00:00,23,3,19,37,6,17,31,1,3,10,9,0,5,7,2,3,4,0,2,2.517,1.846,4,1,17,1,0,28
2025-03-04 18:00:00,28,8,20,37,3,16,33,2,3,15,7,1,5,7,3,4,6,0,3,2.529,2.19,4,1,18,1,0,29
2025-03-04 19:00:00,29,7,18,38,6,15,34,2,4,16,5,2,4,8,3,5,5,1,3,2.839,1.759,7,1,19,1,0,35
2025-03-04 20:00:00,35,8,23,42,2,11,28,2,5,17,8,3,4,10,5,5,5,1,5,2.662,2.39,10,0,20,1,0,32
2025-03-04 21:00:00,32,3,18,38,6,14,30,2,5,14,8,3,4,11,5,4,3,1,4,3.155,2.957,9,1,21,1,0,32
2025-03-04 22:00:00,32,9,20,38,9,17,32,2,7,15,6,2,6,13,5,2,2,2,2,2.837,2.719,10,0,22,1,0,27
2025-03-04 23:00:00,27,3,15,38,8,23,34,2,8,14,3,0,4,10,5,4,1,2,1,3.268,3.238,11,0,23,1,0,30
2025-03-05 00:00:00,30,7,19,37,4,21,35,2,9,14,5,0,5,9,7,4,0,2,3,3.173,2.273,11,1,0,2,0,22
2025-03-05 01:00:00,22,0,10,30,8,20,37,1,5,12,4,0,3,6,6,2,0,2,3,3.321,3.052,6,0,1,2,0,22
2025-03-05 02:00:00,22,4,11,26,4,16,39,1,5,13,3,0,2,5,8,2,0,2,3,3.335,2.884,8,1,2,2,0,20
2025-03-05 03:00:00,20,2,6,25,4,16,37,1,5,12,2,0,2,5,7,1,0,2,3,3.688,3.65,8,1,3,2,0,21
2025-03-05 04:00:00,21,1,7,17,0,8,28,1,5,13,2,0,2,6,7,1,0,2,3,4.503,4.644,14,1,4,2,0,21
2025-03-05 05:00:00,21,2,5,16,2,6,22,1,4,14,2,0,2,6,6,2,0,1,4,4.721,5.172,12,2,5,2,0,24
2025-03-05 06:00:00,24,5,8,14,2,4,20,1,6,15,2,0,2,6,6,2,2,1,5,4.435,4.454,14,4,6,2,0,22
2025-03-05 07:00:00,22,1,8,15,3,7,15,1,6,13,2,0,2,5,4,2,2,2,5,4.919,4.855,13,4,7,2,0,23
2025-03-05 08:00:00,23,4,10,15,3,8,14,1,7,12,2,1,2,6,3,2,2,3,5,4.577,3.919,11,6,8,2,0,23
2025-03-05 09:00:00,23,2,7,15,2,8,12,1,7,13,2,0,2,4,3,2,4,3,5,5.293,4.251,12,6,9,2,0,26
2025-03-05 10:00:00,26,5,11,19,2,7,14,0,7,14,5,0,3,4,3,3,4,3,6,4.963,4.228,15,7,10,2,0,26
2025-03-05 11:00:00,26,4,11,21,4,8,16,0,7,12,6,1,1,4,3,5,4,2,7,4.687,3.572,12,6,11,2,0,33
2025-03-05 12:00:00,33,8,17,24,1,7,15,0,9,17,6,1,1,5,6,6,5,3,7,4.533,3.421,15,6,12,2,0,37
2025-03-05 13:00:00,37,8,20,31,4,9,16,0,10,17,9,1,3,5,8,6,5,2,8,3.97,2.913,13,5,13,2,0,37
2025-03-05 14:00:00,37,8,24,35,8,13,21,0,8,20,6,3,3,3,10,5,5,3,8,3.298,2.224,10,6,14,2,0,34
2025-03-05 15:00:00,34,4,20,37,7,19,26,0,7,19,6,2,2,6,9,3,4,3,7,3.872,2.71,11,5,15,2,0,34
2025-03-05 16:00:00,34,7,19,39,7,22,31,0,8,16,8,2,3,9,6,4,3,2,7,3.833,3.165,12,4,16,2,0,39
2025-03-05 17:00:00,39,11,22,46,6,20,33,1,10,17,9,2,3,9,10,4,3,4,6,3.55,2.311,13,4,17,2,0,37
2025-03-05 18:00:00,37,5,23,43,7,20,39,1,8,17,9,2,4,9,11,3,2,4,4,3.304,2.271,10,2,18,2,0,36
2025-03-05 19:00:00,36,3,19,38,4,17,39,2,7,19,7,1,4,9,8,3,2,5,5,3.932,2.98,11,3,19,2,0,32
2025-03-05 20:00:00,32,4,12,34,8,19,39,3,6,18,5,0,5,7,7,1,1,4,7,4.485,3.82,14,5,20,2,0,29
2025-03-05 21:00:00,29,4,11,34,7,19,39,4,6,13,5,1,5,6,5,2,2,4,5,5.111,4.737,17,7,21,2,0,26
2025-03-05 22:00:00,26,4,12,31,7,22,39,3,4,14,4,1,5,4,4,2,2,5,4,4.631,4.189,13,3,22,2,0,26
2025-03-05 23:00:00,26,6,14,26,6,20,39,3,3,13,5,2,5,3,2,3,2,6,5,3.817,3.144,10,2,23,2,0,26
2025-03-06 00:00:00,26,6,16,27,6,19,38,3,4,13,5,1,3,3,4,2,5,5,4,3.666,2.807,9,2,0,3,0,24
2025-03-06 01:00:00,24,5,17,29,7,19,41,2,6,10,5,1,3,2,3,2,5,5,4,2.933,2.294,6,1,1,3,0,23
2025-03-06 02:00:00,23,1,12,26,2,15,35,2,6,8,6,1,3,3,3,2,5,4,3,3.629,2.946,8,1,2,3,0,22
2025-03-06 03:00:00,22,5,11,27,6,15,34,1,6,10,3,2,3,2,4,2,4,4,3,3.247,3.249,6,0,3,3,0,18
2025-03-06 04:00:00,18,2,8,25,6,14,33,1,5,8,2,2,2,2,3,1,3,4,3,3.763,3.726,8,2,4,3,0,17
2025-03-06 05:00:00,17,2,9,21,3,15,30,1,4,9,1,2,3,1,3,1,3,4,2,4.39,4.664,9,2,5,3,0,12
2025-03-06 06:00:00,12,2,6,17,7,16,31,1,4,7,0,0,2,0,3,1,2,3,1,4.016,3.391,4,2,6,3,0,9
2025-03-06 07:00:00,9,2,6,14,5,15,29,1,2,4,2,0,1,0,3,1,2,1,1,2.833,2.678,3,0,7,3,0,11
2025-03-06 08:00:00,11,4,8,17,2,14,29,2,2,4,2,1,1,1,4,1,1,1,2,2.476,1.902,3,0,8,3,0,13
2025-03-06 09:00:00,13,3,9,15,1,8,24,2,2,4,4,1,2,1,4,1,1,1,3,2.366,1.693,2,0,9,3,0,11
2025-03-06 10:00:00,11,2,9,15,4,7,22,2,3,2,4,0,2,1,4,0,1,1,2,2.403,2.39,2,0,10,3,0,14
2025-03-06 11:00:00,14,6,11,19,3,8,22,2,2,7,3,0,0,2,7,1,2,0,2,1.892,1.404,1,0,11,3,0,13
2025-03-06 12:00:00,13,2,10,19,3,10,18,0,2,6,5,0,1,2,6,1,1,0,2,2.102,1.824,2,0,12,3,0,23
2025-03-06 13:00:00,23,14,22,31,4,10,17,0,3,12,7,1,5,5,5,3,0,3,2,1.432,0.902,1,0,13,3,0,27
2025-03-06 14:00:00,27,7,23,34,3,10,18,0,5,11,8,3,8,6,3,4,0,3,3,1.818,1.549,2,0,14,3,0,23
2025-03-06 15:00:00,23,5,26,36,9,16,26,0,5,8,9,1,3,6,4,3,2,3,2,2.043,2.011,1,0,15,3,0,23
2025-03-06 16:00:00,23,6,18,40,6,18,28,0,4,8,9,2,5,5,1,3,5,3,1,2.269,2.034,1,0,16,3,0,19
2025-03-06 17:00:00,19,3,14,37,7,22,32,0,4,7,7,1,4,6,1,3,3,1,1,2.805,2.589,5,0,17,3,0,17
2025-03-06 18:00:00,17,4,13,39,6,19,35,0,5,9,3,0,3,4,2,2,3,1,2,3.135,2.572,6,1,18,3,0,19
2025-03-06 19:00:00,19,6,13,31,4,17,35,0,6,11,2,0,4,2,2,3,2,1,5,2.792,1.915,5,1,19,3,0,22
2025-03-06 20:00:00,22,7,17,31,4,14,36,0,6,10,5,1,4,2,3,4,2,2,5,2.642,1.709,4,1,20,3,0,18
2025-03-06 21:00:00,18,2,15,28,6,14,33,0,5,9,4,0,4,2,3,2,1,2,4,2.555,2.317,4,0,21,3,0,21
2025-03-06 22:00:00,21,7,16,29,4,14,31,3,5,9,4,0,3,4,1,3,1,4,5,2.462,2.181,4,0,22,3,0,24
2025-03-06 23:00:00,24,5,14,31,2,12,26,3,6,8,7,0,2,6,0,4,2,4,6,2.537,2.132,6,0,23,3,0,22
2025-03-07 00:00:00,22,4,16,31,6,12,26,3,4,6,9,0,3,5,0,3,1,5,5,2.53,2.328,5,0,0,4,0,27
2025-03-07 01:00:00,27,8,17,33,3,11,25,3,4,10,9,1,5,5,1,4,2,5,5,2.735,2.628,7,0,1,4,0,27
2025-03-07 02:00:00,27,3,15,29,3,12,24,3,5,10,8,1,5,6,0,4,3,5,4,3.33,2.872,11,0,2,4,0,22
2025-03-07 03:00:00,22,3,14,30,8,14,26,2,4,11,5,0,3,6,0,3,2,5,3,3.527,3.149,9,1,3,4,0,20
2025-03-07 04:00:00,20,4,10,27,6,17,28,2,3,8,5,2,2,5,0,3,2,5,3,3.423,2.957,8,1,4,4,0,17
2025-03-07 05:00:00,17,0,7,22,3,17,29,0,3,8,4,2,2,4,0,1,2,5,3,3.959,3.522,7,1,5,4,0,18
2025-03-07 06:00:00,18,4,8,22,3,12,26,0,2,10,3,3,3,4,1,2,2,3,3,3.618,3.284,8,1,6,4,0,19
2025-03-07 07:00:00,19,5,9,19,4,10,27,1,4,10,3,1,4,4,2,2,2,3,2,3.347,3.054,8,2,7,4,0,19
2025-03-07 08:00:00,19,3,12,19,3,10,27,2,4,10,3,0,4,4,2,1,2,3,3,3.809,2.119,8,2,8,4,0,22
2025-03-07 09:00:00,22,7,15,23,4,11,23,2,6,9,5,0,4,6,3,0,2,3,4,3.149,2.094,5,2,9,4,0,19
2025-03-07 10:00:00,19,4,14,23,7,14,24,2,6,5,6,0,2,6,2,0,3,2,4,2.667,1.794,2,2,10,4,0,20
2025-03-07 11:00:00,20,4,15,27,3,14,24,1,5,6,6,2,2,7,1,1,3,3,3,2.992,2.232,3,2,11,4,0,23
2025-03-07 12:00:00,23,5,13,28,2,12,23,1,6,9,6,1,1,9,3,1,4,2,3,3.357,3.115,5,2,12,4,0,25
2025-03-07 13:00:00,25,9,18,32,7,12,26,2,7,10,5,1,2,8,3,3,3,3,3,2.597,1.525,7,1,13,4,0,30
2025-03-07 14:00:00,30,7,21,36,2,11,25,2,5,14,6,3,3,8,4,4,3,4,4,2.671,1.808,6,1,14,4,0,29
2025-03-07 15:00:00,29,8,24,37,9,18,30,2,5,14,6,2,7,6,3,3,4,2,4,1.926,1.962,1,0,15,4,0,32
2025-03-07 16:00:00,32,9,24,42,6,17,29,2,7,17,5,1,7,7,3,5,4,3,3,2.246,1.904,4,1,16,4,0,29
2025-03-07 17:00:00,29,5,22,43,8,23,34,1,7,17,3,1,6,7,3,4,3,3,3,2.485,2.285,8,0,17,4,0,33
2025-03-07 18:00:00,33,8,22,46,4,18,36,1,7,17,6,2,6,8,2,6,4,3,4,2.76,2.573,8,0,18,4,0,35
2025-03-07 19:00:00,35,7,20,44,5,17,34,0,8,17,7,3,5,8,1,8,6,4,3,2.9,2.487,9,0,19,4,0,30
2025-03-07 20:00:00,30,5,20,42,10,19,42,1,6,15,5,3,5,4,1,8,6,3,3,2.894,2.449,9,1,20,4,0,28
2025-03-07 21:00:00,28,3,15,37,5,20,38,1,4,15,3,5,3,5,2,7,5,2,4,3.127,2.879,7,1,21,4,0,27
2025-03-07 22:00:00,27,4,12,32,5,20,37,1,3,16,2,5,2,3,5,6,5,2,4,3.4,3.186,8,2,22,4,0,26
2025-03-07 23:00:00,26,3,10,30,4,14,33,1,5,14,2,4,1,3,6,5,3,2,6,3.68,3.457,12,1,23,4,0,25
2025-03-08 00:00:00,25,3,10,25,4,13,33,1,4,16,2,2,1,2,6,4,4,2,6,3.999,4.033,13,1,0,5,1,24
2025-03-08 01:00:00,24,3,9,21,4,12,32,1,4,13,2,4,1,3,6,2,4,3,5,4.082,3.948,12,1,1,5,1,23
2025-03-08 02:00:00,23,0,6,16,1,9,23,1,4,13,2,3,1,2,6,2,4,3,5,5.064,4.652,14,3,2,5,1,20
2025-03-08 03:00:00,20,3,6,16,6,11,24,1,4,10,2,3,3,2,5,1,4,2,3,4.829,4.48,11,4,3,5,1,19
2025-03-08 04:00:00,19,2,5,14,3,10,22,1,4,10,2,2,2,2,6,1,3,3,2,5.358,5.197,12,6,4,5,1,19
2025-03-08 05:00:00,19,3,8,14,3,12,21,1,4,8,4,2,4,3,5,1,1,3,2,4.996,4.956,11,4,5,5,1,17
2025-03-08 06:00:00,17,2,7,13,4,10,21,1,4,7,4,1,5,3,4,0,1,2,2,5.322,5.852,9,4,6,5,1,18
2025-03-08 07:00:00,18,5,10,15,4,11,21,1,3,8,4,2,4,2,5,2,1,1,3,4.587,3.277,8,4,7,5,1,15
2025-03-08 08:00:00,15,1,8,16,4,12,24,1,3,7,3,1,3,2,4,2,1,1,2,5.596,4.953,8,4,8,5,1,20
2025-03-08 09:00:00,20,10,16,23,5,13,23,1,3,10,4,2,2,3,7,3,1,1,3,3.781,1.002,6,5,9,5,1,29
2025-03-08 10:00:00,29,10,21,31,1,10,21,1,7,13,6,2,4,5,7,3,3,4,3,3.114,1.307,6,4,10,5,1,29
2025-03-08 11:00:00,29,5,25,33,5,11,23,0,7,13,6,3,3,6,8,2,3,6,1,3.228,1.724,6,3,11,5,1,33
2025-03-08 12:00:00,33,9,24,40,5,11,24,1,6,16,6,4,6,7,7,1,3,6,3,2.672,2.362,5,2,12,5,1,35
2025-03-08 13:00:00,35,9,23,44,7,17,27,1,6,17,4,7,8,6,7,1,5,6,2,2.704,2.355,6,1,13,5,1,25
2025-03-08 14:00:00,25,3,21,46,13,25,36,1,5,13,3,3,6,6,5,0,4,3,1,2.948,2.189,7,1,14,5,1,23
2025-03-08 15:00:00,23,2,14,38,4,24,35,1,5,13,2,2,6,5,5,0,4,2,1,3.629,2.916,6,1,15,5,1,26
2025-03-08 16:00:00,26,11,16,39,8,25,42,1,4,14,4,3,4,7,4,1,5,2,3,2.613,2.149,4,1,16,5,1,27
2025-03-08 17:00:00,27,5,18,39,4,16,41,1,4,14,6,2,6,5,2,2,6,3,3,2.971,1.748,7,1,17,5,1,23
2025-03-08 18:00:00,23,3,19,33,7,19,43,1,3,11,6,2,5,3,2,2,5,3,3,3.34,2.443,6,1,18,5,1,28
2025-03-08 19:00:00,28,9,17,33,4,15,40,1,3,13,10,1,5,4,2,5,3,6,3,3.154,2.248,5,1,19,5,1,26
2025-03-08 20:00:00,26,6,18,36,8,19,35,0,5,13,6,2,4,4,1,8,3,6,0,3.308,1.921,7,2,20,5,1,27
2025-03-08 21:00:00,27,6,21,40,5,17,36,0,4,14,6,3,3,5,4,6,3,6,0,3.312,2.125,7,3,21,5,1,27
2025-03-08 22:00:00,27,5,17,34,5,18,33,0,3,16,6,2,2,6,4,5,5,4,1,3.484,2.414,6,2,22,5,1,24
2025-03-08 23:00:00,24,4,15,33,7,17,36,0,2,16,6,0,1,4,4,6,5,2,2,3.166,2.114,8,1,23,5,1,21
2025-03-09 00:00:00,21,3,12,33,6,18,35,0,3,15,3,0,0,4,4,4,4,2,3,3.39,2.868,7,1,0,6,1,19
2025-03-09 01:00:00,19,2,9,26,4,17,35,1,3,11,4,0,0,3,5,3,3,2,3,4.213,3.258,9,3,1,6,1,18
2025-03-09 02:00:00,18,2,7,22,3,13,30,1,3,9,4,1,0,4,4,1,3,3,3,4.399,3.362,8,2,2,6,1,15
2025-03-09 03:00:00,15,3,7,19,6,13,31,1,2,6,5,1,1,4,4,1,1,2,2,3.451,3.192,5,1,3,6,1,12
2025-03-09 04:00:00,12,4,9,18,7,16,33,0,2,6,3,1,1,4,4,0,1,1,1,2.546,1.838,4,0,4,6,1,10
2025-03-09 05:00:00,10,4,11,18,6,19,32,0,4,3,2,1,2,2,4,0,1,0,1,1.648,1.257,1,0,5,6,1,16
2025-03-09 06:00:00,16,6,14,21,0,13,26,0,7,5,3,1,4,2,5,1,3,0,1,1.835,1.615,1,0,6,6,1,20
2025-03-09 07:00:00,20,7,17,26,3,9,25,0,9,6,4,1,7,4,2,1,4,0,2,1.743,1.419,1,0,7,6,1,22
2025-03-09 08:00:00,22,3,16,27,1,4,23,0,9,8,4,1,9,3,3,1,4,0,2,2.382,2.176,2,0,8,6,1,27
2025-03-09 09:00:00,27,8,18,32,3,7,20,2,9,11,2,3,7,3,5,1,5,0,6,2.482,2.372,5,0,9,6,1,25
2025-03-09 10:00:00,25,3,14,31,5,9,18,2,7,12,1,3,6,2,6,1,5,0,5,2.907,2.964,7,0,10,6,1,24
2025-03-09 11:00:00,24,5,16,32,6,14,18,2,7,11,1,3,4,3,7,2,4,1,3,3.081,2.862,8,0,11,6,1,21
2025-03-09 12:00:00,21,3,11,29,6,17,24,2,5,11,2,1,3,1,6,1,4,2,4,3.336,3.547,7,0,12,6,1,21
2025-03-09 13:00:00,21,4,12,26,4,16,25,2,5,10,3,1,2,3,4,1,4,4,3,3.287,2.704,7,1,13,6,1,18
2025-03-09 14:00:00,18,2,9,25,5,15,29,2,5,7,3,1,1,2,3,1,3,5,3,3.71,2.847,6,2,14,6,1,19
2025-03-09 15:00:00,19,5,11,22,4,13,30,1,5,8,4,1,2,3,3,0,2,7,2,3.36,2.753,6,2,15,6,1,13
2025-03-09 16:00:00,13,3,10,22,9,18,34,0,1,7,3,2,2,4,0,0,1,5,1,2.165,1.864,1,0,16,6,1,11
2025-03-09 17:00:00,11,3,11,20,5,18,33,1,0,6,2,2,3,3,0,0,1,2,2,2.102,1.64,2,0,17,6,1,11
2025-03-09 18:00:00,11,4,10,21,4,18,31,1,1,6,3,0,4,2,1,1,1,1,1,1.905,1.084,1,0,18,6,1,17
2025-03-09 19:00:00,17,6,13,23,0,9,27,1,1,8,5,2,5,2,1,2,2,3,2,2.015,1.85,2,0,19,6,1,20
2025-03-09 20:00:00,20,6,16,27,3,7,25,1,2,8,7,2,5,2,2,4,2,2,3,1.884,1.424,2,0,20,6,1,19
2025-03-09 21:00:00,19,3,15,25,4,7,25,1,3,9,5,1,5,1,2,4,1,3,3,2.263,2.102,3,0,21,6,1,19
2025-03-09 22:00:00,19,3,12,25,3,10,19,1,3,11,3,1,4,1,1,5,1,3,4,2.748,2.645,4,0,22,6,1,19
2025-03-09 23:00:00,19,5,11,27,5,12,19,1,3,11,4,0,2,2,0,5,1,4,5,2.605,2.34,4,0,23,6,1,18
2025-03-10 00:00:00,18,3,11,26,4,12,19,1,3,8,4,2,3,1,1,5,1,2,5,2.927,2.479,5,0,0,0,0,18
2025-03-10 01:00:00,18,3,11,23,3,12,22,0,2,9,5,2,4,1,1,4,1,3,4,3.055,2.525,6,0,1,0,0,15
2025-03-10 02:00:00,15,1,7,18,4,11,23,0,2,8,3,2,4,1,0,4,1,2,3,3.78,3.279,6,1,2,0,0,12
2025-03-10 03:00:00,12,3,7,18,6,13,25,0,2,8,0,2,3,0,1,4,1,1,2,3.644,3.248,5,1,3,0,0,14
2025-03-10 04:00:00,14,4,8,19,2,12,24,0,1,8,2,3,3,0,2,3,1,3,2,2.948,1.764,4,1,4,0,0,14
2025-03-10 05:00:00,14,2,9,16,2,10,21,0,1,8,2,3,1,1,2,3,1,4,2,3.27,2.084,4,2,5,0,0,18
2025-03-10 06:00:00,18,5,11,18,1,5,18,0,1,11,4,2,1,1,3,3,4,5,1,3.303,2.445,4,3,6,0,0,20
2025-03-10 07:00:00,20,7,14,22,5,8,20,0,3,9,6,2,4,1,2,4,3,5,1,2.606,1.855,3,2,7,0,0,22
2025-03-10 08:00:00,22,5,17,26,3,9,19,0,4,11,5,2,4,2,2,4,3,6,1,2.651,1.694,6,1,8,0,0,21
2025-03-10 09:00:00,21,3,15,26,4,12,17,0,4,11,5,1,6,2,1,4,2,6,0,2.921,2.246,5,1,9,0,0,20
2025-03-10 10:00:00,20,2,10,24,3,10,18,0,4,11,5,0,5,2,0,4,3,5,1,2.98,2.995,3,0,10,0,0,25
2025-03-10 11:00:00,25,9,14,31,4,11,20,0,7,12,6,0,5,3,1,4,5,4,3,2.527,2.817,7,1,11,0,0,25
2025-03-10 12:00:00,25,5,16,31,5,12,24,0,6,12,6,1,4,5,1,2,6,4,3,2.664,1.866,8,1,12,0,0,29
2025-03-10 13:00:00,29,8,22,32,4,13,23,0,6,16,5,2,6,7,2,2,5,5,2,2.754,2.116,8,1,13,0,0,32
2025-03-10 14:00:00,32,9,22,36,6,15,26,0,9,17,4,2,8,8,3,4,4,3,2,2.581,2.063,6,0,14,0,0,33
2025-03-10 15:00:00,33,7,24,40,6,16,28,0,7,19,5,2,7,8,5,3,4,3,3,2.831,2.249,8,3,15,0,0,40
2025-03-10 16:00:00,40,10,26,48,3,15,28,1,7,23,7,2,9,9,5,3,3,7,4,3.017,2.398,10,4,16,0,0,36
2025-03-10 17:00:00,36,2,19,41,6,15,30,1,6,21,7,1,8,7,6,3,3,6,3,3.718,3.099,11,4,17,0,0,39
2025-03-10 18:00:00,39,12,24,48,9,18,34,1,7,18,12,1,10,9,6,3,2,4,5,2.964,2.574,12,1,18,0,0,41
2025-03-10 19:00:00,41,9,23,49,7,22,37,3,7,19,11,1,10,10,10,2,2,3,4,3.204,2.318,13,3,19,0,0,45
2025-03-10 20:00:00,45,13,34,53,9,25,40,3,6,21,12,3,10,11,10,1,4,5,4,2.88,2.012,13,3,20,0,0,38
2025-03-10 21:00:00,38,4,26,50,11,27,45,3,4,20,8,3,9,9,6,1,4,6,3,2.843,2.174,7,1,21,0,0,38
2025-03-10 22:00:00,38,10,27,50,10,30,52,4,3,20,9,2,8,9,7,1,4,7,2,2.714,2.347,7,2,22,0,0,35
2025-03-10 23:00:00,35,8,22,56,11,32,57,3,3,18,9,2,7,6,7,2,4,7,2,2.662,1.921,6,1,23,0,0,33
2025-03-11 00:00:00,33,6,24,50,8,29,56,4,2,15,11,1,5,8,4,2,5,6,3,2.866,2.337,9,2,0,1,0,29
2025-03-11 01:00:00,29,2,16,43,6,25,55,4,3,12,10,0,5,7,3,1,4,6,3,3.509,3.023,7,2,1,1,0,27
2025-03-11 02:00:00,27,5,13,35,7,21,53,3,3,11,10,0,6,7,2,1,3,5,3,3.561,3.232,9,2,2,1,0,22
2025-03-11 03:00:00,22,3,10,34,8,21,50,2,3,10,6,1,5,6,3,1,1,3,3,3.717,3.561,10,1,3,1,0,22
2025-03-11 04:00:00,22,3,11,27,3,18,43,2,3,11,4,2,5,7,3,1,1,2,3,4.259,3.923,11,1,4,1,0,20
2025-03-11 05:00:00,20,3,9,22,5,16,37,2,4,10,2,2,5,6,4,1,0,2,2,3.808,3.346,8,0,5,1,0,15
2025-03-11 06:00:00,15,1,7,17,6,14,35,1,4,8,1,1,3,4,3,1,0,2,2,4.399,3.785,7,2,6,1,0,16
2025-03-11 07:00:00,16,3,7,18,2,13,31,1,4,8,1,2,2,5,4,1,0,2,2,4.516,4.056,8,4,7,1,0,10
2025-03-11 08:00:00,10,1,5,14,7,15,31,1,4,3,1,1,0,5,3,0,0,1,1,3.845,2.956,4,1,8,1,0,15
2025-03-11 09:00:00,15,6,10,17,1,10,24,1,4,5,2,3,0,6,5,1,1,0,2,3.16,2.227,5,1,9,1,0,18
2025-03-11 10:00:00,18,6,13,20,3,11,24,1,4,7,2,4,1,5,5,2,1,0,4,2.79,1.264,4,2,10,1,0,22
2025-03-11 11:00:00,22,4,16,21,0,4,19,1,6,9,2,4,2,5,5,2,3,1,4,3.202,2.125,5,3,11,1,0,19
2025-03-11 12:00:00,19,2,12,22,5,8,18,1,5,10,2,1,2,4,3,2,3,1,4,3.738,2.607,5,2,12,1,0,26
2025-03-11 13:00:00,26,12,18,31,5,10,21,0,6,12,6,2,1,3,5,3,4,5,5,2.552,1.784,5,1,13,1,0,27
2025-03-11 14:00:00,27,3,17,33,2,12,16,0,6,12,7,2,2,3,4,3,4,6,5,3.138,1.876,7,1,14,1,0,24
2025-03-11 15:00:00,24,5,20,32,8,15,23,0,4,12,7,1,3,4,4,3,3,5,2,2.84,2.323,6,1,15,1,0,24
2025-03-11 16:00:00,24,4,12,30,4,14,24,0,6,11,7,0,4,4,4,5,2,3,2,3.383,3.146,6,2,16,1,0,21
2025-03-11 17:00:00,21,5,14,31,8,20,32,0,5,13,3,0,3,3,2,5,2,2,4,2.945,2.295,6,2,17,1,0,27
2025-03-11 18:00:00,27,9,18,38,3,15,30,0,6,14,4,3,3,5,3,4,3,3,6,2.651,1.893,5,2,18,1,0,33
2025-03-11 19:00:00,33,10,24,36,4,15,29,0,8,15,7,3,4,4,8,5,4,2,6,2.76,1.823,8,2,19,1,0,34
2025-03-11 20:00:00,34,6,25,39,5,12,32,0,9,14,9,2,4,2,11,5,4,3,5,2.886,2.145,8,1,20,1,0,35
2025-03-11 21:00:00,35,7,23,41,6,15,30,0,7,13,12,3,4,3,14,5,3,4,2,3.091,2.347,9,3,21,1,0,34
2025-03-11 22:00:00,34,5,18,42,6,17,32,0,8,13,11,2,2,4,13,6,2,4,3,3.306,2.538,8,3,22,1,0,28
2025-03-11 23:00:00,28,6,18,43,12,24,36,0,8,9,9,2,2,6,6,6,2,3,3,3.065,2.443,8,1,23,1,0,27
2025-03-12 00:00:00,27,3,14,37,4,22,37,0,8,9,9,1,2,5,5,7,2,3,3,3.657,3.256,10,2,0,2,0,29
2025-03-12 01:00:00,29,6,15,33,4,20,37,0,6,10,11,2,5,4,5,8,3,2,2,3.676,3.183,12,2,1,2,0,24
2025-03-12 02:00:00,24,2,11,29,7,15,39,0,6,8,8,2,6,3,3,8,2,1,1,3.941,3.657,11,1,2,2,0,25
2025-03-12 03:00:00,25,4,12,26,3,14,36,1,5,8,9,2,5,3,3,8,2,2,2,3.667,3.23,11,2,3,2,0,23
2025-03-12 04:00:00,23,5,11,26,7,17,37,2,4,9,7,1,3,4,2,8,1,2,3,3.834,3.529,10,2,4,2,0,20
2025-03-12 05:00:00,20,5,14,25,8,18,33,3,3,9,5,0,4,3,1,7,0,1,4,3.017,1.966,6,2,5,2,0,18
2025-03-12 06:00:00,18,3,13,25,5,20,34,3,2,8,5,0,5,3,1,4,0,1,4,2.645,2.147,3,1,6,2,0,15
2025-03-12 07:00:00,15,0,8,19,3,16,33,3,1,7,4,0,4,3,1,3,0,1,3,3.511,3.103,4,1,7,2,0,14
2025-03-12 08:00:00,14,6,9,23,7,15,33,2,3,6,3,0,5,3,0,2,1,1,2,3.197,3.274,5,1,8,2,0,17
2025-03-12 09:00:00,17,5,11,24,2,12,32,1,4,8,3,1,5,5,0,1,2,1,3,2.943,1.731,6,1,9,2,0,19
2025-03-12 10:00:00,19,5,16,24,3,12,28,1,4,9,3,2,3,6,1,2,2,1,4,2.867,1.703,4,1,10,2,0,19
2025-03-12 11:00:00,19,4,14,23,4,9,24,0,4,7,4,4,3,9,1,2,2,0,2,2.316,2.0,1,0,11,2,0,20
2025-03-12 12:00:00,20,4,13,24,3,10,22,0,4,9,3,4,2,11,2,2,2,0,1,2.717,2.713,4,1,12,2,0,21
2025-03-12 13:00:00,21,7,15,31,6,13,25,0,6,10,3,2,6,9,1,1,3,0,1,2.472,2.235,6,0,13,2,0,23
2025-03-12 14:00:00,23,6,17,31,4,13,22,1,6,7,6,3,5,9,0,3,2,1,3,2.446,1.847,6,0,14,2,0,27
2025-03-12 15:00:00,27,5,18,31,1,11,21,1,6,9,9,2,7,9,2,3,1,2,3,2.806,2.399,7,0,15,2,0,20
2025-03-12 16:00:00,20,2,13,28,9,14,27,1,5,6,8,0,7,6,2,1,1,2,1,3.357,2.878,6,1,16,2,0,18
2025-03-12 17:00:00,18,4,11,28,6,16,29,0,3,8,6,1,7,5,2,2,1,1,0,3.43,2.858,7,1,17,2,0,14
2025-03-12 18:00:00,14,3,9,27,7,22,33,0,3,6,4,1,5,2,2,1,2,1,1,3.004,2.257,4,1,18,2,0,11
2025-03-12 19:00:00,11,2,9,22,5,18,32,0,4,5,2,0,5,1,1,1,2,0,1,3.28,2.094,4,1,19,2,0,18
2025-03-12 20:00:00,18,9,14,25,2,14,30,0,4,5,8,1,5,1,2,2,4,2,2,2.15,0.981,2,1,20,2,0,21
2025-03-12 21:00:00,21,4,15,24,1,8,30,0,5,8,7,1,4,1,4,2,5,2,3,2.673,1.834,4,1,21,2,0,19
2025-03-12 22:00:00,19,7,20,29,9,12,30,0,5,8,5,1,6,4,2,1,3,2,1,2.413,1.324,3,1,22,2,0,21
2025-03-12 23:00:00,21,4,15,29,2,12,26,0,5,9,5,2,5,4,2,1,3,4,2,2.609,1.796,3,1,23,2,0,18
2025-03-13 00:00:00,18,3,14,29,6,17,25,0,4,9,4,1,4,3,2,1,2,4,2,3.069,2.364,3,1,0,3,0,17
2025-03-13 01:00:00,17,3,10,30,4,12,24,0,4,10,3,0,2,3,2,1,3,4,2,2.719,2.724,4,0,1,3,0,17
2025-03-13 02:00:00,17,2,8,23,2,12,24,0,3,9,4,1,1,3,3,1,3,5,1,3.065,3.021,6,0,2,3,0,19
2025-03-13 03:00:00,19,5,10,24,3,9,26,0,5,8,5,1,1,2,4,0,3,6,3,2.934,2.073,7,1,3,3,0,18
2025-03-13 04:00:00,18,1,8,18,2,7,19,0,5,7,6,0,2,2,2,0,3,6,3,3.767,3.05,8,1,4,3,0,14
2025-03-13 05:00:00,14,3,9,17,7,12,24,0,3,6,5,0,2,3,2,0,2,3,2,3.609,2.685,6,1,5,3,0,11
2025-03-13 06:00:00,11,2,6,16,5,14,23,0,3,5,3,0,1,2,2,0,2,4,0,3.784,3.166,4,1,6,3,0,10
2025-03-13 07:00:00,10,3,8,16,4,16,23,0,2,5,2,1,2,2,1,0,0,4,1,2.208,2.195,2,0,7,3,0,11
2025-03-13 08:00:00,11,4,9,18,3,12,24,0,4,4,2,1,2,3,1,1,0,3,1,2.224,1.516,2,0,8,3,0,12
2025-03-13 09:00:00,12,3,10,16,2,9,23,0,5,4,2,1,2,3,3,1,0,2,1,2.369,1.737,2,0,9,3,0,16
2025-03-13 10:00:00,16,6,13,21,2,7,23,0,4,8,2,2,2,3,5,1,0,2,3,1.992,1.625,1,0,10,3,0,15
2025-03-13 11:00:00,15,3,12,21,4,8,20,0,3,9,2,1,3,3,4,0,0,3,2,2.334,1.729,2,1,11,3,0,20
2025-03-13 12:00:00,20,7,16,26,2,8,17,1,4,12,2,1,4,6,5,0,0,3,2,2.018,1.888,4,0,12,3,0,25
2025-03-13 13:00:00,25,9,19,32,4,10,17,1,5,13,4,2,5,5,5,0,1,6,3,1.786,1.259,3,0,13,3,0,29
2025-03-13 14:00:00,29,6,22,34,2,8,16,2,5,17,3,2,6,6,5,0,1,7,4,2.144,1.876,4,0,14,3,0,33
2025-03-13 15:00:00,33,10,25,41,6,12,20,3,5,19,5,1,6,8,6,0,2,8,3,2.128,2.02,3,0,15,3,0,38
2025-03-13 16:00:00,38,8,24,43,3,11,21,4,5,20,7,2,8,8,5,0,3,9,5,2.538,2.5,9,1,16,3,0,33
2025-03-13 17:00:00,33,4,22,44,9,18,26,3,7,13,7,3,5,7,4,1,2,11,3,2.879,2.419,9,1,17,3,0,25
2025-03-13 18:00:00,25,4,16,41,12,24,36,3,6,11,3,2,2,5,4,2,3,7,2,3.026,3.044,7,0,18,3,0,28
2025-03-13 19:00:00,28,11,19,43,8,29,40,3,6,15,4,0,2,5,8,1,3,6,3,2.444,1.802,7,0,19,3,0,27
2025-03-13 20:00:00,27,3,18,40,4,24,42,3,6,14,4,0,2,4,7,1,3,7,3,2.804,1.948,8,1,20,3,0,28
2025-03-13 21:00:00,28,6,20,36,5,17,41,3,5,12,7,1,4,3,6,2,3,8,2,2.782,2.508,6,1,21,3,0,31
2025-03-13 22:00:00,31,9,18,37,6,15,44,3,7,12,8,1,5,4,8,3,2,7,2,2.873,2.443,8,1,22,3,0,25
2025-03-13 23:00:00,25,3,18,36,9,20,44,2,4,12,6,1,5,2,7,2,1,6,2,2.981,2.122,7,1,23,3,0,22
2025-03-14 00:00:00,22,3,15,35,6,21,38,1,4,11,5,1,5,4,4,1,1,5,2,3.396,2.727,6,2,0,4,0,21
2025-03-14 01:00:00,21,4,10,28,5,20,35,2,4,10,5,0,6,4,3,1,1,4,2,3.251,3.43,7,1,1,4,0,19
2025-03-14 02:00:00,19,2,9,27,4,15,35,2,4,7,6,0,5,2,4,1,2,3,2,3.878,3.811,9,1,2,4,0,21
2025-03-14 03:00:00,21,6,12,27,4,13,34,1,5,9,6,0,6,4,4,1,3,2,1,3.169,2.589,9,0,3,4,0,16
2025-03-14 04:00:00,16,0,8,18,5,13,33,1,4,8,3,0,4,3,4,1,1,2,1,3.827,3.44,7,1,4,4,0,21
2025-03-14 05:00:00,21,6,12,21,1,10,25,2,5,9,3,2,6,4,5,1,1,2,2,3.62,2.604,8,2,5,4,0,20
2025-03-14 06:00:00,20,6,12,24,7,13,26,2,4,9,3,2,6,2,5,1,1,4,1,2.96,1.735,5,1,6,4,0,20
2025-03-14 07:00:00,20,3,15,23,3,11,24,2,5,9,3,1,5,2,5,1,2,3,2,3.24,2.338,7,2,7,4,0,25
2025-03-14 08:00:00,25,8,17,29,3,13,23,3,8,9,4,1,6,2,5,3,2,4,3,3.066,2.299,6,2,8,4,0,19
2025-03-14 09:00:00,19,2,13,25,8,14,27,3,5,7,3,1,3,4,3,3,0,4,2,2.642,1.991,2,1,9,4,0,22
2025-03-14 10:00:00,22,6,16,31,3,14,25,3,5,8,4,2,5,6,1,3,1,4,2,2.852,2.685,6,1,10,4,0,20
2025-03-14 11:00:00,20,4,12,29,6,17,30,2,3,10,4,1,3,7,0,4,2,2,2,2.814,2.791,4,1,11,4,0,27
2025-03-14 12:00:00,27,10,20,33,3,12,26,1,3,12,8,3,3,7,2,4,2,5,4,2.277,1.675,6,0,12,4,0,30
2025-03-14 13:00:00,30,9,23,39,6,15,29,2,3,14,10,1,3,7,4,3,1,7,5,2.3,1.618,5,0,13,4,0,30
2025-03-14 14:00:00,30,3,22,34,3,12,29,2,5,14,8,1,2,7,5,4,1,7,4,2.858,2.513,7,1,14,4,0,34
2025-03-14 15:00:00,34,10,22,42,6,15,27,3,5,14,11,1,3,7,8,3,1,6,6,2.766,2.557,8,0,15,4,0,34
2025-03-14 16:00:00,34,6,19,42,6,15,30,3,5,12,12,2,4,5,7,4,1,8,5,3.155,2.587,11,2,16,4,0,39
2025-03-14 17:00:00,39,13,29,51,8,20,32,3,6,17,9,4,4,6,8,5,2,10,4,2.485,2.271,9,1,17,4,0,34
2025-03-14 18:00:00,34,3,22,44,8,22,37,3,7,15,7,2,5,7,5,4,2,9,2,2.955,2.375,8,2,18,4,0,32
2025-03-14 19:00:00,32,4,20,39,6,22,37,2,8,14,6,2,4,8,5,3,3,8,1,3.373,2.732,10,2,19,4,0,31
2025-03-14 20:00:00,31,7,14,43,8,22,42,2,6,11,8,4,6,6,6,3,2,7,1,3.315,3.013,9,2,20,4,0,28
2025-03-14 21:00:00,28,7,18,40,10,24,46,2,7,7,9,3,7,5,5,3,1,6,1,2.78,2.006,9,1,21,4,0,22
2025-03-14 22:00:00,22,1,15,35,7,25,47,2,6,5,6,3,4,4,3,3,1,5,2,3.636,2.51,8,1,22,4,0,18
2025-03-14 23:00:00,18,4,12,26,8,25,47,2,8,4,3,1,5,3,1,2,1,3,3,3.727,2.606,6,2,23,4,0,16
2025-03-15 00:00:00,16,3,8,26,5,20,44,2,9,3,2,0,4,4,1,3,1,2,1,3.908,3.355,4,2,0,5,1,15
2025-03-15 01:00:00,15,1,8,23,2,15,40,2,8,3,2,0,3,4,1,3,1,1,2,4.659,2.999,7,3,1,5,1,16
2025-03-15 02:00:00,16,3,7,19,2,9,34,2,7,3,4,0,4,4,0,2,1,3,2,4.574,3.122,6,2,2,5,1,16
2025-03-15 03:00:00,16,2,6,14,2,6,26,2,6,4,4,0,4,4,0,2,2,2,2,5.113,3.822,8,3,3,5,1,15
2025-03-15 04:00:00,15,3,8,16,4,8,23,2,3,5,4,1,4,3,0,2,1,2,3,5.132,2.716,7,3,4,5,1,14
2025-03-15 05:00:00,14,1,6,13,2,8,17,2,2,5,4,1,3,2,0,2,2,2,3,5.448,3.303,5,3,5,5,1,14
2025-03-15 06:00:00,14,2,6,12,2,8,14,1,1,7,4,1,1,4,0,2,2,2,3,4.723,3.433,6,1,6,5,1,15
2025-03-15 07:00:00,15,4,7,15,3,7,15,1,3,6,5,0,2,5,1,2,1,2,2,4.552,3.214,6,2,7,5,1,15
2025-03-15 08:00:00,15,4,10,16,4,9,17,1,3,7,4,0,1,5,2,2,0,2,3,4.482,1.578,6,3,8,5,1,15
2025-03-15 09:00:00,15,1,9,15,1,8,16,1,3,8,3,0,1,5,2,2,0,2,3,5.044,2.402,5,3,9,5,1,16
2025-03-15 10:00:00,16,5,10,17,4,9,16,2,3,7,3,1,1,3,1,2,1,4,4,4.932,2.387,5,3,10,5,1,19
2025-03-15 11:00:00,19,7,13,23,4,9,18,3,6,6,4,0,2,4,1,2,4,3,3,3.587,1.936,4,2,11,5,1,27
2025-03-15 12:00:00,27,8,20,29,0,8,16,5,7,9,4,2,3,5,2,3,5,4,5,3.408,1.628,7,2,12,5,1,30
2025-03-15 13:00:00,30,7,22,32,4,8,17,5,7,11,4,3,4,5,4,2,6,2,7,3.237,2.036,5,1,13,5,1,32
2025-03-15 14:00:00,32,6,21,34,4,8,17,4,8,13,5,2,4,7,5,2,6,2,6,2.726,2.441,6,0,14,5,1,29
2025-03-15 15:00:00,29,5,18,38,8,16,24,4,6,16,2,1,4,6,5,2,5,3,4,2.897,2.847,7,0,15,5,1,28
2025-03-15 16:00:00,28,5,16,38,6,18,26,4,7,13,1,3,3,6,5,2,4,4,4,2.94,2.634,9,0,16,5,1,27
2025-03-15 17:00:00,27,4,14,35,5,19,27,4,7,11,2,3,4,3,4,2,5,5,4,3.317,3.167,9,0,17,5,1,25
2025-03-15 18:00:00,25,5,14,32,7,18,34,4,4,13,3,1,3,2,4,2,6,5,3,3.536,3.343,10,1,18,5,1,31
2025-03-15 19:00:00,31,8,17,33,2,14,32,6,3,16,4,2,5,3,4,4,6,5,4,3.523,2.774,12,2,19,5,1,28
2025-03-15 20:00:00,28,3,16,30,6,15,34,5,3,14,3,3,4,3,5,3,4,5,4,3.429,2.797,8,3,20,5,1,27
2025-03-15 21:00:00,27,2,13,27,3,11,29,6,3,12,4,2,3,3,6,3,5,4,3,3.974,3.374,9,3,21,5,1,25
2025-03-15 22:00:00,25,5,10,27,7,16,30,6,3,10,3,3,1,4,9,1,4,3,3,4.091,3.476,10,3,22,5,1,20
2025-03-15 23:00:00,20,4,11,27,9,19,34,5,3,7,5,0,1,4,6,0,4,2,3,4.52,3.196,9,4,23,5,1,20
2025-03-16 00:00:00,20,7,16,29,7,23,34,3,3,10,4,0,0,4,5,0,6,2,3,3.139,1.738,6,2,0,6,1,18
2025-03-16 01:00:00,18,2,13,23,4,20,36,2,3,11,2,0,1,4,3,1,5,1,3,3.128,2.168,3,1,1,6,1,13
2025-03-16 02:00:00,13,0,9,20,5,16,35,0,2,10,1,0,1,4,2,1,3,1,1,3.177,2.644,3,1,2,6,1,12
2025-03-16 03:00:00,12,5,7,23,6,15,38,0,1,8,3,0,3,2,1,2,3,0,1,2.222,2.545,1,0,3,6,1,10
2025-03-16 04:00:00,10,1,6,19,3,14,34,0,1,6,3,0,3,2,0,2,1,0,2,2.336,1.741,2,0,4,6,1,10
2025-03-16 05:00:00,10,3,9,18,3,12,28,0,1,4,5,0,3,2,0,2,1,0,2,2.595,2.446,3,0,5,6,1,13
2025-03-16 06:00:00,13,3,7,14,0,6,21,0,1,7,5,0,3,3,0,4,1,0,2,2.862,2.307,3,0,6,6,1,11
2025-03-16 07:00:00,11,4,10,16,6,9,23,0,0,7,2,2,1,3,1,3,0,2,1,2.236,1.314,2,0,7,6,1,12
2025-03-16 08:00:00,12,3,10,19,2,8,20,0,0,8,3,1,0,4,0,4,0,2,2,2.339,1.878,1,1,8,6,1,20
2025-03-16 09:00:00,20,11,18,25,3,11,17,1,2,11,5,1,0,5,2,5,2,4,2,1.632,0.762,1,1,9,6,1,30
2025-03-16 10:00:00,30,10,24,34,0,5,14,1,6,14,7,2,2,6,6,5,4,4,3,1.932,1.233,3,1,10,6,1,37
2025-03-16 11:00:00,37,12,33,43,5,8,16,3,6,19,7,2,3,9,6,6,5,3,5,1.865,1.517,4,0,11,6,1,34
2025-03-16 12:00:00,34,3,25,43,6,11,22,3,4,18,6,3,4,9,4,4,4,3,6,2.476,2.32,5,0,12,6,1,28
2025-03-16 13:00:00,28,2,17,41,8,19,24,3,3,16,4,2,3,6,4,3,3,3,6,2.936,2.791,7,0,13,6,1,25
2025-03-16 14:00:00,25,1,6,39,4,18,26,3,4,13,3,2,3,5,4,3,4,0,6,3.548,3.579,7,0,14,6,1,25
2025-03-16 15:00:00,25,4,7,32,4,16,27,3,4,10,5,3,3,5,4,2,4,0,7,3.739,4.114,15,1,15,6,1,28
2025-03-16 16:00:00,28,6,11,28,3,11,30,3,4,13,5,3,2,4,5,3,4,3,7,3.656,4.236,15,0,16,6,1,28
2025-03-16 17:00:00,28,4,14,20,4,11,29,3,5,14,5,1,2,3,3,5,5,4,6,3.921,3.893,14,2,17,6,1,30
2025-03-16 18:00:00,30,7,17,24,5,12,28,3,6,12,6,3,0,4,5,6,5,4,6,3.551,2.864,11,2,18,6,1,34
2025-03-16 19:00:00,34,8,19,30,4,13,24,3,5,15,8,3,1,3,4,9,6,4,7,3.365,2.124,10,6,19,6,1,34
2025-03-16 20:00:00,34,3,18,32,3,12,23,3,4,16,9,2,2,3,3,9,5,6,6,4.005,2.686,13,6,20,6,1,34
2025-03-16 21:00:00,34,3,14,31,3,10,22,2,5,16,9,2,2,2,4,9,6,6,5,4.114,3.173,14,4,21,6,1,38
2025-03-16 22:00:00,38,7,13,32,3,9,22,2,7,18,10,1,3,5,4,10,6,6,4,4.135,3.941,18,3,22,6,1,36
2025-03-16 23:00:00,36,3,13,31,5,11,23,2,6,19,8,1,2,3,5,10,5,7,4,4.476,4.663,21,2,23,6,1,34
2025-03-17 00:00:00,34,2,12,26,4,12,22,1,6,20,6,1,2,3,5,8,4,6,6,4.902,5.326,19,6,0,0,0,36
2025-03-17 01:00:00,36,5,10,23,3,12,21,1,7,18,9,1,2,4,7,8,3,6,6,4.762,4.244,19,7,1,0,0,35
2025-03-17 02:00:00,35,2,9,22,3,10,21,1,8,17,8,1,2,3,6,10,3,6,5,5.641,5.428,25,9,2,0,0,34
2025-03-17 03:00:00,34,3,10,22,4,10,22,1,9,16,7,1,2,4,7,11,2,5,3,5.9,5.567,23,12,3,0,0,27
2025-03-17 04:00:00,27,3,8,18,10,17,29,1,8,13,4,1,2,3,6,11,1,3,1,6.037,6.116,16,9,4,0,0,28
2025-03-17 05:00:00,28,4,10,19,3,17,27,1,8,15,3,1,2,4,7,11,2,2,0,5.99,5.585,16,10,5,0,0,22
2025-03-17 06:00:00,22,2,9,19,8,21,31,1,8,10,2,1,1,4,4,10,2,1,0,6.022,4.321,12,9,6,0,0,20
2025-03-17 07:00:00,20,4,10,18,6,17,34,1,7,8,2,2,2,3,4,7,3,1,0,4.925,3.091,8,5,7,0,0,23
2025-03-17 08:00:00,23,7,13,23,4,18,35,2,7,7,4,3,2,4,2,8,3,4,0,4.492,2.552,7,5,8,0,0,28
2025-03-17 09:00:00,28,8,19,28,3,13,34,2,6,9,9,2,3,3,3,7,3,7,2,4.127,1.763,8,5,9,0,0,29
2025-03-17 10:00:00,29,6,21,31,5,12,29,2,6,11,7,3,4,4,3,6,1,7,4,3.941,2.185,8,5,10,0,0,32
2025-03-17 11:00:00,32,5,19,32,2,10,28,2,7,13,6,4,4,4,3,6,1,9,5,4.368,2.486,9,5,11,0,0,30
2025-03-17 12:00:00,30,7,18,37,9,16,29,1,6,16,4,3,6,2,2,4,3,7,6,3.602,2.39,8,3,12,0,0,34
2025-03-17 13:00:00,34,11,23,44,7,18,30,1,6,17,8,2,6,2,5,5,4,6,6,3.239,1.739,8,3,13,0,0,38
2025-03-17 14:00:00,38,11,29,48,7,23,33,2,6,19,9,2,6,3,7,5,5,7,5,3.201,1.709,8,3,14,0,0,44
2025-03-17 15:00:00,44,13,35,53,7,21,37,2,9,21,9,3,5,6,8,7,6,7,5,2.97,1.829,8,2,15,0,0,46
2025-03-17 16:00:00,46,10,34,57,8,22,40,2,12,20,10,2,7,5,6,8,7,5,8,3.223,2.111,11,3,16,0,0,45
2025-03-17 17:00:00,45,9,32,61,10,25,48,2,11,17,11,4,10,4,6,6,5,6,8,2.718,2.263,6,1,17,0,0,40
2025-03-17 18:00:00,40,6,25,60,11,29,50,0,11,16,10,3,10,2,5,6,5,5,7,3.152,2.724,8,1,18,0,0,34
2025-03-17 19:00:00,34,6,21,55,12,33,55,0,10,16,4,4,8,4,2,6,6,3,5,3.539,2.98,12,2,19,0,0,33
2025-03-17 20:00:00,33,6,18,50,7,30,55,0,8,16,6,3,9,4,2,4,7,1,6,3.81,3.107,13,2,20,0,0,29
2025-03-17 21:00:00,29,4,16,41,8,27,56,0,8,13,6,2,7,4,2,3,7,0,6,3.182,2.616,10,0,21,0,0,24
2025-03-17 22:00:00,24,4,14,35,9,24,57,0,7,14,2,1,6,5,1,3,5,0,4,3.443,2.982,9,0,22,0,0,26
2025-03-17 23:00:00,26,5,13,31,3,20,50,0,6,16,4,0,8,5,1,2,5,1,4,3.454,3.045,9,2,23,0,0,30
2025-03-18 00:00:00,30,8,17,33,4,16,43,0,7,18,5,0,6,7,2,2,6,3,4,3.474,2.956,11,3,0,1,0,28
2025-03-18 01:00:00,28,4,17,31,6,13,37,0,9,15,3,1,6,6,4,2,4,4,2,3.441,2.462,10,3,1,1,0,16
2025-03-18 02:00:00,16,0,12,25,12,22,42,0,7,8,0,1,3,4,2,0,3,3,1,3.048,2.635,5,0,2,1,0,14
2025-03-18 03:00:00,14,1,5,22,3,21,37,0,6,7,1,0,2,4,2,0,3,2,1,3.821,3.294,5,0,3,1,0,16
2025-03-18 04:00:00,16,3,4,21,1,16,29,0,5,9,2,0,4,3,2,0,3,3,1,3.795,4.121,9,0,4,1,0,16
2025-03-18 05:00:00,16,3,7,19,3,7,29,0,4,7,4,1,4,3,3,0,2,1,3,3.91,4.179,9,1,5,1,0,15
2025-03-18 06:00:00,15,3,9,14,4,8,29,1,4,5,4,1,4,1,3,1,3,1,2,3.655,2.16,6,2,6,1,0,18
2025-03-18 07:00:00,18,5,11,15,2,9,25,1,5,8,3,1,3,2,4,2,4,1,2,3.426,2.649,5,2,7,1,0,16
2025-03-18 08:00:00,16,3,11,18,5,11,18,1,3,7,4,1,3,2,5,3,2,1,0,2.715,2.214,4,0,8,1,0,18
2025-03-18 09:00:00,18,7,15,24,5,12,20,1,3,9,2,3,4,2,5,2,3,1,1,2.406,1.874,4,1,9,1,0,23
2025-03-18 10:00:00,23,8,18,29,3,13,22,1,5,11,3,3,4,3,5,3,3,3,2,2.304,1.396,4,1,10,1,0,21
2025-03-18 11:00:00,21,5,20,31,7,15,26,1,5,11,2,2,0,4,6,3,3,3,2,2.313,1.809,5,0,11,1,0,24
2025-03-18 12:00:00,24,6,19,34,3,13,25,1,5,12,5,1,0,3,8,3,3,3,4,2.448,2.197,3,1,12,1,0,23
2025-03-18 13:00:00,23,6,17,35,7,17,30,1,6,10,6,0,1,3,6,3,3,2,5,2.48,2.215,4,0,13,1,0,30
2025-03-18 14:00:00,30,12,24,44,5,15,30,0,8,13,9,0,1,5,6,2,3,3,10,2.067,1.871,6,0,14,1,0,29
2025-03-18 15:00:00,29,3,21,40,4,16,29,0,9,11,9,0,2,5,5,3,2,4,8,2.703,1.983,7,0,15,1,0,29
2025-03-18 16:00:00,29,6,21,38,6,15,32,0,9,12,8,0,3,8,4,2,3,4,5,2.903,2.689,6,0,16,1,0,31
2025-03-18 17:00:00,31,8,17,41,6,16,31,0,8,17,6,0,5,8,4,2,3,4,5,3.03,2.956,8,1,17,1,0,33
2025-03-18 18:00:00,33,9,23,44,7,19,35,0,8,17,7,1,5,9,5,3,3,3,5,2.862,1.98,9,2,18,1,0,37
2025-03-18 19:00:00,37,11,28,49,7,20,35,0,8,19,9,1,7,8,7,4,4,4,3,2.804,1.976,8,3,19,1,0,32
2025-03-18 20:00:00,32,2,22,39,7,21,37,0,7,17,7,1,5,7,6,4,4,4,2,3.522,2.606,9,3,20,1,0,28
2025-03-18 21:00:00,28,7,20,43,11,25,44,0,4,16,6,2,4,2,7,4,5,3,3,2.407,2.568,4,0,21,1,0,24
2025-03-18 22:00:00,24,2,11,39,6,24,44,0,4,14,5,1,2,2,5,3,5,4,3,3.004,3.236,6,0,22,1,0,22
2025-03-18 23:00:00,22,4,13,35,6,23,44,0,3,16,3,0,1,2,3,3,4,5,4,3.361,4.003,11,0,23,1,0,18
2025-03-19 00:00:00,18,4,10,30,8,20,45,1,4,11,2,0,1,3,2,1,2,5,4,3.049,2.41,6,0,0,2,0,18
2025-03-19 01:00:00,18,0,8,19,0,14,38,1,4,11,2,0,1,3,2,1,2,5,4,4.049,3.41,8,1,1,2,0,16
2025-03-19 02:00:00,16,2,6,19,4,12,35,1,4,10,1,0,2,3,1,1,2,2,5,4.349,3.859,7,1,2,2,0,12
2025-03-19 03:00:00,12,0,2,12,4,8,28,1,3,8,0,0,2,3,1,0,1,0,5,4.831,4.326,6,2,3,2,0,11
2025-03-19 04:00:00,11,3,5,13,4,12,26,1,2,7,1,0,3,1,1,0,2,0,4,4.543,4.087,6,2,4,2,0,8
2025-03-19 05:00:00,8,1,4,10,4,12,24,0,2,5,1,0,3,0,1,0,2,0,2,3.858,2.728,2,1,5,2,0,12
2025-03-19 06:00:00,12,6,10,12,2,10,18,0,3,7,1,1,4,0,1,2,2,0,3,2.665,1.135,3,1,6,2,0,16
2025-03-19 07:00:00,16,6,13,18,2,8,20,0,3,6,6,1,4,0,2,4,3,1,2,1.734,1.343,1,0,7,2,0,18
2025-03-19 08:00:00,18,4,16,20,2,6,18,0,3,7,7,1,5,0,3,4,2,2,2,2.01,1.891,1,0,8,2,0,21
2025-03-19 09:00:00,21,3,13,23,0,4,14,0,3,9,8,1,7,1,3,4,2,2,2,2.705,2.671,2,0,9,2,0,23
2025-03-19 10:00:00,23,3,10,23,1,3,11,1,3,10,8,1,6,2,4,4,2,3,2,3.094,3.393,7,0,10,2,0,23
2025-03-19 11:00:00,23,4,10,26,4,5,11,2,3,13,5,0,7,3,3,3,2,2,3,3.328,3.201,9,0,11,2,0,27
2025-03-19 12:00:00,27,7,14,27,3,8,12,2,4,15,6,0,5,4,3,4,6,2,3,3.156,2.855,10,0,12,2,0,27
2025-03-19 13:00:00,27,4,15,25,4,11,14,2,5,14,6,0,4,5,4,3,7,2,2,3.143,2.876,9,1,13,2,0,28
2025-03-19 14:00:00,28,4,15,25,3,10,15,2,5,15,6,0,3,6,3,4,8,2,2,3.47,2.77,9,1,14,2,0,33
2025-03-19 15:00:00,33,9,17,31,4,11,19,3,6,17,6,1,6,6,3,5,10,1,2,3.09,2.597,9,2,15,2,0,32
2025-03-19 16:00:00,32,3,16,31,4,11,22,3,6,16,6,1,5,6,4,4,9,1,3,3.412,2.89,13,1,16,2,0,33
2025-03-19 17:00:00,33,5,17,32,4,12,22,2,7,16,6,2,6,8,3,3,9,1,3,3.732,2.882,14,2,17,2,0,37
2025-03-19 18:00:00,37,9,17,34,5,13,24,2,9,16,8,2,6,8,5,5,8,1,4,3.61,3.401,14,2,18,2,0,38
2025-03-19 19:00:00,38,6,20,36,5,14,25,2,10,16,9,1,5,7,6,5,9,0,6,3.832,3.36,18,3,19,2,0,39
2025-03-19 20:00:00,39,3,18,35,2,12,24,1,12,16,9,1,5,8,6,4,9,1,6,4.369,3.125,17,7,20,2,0,40
2025-03-19 21:00:00,40,9,18,35,8,15,28,1,13,15,10,1,6,9,8,4,9,2,2,4.14,3.559,16,5,21,2,0,32
2025-03-19 22:00:00,32,1,13,33,9,19,33,1,12,12,7,0,7,7,6,3,7,2,0,4.45,3.822,15,4,22,2,0,32
2025-03-19 23:00:00,32,8,18,36,8,25,37,1,10,12,7,2,7,7,5,2,8,2,1,3.669,2.941,13,4,23,2,0,28
2025-03-20 00:00:00,28,6,15,33,10,27,42,0,11,9,5,3,6,6,4,0,6,2,4,3.246,2.282,7,3,0,3,0,22
2025-03-20 01:00:00,22,2,16,29,8,26,45,0,10,6,4,2,3,4,4,0,5,2,4,3.371,2.32,7,1,1,3,0,22
2025-03-20 02:00:00,22,4,12,30,4,22,47,0,8,7,4,3,3,4,1,0,6,3,5,3.597,2.823,6,2,2,3,0,23
2025-03-20 03:00:00,23,4,10,25,3,15,42,0,9,6,5,3,6,3,1,1,5,2,5,3.572,3.113,8,1,3,3,0,18
2025-03-20 04:00:00,18,1,9,25,6,13,39,0,7,5,3,3,5,2,0,1,3,3,4,3.693,3.728,8,1,4,3,0,18
2025-03-20 05:00:00,18,3,8,20,3,12,34,0,6,6,2,4,6,2,0,0,2,3,5,4.041,3.674,8,1,5,3,0,17
2025-03-20 06:00:00,17,5,9,19,6,15,30,0,6,5,4,2,4,3,0,2,1,3,4,3.699,2.463,6,2,6,3,0,17
2025-03-20 07:00:00,17,3,11,20,3,12,25,0,8,4,4,1,6,2,1,2,0,3,3,3.604,2.002,6,2,7,3,0,11
2025-03-20 08:00:00,11,1,9,17,7,16,28,0,7,3,1,0,5,1,2,0,0,2,1,4.543,2.564,4,3,8,3,0,12
2025-03-20 09:00:00,12,4,8,17,3,13,28,0,7,3,2,0,3,2,1,1,1,3,1,3.657,2.475,3,2,9,3,0,15
2025-03-20 10:00:00,15,6,11,22,3,13,25,0,7,7,1,0,2,2,2,1,2,5,1,2.417,1.176,3,1,10,3,0,25
2025-03-20 11:00:00,25,12,22,31,2,8,24,3,5,10,3,4,3,4,5,2,4,5,2,1.786,1.393,2,1,11,3,0,40
2025-03-20 12:00:00,40,19,37,45,4,9,22,3,10,17,5,5,7,8,7,2,4,8,4,1.456,1.063,1,0,12,3,0,45
2025-03-20 13:00:00,45,9,40,51,4,10,23,3,10,20,7,5,8,12,9,2,4,6,4,1.942,1.736,3,0,13,3,0,44
2025-03-20 14:00:00,44,6,34,56,7,15,23,3,9,23,6,3,7,13,9,5,3,4,3,2.514,2.457,6,0,14,3,0,38
2025-03-20 15:00:00,38,6,21,58,12,23,32,2,9,21,4,2,7,11,8,5,2,3,2,2.795,3.006,6,0,15,3,0,40
2025-03-20 16:00:00,40,8,20,60,6,25,35,2,7,23,3,5,6,10,8,5,3,6,2,2.982,2.895,14,0,16,3,0,34
2025-03-20 17:00:00,34,5,19,53,11,29,44,3,5,21,2,3,9,6,5,4,2,6,2,3.059,2.611,11,1,17,3,0,29
2025-03-20 18:00:00,29,4,17,38,9,26,49,4,5,16,3,1,10,4,4,3,1,5,2,3.452,2.853,10,1,18,3,0,26
2025-03-20 19:00:00,26,5,14,34,8,28,53,5,5,13,2,1,8,4,3,5,1,4,1,3.622,2.858,9,3,19,3,0,19
2025-03-20 20:00:00,19,2,11,30,9,26,55,3,6,10,0,0,4,4,1,5,1,3,1,3.842,2.814,6,2,20,3,0,17
2025-03-20 21:00:00,17,1,8,25,3,20,46,3,6,8,0,0,2,4,1,5,1,4,0,4.759,3.814,8,3,21,3,0,22
2025-03-20 22:00:00,22,8,11,25,3,15,43,3,4,11,3,1,3,4,2,7,2,4,0,3.714,3.011,7,3,22,3,0,19
2025-03-20 23:00:00,19,3,12,23,6,12,38,3,1,10,4,1,4,1,2,6,2,4,0,3.482,2.045,8,1,23,3,0,16
2025-03-21 00:00:00,16,2,13,21,5,14,34,2,1,9,3,1,3,2,2,3,2,4,0,3.938,2.855,6,1,0,4,0,12
2025-03-21 01:00:00,12,1,6,17,5,16,31,1,2,7,1,1,3,3,1,0,1,4,0,4.399,3.626,4,2,1,4,0,11
2025-03-21 02:00:00,11,1,4,16,2,12,24,0,2,6,2,1,3,3,1,0,1,3,0,4.591,4.026,6,1,2,4,0,10
2025-03-21 03:00:00,10,3,5,18,4,11,25,0,2,4,3,1,2,5,1,1,1,0,0,3.759,3.013,3,1,3,4,0,12
2025-03-21 04:00:00,12,3,7,13,1,7,23,0,1,7,3,1,3,4,2,1,1,0,1,3.778,1.635,5,1,4,4,0,10
2025-03-21 05:00:00,10,1,7,11,3,8,20,0,0,6,4,0,2,3,1,1,2,0,1,2.676,2.084,2,0,5,4,0,11
2025-03-21 06:00:00,11,4,8,13,3,7,18,0,1,8,2,0,4,2,1,1,1,0,2,1.868,2.129,1,0,6,4,0,15
2025-03-21 07:00:00,15,4,9,16,0,6,13,0,2,11,2,0,6,2,1,2,2,0,2,2.261,1.658,3,0,7,4,0,16
2025-03-21 08:00:00,16,3,11,18,2,5,13,0,3,12,1,0,7,2,2,2,1,1,1,2.759,2.314,6,0,8,4,0,18
2025-03-21 09:00:00,18,5,12,20,3,5,12,1,2,12,3,0,7,2,3,1,1,2,2,2.799,2.423,5,0,9,4,0,18
2025-03-21 10:00:00,18,4,12,21,4,9,15,1,1,14,2,0,6,3,4,1,1,2,1,3.044,2.211,5,1,10,4,0,16
2025-03-21 11:00:00,16,2,11,22,4,11,16,1,1,12,2,0,5,2,3,0,1,2,3,3.235,2.87,4,1,11,4,0,22
2025-03-21 12:00:00,22,8,14,26,2,10,15,1,1,13,5,2,8,3,2,0,2,3,4,2.767,2.19,5,2,12,4,0,27
2025-03-21 13:00:00,27,7,17,29,2,8,17,1,1,15,6,4,9,4,3,1,1,5,4,2.644,1.676,8,1,13,4,0,27
2025-03-21 14:00:00,27,3,18,29,3,7,18,1,1,16,6,3,9,5,3,0,1,5,4,3.177,2.633,9,0,14,4,0,26
2025-03-21 15:00:00,26,4,14,28,5,10,20,1,3,15,5,2,7,5,5,1,1,4,3,3.489,3.336,9,1,15,4,0,21
2025-03-21 16:00:00,21,4,11,28,9,17,25,2,4,11,3,1,5,5,6,2,0,2,1,3.255,2.489,7,0,16,4,0,17
2025-03-21 17:00:00,17,2,10,28,6,20,27,2,3,10,2,0,2,4,6,1,0,3,1,3.226,2.268,5,2,17,4,0,23
2025-03-21 18:00:00,23,8,14,28,2,17,27,2,4,12,2,3,4,2,6,3,1,4,3,3.015,2.546,7,2,18,4,0,24
2025-03-21 19:00:00,24,6,16,27,5,13,30,2,3,14,3,2,4,5,7,2,1,3,2,3.091,2.01,8,2,19,4,0,30
2025-03-21 20:00:00,30,10,24,34,4,11,31,1,6,15,5,3,4,6,7,3,2,4,4,2.783,2.034,8,1,20,4,0,29
2025-03-21 21:00:00,29,7,23,37,8,17,34,1,5,14,7,2,6,5,6,3,2,2,5,2.63,1.877,4,1,21,4,0,28
2025-03-21 22:00:00,28,7,24,40,8,20,33,2,6,14,6,0,4,8,6,2,2,1,5,2.683,1.947,4,1,22,4,0,31
2025-03-21 23:00:00,31,9,23,47,6,22,33,2,6,14,5,4,4,9,7,1,1,3,6,2.631,1.878,6,2,23,4,0,24
2025-03-22 00:00:00,24,2,18,41,9,23,40,2,6,9,4,3,3,7,5,1,2,2,4,3.145,2.611,5,1,0,5,1,24
2025-03-22 01:00:00,24,3,14,38,3,18,38,1,6,10,4,3,3,7,5,3,2,0,4,3.272,3.207,7,0,1,5,1,21
2025-03-22 02:00:00,21,4,9,32,7,19,41,1,4,9,6,1,4,6,4,2,1,0,4,3.467,3.381,9,0,2,5,1,17
2025-03-22 03:00:00,17,2,9,27,6,16,39,0,4,9,4,0,3,4,3,2,1,1,3,3.637,3.247,8,1,3,5,1,21
2025-03-22 04:00:00,21,6,12,26,2,15,33,0,6,9,5,1,5,5,4,2,1,1,3,3.378,2.809,8,1,4,5,1,21
2025-03-22 05:00:00,21,3,11,20,3,11,30,0,5,11,4,1,4,3,5,2,2,1,4,3.558,2.758,8,1,5,5,1,18
2025-03-22 06:00:00,18,3,12,21,6,11,27,0,5,8,3,2,3,5,5,1,2,1,1,3.639,2.711,6,3,6,5,1,14
2025-03-22 07:00:00,14,1,7,19,5,14,29,0,5,7,1,1,0,4,5,1,2,1,1,4.249,2.787,5,3,7,5,1,16
2025-03-22 08:00:00,16,5,9,20,3,14,25,0,7,7,1,1,1,2,4,2,2,4,1,3.478,2.608,5,2,8,5,1,12
2025-03-22 09:00:00,12,1,7,19,5,13,24,0,5,4,1,2,1,0,3,2,1,5,0,3.074,2.109,5,0,9,5,1,13
2025-03-22 10:00:00,13,4,10,17,3,11,25,0,4,5,3,1,2,1,3,3,1,3,0,2.512,2.428,3,0,10,5,1,13
2025-03-22 11:00:00,13,3,8,17,3,11,25,0,4,5,3,1,2,1,3,3,1,2,1,2.844,1.231,4,0,11,5,1,22
2025-03-22 12:00:00,22,9,16,23,0,6,19,0,6,10,4,2,5,2,4,3,2,3,3,2.497,1.577,6,1,12,5,1,32
2025-03-22 13:00:00,32,12,24,34,2,5,16,0,7,13,9,3,5,4,6,2,5,4,6,2.23,1.549,5,2,13,5,1,36
2025-03-22 14:00:00,36,10,31,39,6,8,19,0,7,15,9,5,6,4,4,3,6,4,9,2.368,1.648,5,2,14,5,1,30
2025-03-22 15:00:00,30,3,25,41,9,17,23,0,5,13,10,2,8,3,3,2,3,4,7,2.567,2.227,3,0,15,5,1,28
2025-03-22 16:00:00,28,5,18,42,7,22,27,1,5,12,8,2,8,3,3,2,3,3,6,2.83,2.736,9,0,16,5,1,28
2025-03-22 17:00:00,28,9,17,48,9,25,33,1,4,12,11,0,7,3,3,3,2,2,8,2.341,1.991,5,0,17,5,1,24
2025-03-22 18:00:00,24,2,16,41,6,22,39,1,4,11,8,0,4,4,2,3,2,1,8,2.928,2.093,9,1,18,5,1,33
2025-03-22 19:00:00,33,11,22,40,2,17,39,1,5,14,11,2,10,4,4,3,3,2,7,2.764,2.36,8,1,19,5,1,33
2025-03-22 20:00:00,33,6,19,36,6,14,39,1,3,16,10,3,9,5,6,4,3,1,5,2.953,1.928,8,1,20,5,1,30
2025-03-22 21:00:00,30,2,19,35,5,13,35,1,3,15,8,3,6,5,6,4,3,2,4,3.639,2.828,12,2,21,5,1,27
2025-03-22 22:00:00,27,5,13,35,8,19,36,1,5,12,5,4,5,6,3,4,5,3,1,3.704,3.141,7,4,22,5,1,24
2025-03-22 23:00:00,24,2,9,28,5,18,32,1,5,12,3,3,6,6,2,3,3,2,2,4.436,4.3,13,3,23,5,1,20
2025-03-23 00:00:00,20,2,9,28,6,19,32,1,5,9,4,1,4,4,3,3,3,2,1,4.485,4.609,11,3,0,6,1,15
2025-03-23 01:00:00,15,1,5,18,6,17,36,1,5,7,2,0,4,2,2,1,3,2,1,4.489,3.861,7,1,1,6,1,15
2025-03-23 02:00:00,15,3,6,15,3,15,33,0,5,7,2,1,4,2,1,0,4,2,2,4.221,3.79,7,0,2,6,1,14
2025-03-23 03:00:00,14,3,7,16,4,13,32,0,3,6,4,1,4,3,1,0,3,2,1,4.144,3.158,6,4,3,6,1,16
2025-03-23 04:00:00,16,4,10,15,2,9,26,0,3,7,5,1,5,3,1,0,3,1,3,3.77,2.771,5,3,4,6,1,15
2025-03-23 05:00:00,15,1,8,14,2,8,23,0,3,7,5,0,5,3,1,0,3,1,2,4.142,2.982,5,2,5,6,1,15
2025-03-23 06:00:00,15,1,6,13,1,5,18,0,3,6,5,1,5,2,1,0,3,1,3,4.936,3.982,7,3,6,6,1,12
2025-03-23 07:00:00,12,2,4,14,5,8,17,0,2,6,3,1,3,2,2,0,3,0,2,4.335,4.36,6,1,7,6,1,12
2025-03-23 08:00:00,12,2,5,13,2,8,16,0,2,7,2,1,3,1,2,1,2,0,3,3.798,4.005,6,0,8,6,1,11
2025-03-23 09:00:00,11,4,8,14,5,12,17,0,3,6,1,1,1,2,2,2,1,2,1,2.614,1.576,3,0,9,6,1,14
2025-03-23 10:00:00,14,5,11,15,2,9,17,0,2,9,2,1,1,2,3,4,0,2,2,1.716,1.47,1,0,10,6,1,17
2025-03-23 11:00:00,17,6,15,20,3,10,18,0,7,9,0,1,3,4,2,3,0,3,2,1.898,1.258,2,0,11,6,1,21
2025-03-23 12:00:00,21,7,18,26,3,8,20,0,7,8,2,4,4,5,2,4,0,4,2,2.13,1.71,4,0,12,6,1,25
2025-03-23 13:00:00,25,8,21,32,4,10,19,0,7,10,4,4,3,8,1,5,0,5,3,1.984,1.885,2,0,13,6,1,21
2025-03-23 14:00:00,21,2,17,32,6,13,23,0,6,10,4,1,2,7,0,4,1,4,3,2.599,2.478,3,0,14,6,1,22
2025-03-23 15:00:00,22,7,17,35,6,16,24,0,6,8,8,0,4,6,2,2,2,3,3,2.445,2.712,5,0,15,6,1,22
2025-03-23 16:00:00,22,4,13,34,4,16,26,0,6,5,10,1,4,5,2,4,2,4,1,2.693,1.946,5,0,16,6,1,16
2025-03-23 17:00:00,16,1,12,29,7,17,30,0,4,3,8,1,2,3,3,3,2,2,1,2.863,2.386,4,0,17,6,1,17
2025-03-23 18:00:00,17,4,9,26,3,14,30,0,4,3,9,1,1,5,2,3,3,1,2,2.996,2.841,4,0,18,6,1,23
2025-03-23 19:00:00,23,8,13,26,2,12,28,1,5,5,9,3,3,6,6,2,4,1,1,2.729,1.943,7,1,19,6,1,20
2025-03-23 20:00:00,20,3,15,27,6,11,28,1,5,7,5,2,2,5,7,2,3,0,1,3.228,1.993,7,1,20,6,1,22
2025-03-23 21:00:00,22,4,15,24,2,10,24,1,5,9,5,2,3,4,8,2,3,0,2,3.328,2.799,7,1,21,6,1,17
2025-03-23 22:00:00,17,3,10,23,8,16,28,1,4,11,1,0,3,3,4,1,2,2,2,3.283,2.605,3,1,22,6,1,14
2025-03-23 23:00:00,14,1,8,23,4,14,25,1,4,7,2,0,3,2,3,2,1,2,1,3.794,2.545,5,2,23,6,1,15
2025-03-24 00:00:00,15,4,8,23,3,15,25,1,3,7,3,1,3,2,2,2,2,3,1,3.396,2.851,4,1,0,0,0,16
2025-03-24 01:00:00,16,2,7,17,1,8,24,1,3,7,4,1,3,4,2,2,2,2,1,3.984,3.74,7,1,1,0,0,13
2025-03-24 02:00:00,13,2,8,16,5,9,23,1,2,4,4,2,1,5,2,1,2,2,0,3.374,2.787,4,0,2,0,0,11
2025-03-24 03:00:00,11,3,7,15,5,11,26,1,2,4,3,1,0,5,1,1,1,1,2,3.222,2.612,3,2,3,0,0,11
2025-03-24 04:00:00,11,4,9,16,4,14,22,0,1,6,3,1,1,3,1,0,3,1,2,1.769,1.358,1,0,4,0,0,9
2025-03-24 05:00:00,9,2,9,17,4,13,22,0,3,3,3,0,2,2,1,0,3,1,0,1.924,1.349,1,0,5,0,0,9
2025-03-24 06:00:00,9,4,10,17,4,12,23,0,4,4,1,0,3,3,0,0,1,2,0,1.587,1.096,1,0,6,0,0,10
2025-03-24 07:00:00,10,3,9,18,2,10,24,0,4,5,1,0,5,3,0,0,0,1,1,1.563,1.492,0,0,7,0,0,13
2025-03-24 08:00:00,13,3,10,19,0,6,19,0,5,5,2,1,5,4,1,0,1,1,1,2.078,2.45,1,0,8,0,0,16
2025-03-24 09:00:00,16,5,11,21,2,4,16,0,5,8,1,2,4,4,2,0,1,3,2,2.447,2.806,3,0,9,0,0,15
2025-03-24 10:00:00,15,4,12,21,5,7,17,0,4,7,4,0,3,3,1,2,2,3,1,2.664,1.893,6,0,10,0,0,16
2025-03-24 11:00:00,16,2,11,21,1,8,14,0,4,8,4,0,4,3,1,2,2,3,1,3.16,2.574,5,0,11,0,0,18
2025-03-24 12:00:00,18,5,11,22,3,9,13,0,4,7,6,1,2,3,3,2,4,3,1,2.64,2.407,3,0,12,0,0,18
2025-03-24 13:00:00,18,4,11,23,4,8,15,0,5,8,4,1,2,5,3,1,4,2,1,2.811,2.255,5,1,13,0,0,22
2025-03-24 14:00:00,22,6,15,26,2,9,17,1,5,10,4,2,3,7,2,1,4,2,3,2.964,2.125,6,2,14,0,0,23
2025-03-24 15:00:00,23,6,16,27,5,11,20,1,7,9,5,1,4,6,2,1,5,2,3,2.689,1.993,5,1,15,0,0,29
2025-03-24 16:00:00,29,11,23,34,5,12,20,2,8,13,4,2,4,7,3,3,5,3,4,2.528,1.374,5,2,16,0,0,31
2025-03-24 17:00:00,31,8,25,40,6,16,25,4,7,10,7,3,6,7,4,3,5,2,4,2.384,1.777,4,2,17,0,0,34
2025-03-24 18:00:00,34,6,25,41,3,14,25,4,6,11,9,4,8,7,3,4,6,2,4,2.664,2.279,6,1,18,0,0,35
2025-03-24 19:00:00,35,5,19,42,4,13,25,4,5,14,8,4,8,8,3,5,5,1,5,3.064,3.095,9,1,19,0,0,34
2025-03-24 20:00:00,34,7,18,43,8,15,31,4,6,15,7,2,9,8,2,4,6,1,4,3.304,3.171,13,1,20,0,0,27
2025-03-24 21:00:00,27,4,16,41,11,23,37,4,6,11,6,0,5,9,2,2,3,2,4,3.355,2.825,11,1,21,0,0,28
2025-03-24 22:00:00,28,5,16,35,4,23,36,4,6,12,6,0,6,10,1,1,4,2,4,3.437,2.545,8,2,22,0,0,25
2025-03-24 23:00:00,25,4,13,31,7,22,37,2,6,13,4,0,6,7,1,3,3,2,3,3.491,3.031,7,3,23,0,0,17
2025-03-25 00:00:00,17,2,11,27,10,21,44,2,4,10,1,0,3,5,1,5,1,1,1,3.253,2.501,5,1,0,1,0,15
2025-03-25 01:00:00,15,1,7,23,3,20,43,2,3,9,0,1,3,4,1,5,1,1,0,3.837,3.03,5,2,1,1,0,14
2025-03-25 02:00:00,14,2,5,18,3,16,38,2,3,7,0,2,3,4,2,3,1,1,0,4.221,3.673,6,2,2,1,0,14
2025-03-25 03:00:00,14,4,7,18,4,10,31,2,4,6,0,2,3,4,2,1,2,2,0,3.989,2.779,6,2,3,1,0,18
2025-03-25 04:00:00,18,4,10,17,0,7,27,2,5,9,0,2,4,4,3,2,2,2,1,3.924,2.243,7,2,4,1,0,15
2025-03-25 05:00:00,15,3,11,16,6,10,26,1,4,9,0,1,4,3,2,2,2,1,1,3.355,2.506,4,1,5,1,0,10
2025-03-25 06:00:00,10,0,7,14,5,11,21,0,2,7,0,1,3,2,1,2,1,0,1,3.209,2.057,2,1,6,1,0,9
2025-03-25 07:00:00,9,3,6,16,4,15,22,1,3,5,0,0,3,2,0,1,1,1,1,2.339,2.663,1,0,7,1,0,10
2025-03-25 08:00:00,10,3,6,17,2,11,21,2,2,5,1,0,3,2,0,2,1,2,0,2.177,1.537,2,0,8,1,0,15
2025-03-25 09:00:00,15,6,12,19,1,7,18,2,2,7,4,0,2,3,1,4,2,3,0,1.92,1.514,3,0,9,1,0,17
2025-03-25 10:00:00,17,5,14,20,3,6,21,1,2,7,7,0,2,4,3,4,1,2,1,2.175,1.539,3,0,10,1,0,22
2025-03-25 11:00:00,22,9,20,26,4,8,19,1,4,11,6,0,2,7,1,5,2,4,1,2.039,1.472,3,0,11,1,0,26
2025-03-25 12:00:00,26,8,22,34,4,11,18,1,5,9,11,0,1,9,2,6,2,3,3,1.99,1.592,3,1,12,1,0,29
2025-03-25 13:00:00,29,6,23,37,3,11,17,1,6,10,12,0,1,8,4,4,4,4,4,2.27,2.034,5,0,13,1,0,27
2025-03-25 14:00:00,27,3,17,37,5,12,20,2,8,8,9,0,2,7,5,4,4,2,3,2.867,2.388,5,0,14,1,0,31
2025-03-25 15:00:00,31,10,19,41,6,14,25,3,10,9,9,0,4,9,5,3,4,3,3,2.651,2.286,8,0,15,1,0,36
2025-03-25 16:00:00,36,10,23,46,5,16,27,4,10,11,11,0,4,9,6,3,4,3,7,2.674,1.766,10,2,16,1,0,35
2025-03-25 17:00:00,35,8,28,45,9,20,32,3,7,13,12,0,5,9,7,2,4,2,6,2.781,2.066,8,1,17,1,0,27
2025-03-25 18:00:00,27,4,22,41,12,26,40,2,1,15,9,0,7,5,4,1,3,2,5,2.616,2.161,3,0,18,1,0,27
2025-03-25 19:00:00,27,6,18,41,6,27,43,2,1,16,7,1,6,4,4,1,4,3,5,2.704,2.552,6,1,19,1,0,27
2025-03-25 20:00:00,27,9,19,47,9,27,47,0,2,16,6,3,5,3,5,1,5,5,3,2.282,1.751,6,0,20,1,0,29
2025-03-25 21:00:00,29,5,20,42,3,18,44,0,2,18,6,3,5,4,6,0,6,5,3,2.677,2.066,6,0,21,1,0,32
2025-03-25 22:00:00,32,8,22,40,5,17,44,0,3,20,7,2,6,5,5,1,6,6,3,2.903,2.57,8,0,22,1,0,30
2025-03-25 23:00:00,30,4,17,36,6,14,41,0,3,21,5,1,6,7,6,1,4,3,3,3.275,2.739,8,2,23,1,0,34
2025-03-26 00:00:00,34,7,19,39,3,14,32,1,3,22,6,2,7,10,5,1,5,3,3,3.459,2.58,11,4,0,2,0,27
2025-03-26 01:00:00,27,1,12,34,8,17,34,1,3,15,6,2,5,9,4,0,5,2,2,3.762,3.126,9,3,1,2,0,24
2025-03-26 02:00:00,24,2,10,27,5,16,30,1,2,14,6,1,3,8,4,1,5,1,2,4.181,3.651,11,2,2,2,0,19
2025-03-26 03:00:00,19,3,6,25,8,21,35,0,2,14,3,0,0,5,5,2,5,1,1,4.908,4.696,11,2,3,2,0,19
2025-03-26 04:00:00,19,3,8,20,3,16,33,0,2,14,3,0,0,6,5,2,3,2,1,4.847,4.622,11,3,4,2,0,16
2025-03-26 05:00:00,16,1,7,17,4,15,31,0,2,12,2,0,1,6,4,1,2,2,0,5.186,5.485,9,4,5,2,0,16
2025-03-26 06:00:00,16,2,6,12,2,9,30,0,1,12,3,0,2,4,4,1,2,3,0,5.162,4.086,8,4,6,2,0,17
2025-03-26 07:00:00,17,2,5,13,1,7,23,0,1,11,4,1,3,4,4,1,2,3,0,5.003,4.055,9,3,7,2,0,15
2025-03-26 08:00:00,15,3,7,14,5,8,23,0,1,10,3,1,3,3,2,1,1,4,1,3.764,4.174,8,2,8,2,0,11
2025-03-26 09:00:00,11,0,5,11,4,10,19,0,0,8,3,0,2,2,2,1,1,2,1,4.687,5.174,6,1,9,2,0,12
2025-03-26 10:00:00,12,5,8,13,4,13,20,1,1,8,2,0,2,2,1,2,1,3,1,3.476,2.552,4,1,10,2,0,13
2025-03-26 11:00:00,13,3,8,15,2,10,18,1,1,8,3,0,2,2,2,2,1,2,2,2.841,1.964,3,1,11,2,0,18
2025-03-26 12:00:00,18,7,15,20,2,8,18,1,2,11,4,0,3,4,3,2,2,2,2,2.548,1.644,4,2,12,2,0,22
2025-03-26 13:00:00,22,7,17,25,3,7,20,1,4,12,4,1,6,5,3,2,2,2,2,2.389,1.643,3,1,13,2,0,28
2025-03-26 14:00:00,28,10,24,32,4,9,19,0,5,14,8,1,5,7,5,1,2,4,4,2.143,1.492,3,1,14,2,0,28
2025-03-26 15:00:00,28,6,23,38,6,13,21,0,5,16,6,1,4,8,6,0,2,5,3,2.417,1.672,2,1,15,2,0,29
2025-03-26 16:00:00,29,8,24,41,7,17,24,0,7,12,10,0,5,7,7,0,1,6,3,2.524,2.22,3,2,16,2,0,24
2025-03-26 17:00:00,24,6,20,44,11,24,33,0,8,8,7,1,4,5,7,0,0,4,4,2.574,1.817,2,1,17,2,0,20
2025-03-26 18:00:00,20,3,17,40,7,25,38,0,7,7,5,1,3,5,5,0,1,3,3,2.867,2.139,3,1,18,2,0,22
2025-03-26 19:00:00,22,7,16,40,5,23,40,0,8,9,5,0,2,8,5,0,1,3,3,3.019,2.425,6,1,19,2,0,25
2025-03-26 20:00:00,25,5,15,35,2,14,38,0,9,11,4,1,4,7,5,0,0,5,4,2.845,2.624,7,0,20,2,0,27
2025-03-26 21:00:00,27,8,20,37,6,13,38,0,6,13,7,1,3,8,4,0,0,5,7,2.453,2.479,6,0,21,2,0,28
2025-03-26 22:00:00,28,7,20,36,6,14,37,0,6,14,7,1,4,6,3,2,0,5,8,2.384,1.897,4,0,22,2,0,27
2025-03-26 23:00:00,27,4,19,34,5,17,31,0,5,13,8,1,4,6,3,2,0,6,6,2.626,2.154,6,1,23,2,0,27
2025-03-27 00:00:00,27,4,15,35,4,15,28,0,6,12,9,0,5,5,3,2,1,7,4,3.141,2.886,9,1,0,3,0,18
2025-03-27 01:00:00,18,1,9,29,10,19,33,0,3,9,6,0,3,1,2,2,1,7,2,3.362,3.3,7,0,1,3,0,17
2025-03-27 02:00:00,17,4,9,28,5,19,36,1,2,8,6,0,3,2,1,2,1,7,1,3.227,3.117,6,0,2,3,0,17
2025-03-27 03:00:00,17,4,9,24,4,19,34,1,4,9,3,0,2,2,0,2,4,5,2,3.263,3.258,7,0,3,3,0,16
2025-03-27 04:00:00,16,2,10,19,3,12,31,1,2,9,3,1,2,4,0,1,4,3,2,3.414,2.369,7,1,4,3,0,15
2025-03-27 05:00:00,15,1,7,16,2,9,28,1,3,9,1,1,0,5,0,1,4,3,2,4.14,3.191,6,2,5,3,0,10
2025-03-27 06:00:00,10,1,4,13,6,11,30,0,2,7,1,0,0,2,1,0,3,2,2,4.72,3.667,4,2,6,3,0,11
2025-03-27 07:00:00,11,2,4,14,1,9,21,0,2,7,2,0,0,2,1,1,3,2,2,4.406,4.047,6,1,7,3,0,8
2025-03-27 08:00:00,8,1,4,11,4,11,20,0,2,4,2,0,0,1,1,2,2,1,1,4.44,2.971,3,2,8,3,0,10
2025-03-27 09:00:00,10,3,6,10,1,6,17,0,2,5,3,0,1,1,2,3,1,1,1,3.556,2.675,3,1,9,3,0,12
2025-03-27 10:00:00,12,4,8,12,2,7,16,0,3,6,2,1,1,2,2,4,1,2,0,3.27,1.608,3,1,10,3,0,11
2025-03-27 11:00:00,11,2,9,13,3,6,17,0,2,7,1,1,1,1,3,4,1,1,0,2.353,1.741,1,1,11,3,0,16
2025-03-27 12:00:00,16,8,14,20,3,8,14,0,3,7,2,4,0,3,3,5,1,2,2,1.516,1.075,1,0,12,3,0,17
2025-03-27 13:00:00,17,4,14,22,3,9,16,0,4,6,3,4,0,3,3,5,3,1,2,1.822,1.534,1,0,13,3,0,18
2025-03-27 14:00:00,18,6,18,27,5,11,17,0,2,10,4,2,1,2,3,6,3,2,1,1.626,1.65,0,0,14,3,0,21
2025-03-27 15:00:00,21,5,15,29,2,10,18,0,3,10,5,3,2,3,2,7,3,2,2,2.034,1.801,2,0,15,3,0,22
2025-03-27 16:00:00,22,6,17,31,5,12,21,0,5,10,5,2,3,2,1,8,1,4,3,2.126,1.836,3,0,16,3,0,27
2025-03-27 17:00:00,27,9,20,38,4,11,22,0,5,13,7,2,3,2,3,9,2,4,4,2.077,1.737,3,0,17,3,0,33
2025-03-27 18:00:00,33,9,24,39,3,12,22,0,5,13,12,3,5,3,4,10,3,3,5,2.226,1.719,6,0,18,3,0,34
2025-03-27 19:00:00,34,6,24,41,5,12,24,0,7,15,9,3,5,3,4,10,4,3,5,2.464,2.356,5,0,19,3,0,27
2025-03-27 20:00:00,27,6,21,41,13,21,32,0,5,15,5,2,3,4,3,7,4,3,3,2.586,2.122,5,0,20,3,0,26
2025-03-27 21:00:00,26,4,16,40,5,23,35,0,5,18,2,1,4,4,4,4,5,3,2,3.035,2.797,7,1,21,3,0,26
2025-03-27 22:00:00,26,4,14,38,4,22,34,0,6,17,1,2,5,3,5,3,6,2,2,3.587,3.289,9,2,22,3,0,27
2025-03-27 23:00:00,27,8,16,37,7,16,37,0,7,15,3,2,6,6,4,0,5,3,3,2.887,2.625,8,1,23,3,0,23
2025-03-28 00:00:00,23,1,13,29,5,16,39,0,6,12,3,2,6,7,3,0,3,2,2,3.297,2.923,8,1,0,4,0,19
2025-03-28 01:00:00,19,1,10,24,5,17,39,0,5,12,1,1,4,6,3,0,2,1,3,4.258,3.923,9,1,1,4,0,19
2025-03-28 02:00:00,19,2,4,20,2,12,28,2,5,10,1,1,5,6,2,0,1,2,3,4.649,3.871,9,1,2,4,0,18
2025-03-28 03:00:00,18,4,7,20,5,12,28,2,3,11,1,1,5,4,1,0,3,2,3,4.429,4.544,11,3,3,4,0,14
2025-03-28 04:00:00,14,2,8,18,6,13,30,2,1,9,0,2,5,2,0,0,2,2,3,4.289,2.888,6,2,4,4,0,9
2025-03-28 05:00:00,9,1,7,11,6,17,29,2,0,4,1,2,4,2,0,0,2,1,0,3.198,2.834,2,0,5,4,0,13
2025-03-28 06:00:00,13,6,9,16,2,14,26,2,1,7,2,1,6,1,0,0,3,2,1,2.242,1.154,3,0,6,4,0,12
2025-03-28 07:00:00,12,2,9,17,3,11,24,0,1,8,3,0,5,1,0,0,4,1,1,2.408,1.425,2,1,7,4,0,18
2025-03-28 08:00:00,18,11,19,26,5,10,27,0,2,13,3,0,3,3,4,1,3,1,3,1.109,0.726,0,0,8,4,0,24
2025-03-28 09:00:00,24,7,20,29,1,9,23,0,3,15,6,0,4,5,4,2,4,2,3,1.611,1.452,0,0,9,4,0,30
2025-03-28 10:00:00,30,9,27,36,3,9,20,0,4,18,8,0,4,6,3,5,6,2,4,1.974,1.945,4,0,10,4,0,27
2025-03-28 11:00:00,27,4,20,39,7,11,21,0,5,17,5,0,1,6,4,5,5,3,3,2.307,2.133,2,0,11,4,0,27
2025-03-28 12:00:00,27,8,21,41,8,18,27,0,7,15,3,2,2,7,6,4,5,3,0,2.464,2.52,6,0,12,4,0,26
2025-03-28 13:00:00,26,6,18,45,7,22,31,1,7,14,1,3,2,5,5,4,5,5,0,2.742,2.138,6,0,13,4,0,29
2025-03-28 14:00:00,29,7,21,41,4,19,30,1,8,15,3,2,4,3,4,5,7,5,1,2.991,2.465,9,2,14,4,0,28
2025-03-28 15:00:00,28,5,18,39,6,17,35,2,9,12,3,2,4,5,6,4,6,2,1,2.948,2.353,8,1,15,4,0,27
2025-03-28 16:00:00,27,3,15,33,4,14,36,2,8,12,2,3,4,6,7,4,4,2,0,3.469,2.75,9,2,16,4,0,22
2025-03-28 17:00:00,22,4,12,33,9,19,38,1,7,7,4,3,6,4,6,3,3,0,0,3.361,3.081,7,0,17,4,0,18
2025-03-28 18:00:00,18,3,10,28,7,20,37,1,5,6,2,4,5,4,5,3,1,0,0,3.383,2.719,6,2,18,4,0,25
2025-03-28 19:00:00,25,10,17,32,3,19,33,1,8,10,2,4,3,7,7,5,1,2,0,2.964,1.558,8,2,19,4,0,26
2025-03-28 20:00:00,26,4,17,29,3,13,32,1,7,12,2,4,2,7,7,5,2,3,0,3.332,1.896,7,4,20,4,0,34
2025-03-28 21:00:00,34,13,27,37,5,11,31,1,8,17,4,4,4,6,8,4,3,6,3,2.551,1.994,5,3,21,4,0,31
2025-03-28 22:00:00,31,5,22,39,8,16,35,2,5,17,3,4,4,5,5,4,5,5,3,2.565,1.846,3,1,22,4,0,26
2025-03-28 23:00:00,26,3,21,38,8,21,34,2,5,13,3,3,4,2,4,4,4,4,4,2.998,2.551,4,2,23,4,0,28
2025-03-29 00:00:00,28,9,17,44,7,23,34,2,2,18,4,2,2,3,7,4,4,4,4,2.622,2.595,4,1,0,5,1,25
2025-03-29 01:00:00,25,2,14,36,5,20,36,2,3,16,3,1,2,3,6,3,2,4,5,3.221,2.805,8,1,1,5,1,24
2025-03-29 02:00:00,24,4,15,36,5,17,38,1,3,15,4,1,2,3,6,2,2,4,5,2.927,2.623,7,0,2,5,1,24
2025-03-29 03:00:00,24,3,9,26,3,13,36,1,2,14,5,2,3,3,6,3,2,3,4,3.216,3.316,6,0,3,5,1,26
2025-03-29 04:00:00,26,2,9,23,0,8,28,1,2,14,7,2,4,3,6,3,2,4,4,3.945,4.209,15,0,4,5,1,26
2025-03-29 05:00:00,26,3,8,23,3,6,23,1,1,15,7,2,4,3,5,3,3,4,4,4.615,5.209,17,1,5,5,1,27
2025-03-29 06:00:00,27,5,10,19,4,7,20,0,1,15,8,3,5,4,3,3,3,5,4,4.342,4.846,14,2,6,5,1,26
2025-03-29 07:00:00,26,4,12,21,5,12,20,0,1,18,5,2,4,5,3,4,3,4,3,4.639,4.933,14,4,7,5,1,31
2025-03-29 08:00:00,31,8,17,25,3,12,18,0,0,21,8,2,6,6,4,6,2,4,3,4.215,2.396,12,9,8,5,1,29
2025-03-29 09:00:00,29,2,14,24,4,12,19,0,0,21,6,2,4,6,5,6,2,3,3,4.936,3.076,12,8,9,5,1,36
2025-03-29 10:00:00,36,9,19,31,2,9,21,0,2,24,9,1,5,8,4,6,4,4,5,4.512,3.178,15,8,10,5,1,34
2025-03-29 11:00:00,34,5,16,33,7,13,25,0,2,21,10,1,3,8,5,5,6,3,4,4.417,3.361,14,7,11,5,1,37
2025-03-29 12:00:00,37,8,22,36,5,14,26,0,5,20,11,1,2,9,6,5,6,5,4,3.826,2.391,13,4,12,5,1,38
2025-03-29 13:00:00,38,8,21,40,7,19,28,0,8,19,11,0,2,10,6,5,6,4,5,4.061,2.315,12,4,13,5,1,38
2025-03-29 14:00:00,38,3,19,35,3,15,28,1,8,19,10,0,2,9,7,5,7,2,6,4.342,3.089,16,6,14,5,1,41
2025-03-29 15:00:00,41,11,22,44,8,18,32,1,8,21,11,0,4,11,5,3,6,3,9,3.422,2.943,12,4,15,5,1,37
2025-03-29 16:00:00,37,5,19,40,9,20,39,1,8,20,8,0,3,12,6,1,7,3,5,3.807,3.013,12,3,16,5,1,36
2025-03-29 17:00:00,36,5,21,40,6,23,38,1,6,21,6,2,3,11,7,1,8,3,3,3.972,2.891,14,3,17,5,1,35
2025-03-29 18:00:00,35,6,16,38,7,22,40,1,4,21,5,4,4,8,8,3,7,2,3,4.198,3.144,13,4,18,5,1,25
2025-03-29 19:00:00,25,2,13,32,12,25,45,1,2,15,3,4,3,6,7,2,5,1,1,4.414,3.159,10,2,19,5,1,25
2025-03-29 20:00:00,25,5,13,34,5,24,47,2,2,13,4,4,3,7,5,3,4,1,2,3.908,3.315,10,2,20,5,1,27
2025-03-29 21:00:00,27,6,13,29,4,21,43,3,2,15,4,3,3,10,5,2,3,2,2,3.91,3.029,11,3,21,5,1,22
2025-03-29 22:00:00,22,2,13,26,7,16,41,3,2,13,2,2,2,10,2,1,3,2,2,3.798,2.69,7,3,22,5,1,20
2025-03-29 23:00:00,20,3,11,24,5,16,40,3,1,11,4,1,2,10,1,2,2,1,2,3.616,2.904,4,3,23,5,1,19
2025-03-30 00:00:00,19,5,10,23,6,18,39,3,1,11,4,0,3,8,1,2,2,1,2,3.211,3.04,4,2,0,6,1,19
2025-03-30 01:00:00,19,1,9,22,1,12,28,3,1,11,4,0,3,8,1,2,2,1,2,3.68,3.642,9,1,1,6,1,20
2025-03-30 02:00:00,20,2,8,19,1,8,24,2,1,12,5,0,3,8,2,2,1,1,3,3.838,3.953,10,0,2,6,1,19
2025-03-30 03:00:00,19,3,6,16,4,6,24,2,2,10,5,0,3,7,3,2,1,1,2,3.707,3.863,8,0,3,6,1,23
2025-03-30 04:00:00,23,5,10,19,1,6,18,2,4,11,5,1,3,9,4,2,1,1,3,3.833,4.239,12,1,4,6,1,19
2025-03-30 05:00:00,19,0,8,16,4,9,17,1,4,8,5,1,2,8,4,2,1,0,2,4.404,4.059,10,2,5,6,1,21
2025-03-30 06:00:00,21,4,9,15,2,7,13,1,5,10,5,0,4,6,4,2,1,2,2,4.687,4.098,11,4,6,6,1,21
2025-03-30 07:00:00,21,5,9,19,5,11,17,1,5,8,6,1,2,8,4,2,2,3,0,4.284,3.574,10,4,7,6,1,21
2025-03-30 08:00:00,21,3,12,20,3,10,19,1,4,7,7,2,2,9,3,2,2,2,1,4.838,4.2,11,7,8,6,1,21
2025-03-30 09:00:00,21,5,13,22,5,13,20,1,4,10,5,1,3,9,1,3,2,2,1,4.75,3.168,9,6,9,6,1,21
2025-03-30 10:00:00,21,5,13,22,5,13,24,1,3,10,7,0,3,7,1,3,3,2,2,5.054,3.831,10,6,10,6,1,20
2025-03-30 11:00:00,20,2,12,24,3,13,23,1,3,10,6,0,3,7,1,4,3,0,2,5.371,3.294,9,5,11,6,1,21
2025-03-30 12:00:00,21,3,10,23,2,10,23,1,2,11,7,0,3,9,1,3,3,0,2,5.092,3.196,8,5,12,6,1,24
2025-03-30 13:00:00,24,6,11,24,3,8,21,1,4,13,5,1,3,8,3,4,2,2,2,4.795,3.11,9,5,13,6,1,26
2025-03-30 14:00:00,26,9,18,30,7,12,25,1,5,14,4,2,2,9,5,3,3,3,1,3.854,1.969,8,4,14,6,1,18
2025-03-30 15:00:00,18,2,17,27,10,20,30,0,5,9,3,1,0,5,3,3,2,4,1,2.855,2.002,3,1,15,6,1,22
2025-03-30 16:00:00,22,6,17,28,2,19,27,0,5,12,4,1,0,6,4,2,3,5,2,3.122,2.364,5,1,16,6,1,27
2025-03-30 17:00:00,27,7,15,33,2,14,26,0,7,13,7,0,0,6,3,2,4,8,4,3.163,2.386,8,1,17,6,1,25
2025-03-30 18:00:00,25,4,17,34,6,10,30,0,5,15,5,0,1,7,2,2,4,5,4,3.54,2.12,9,2,18,6,1,28
2025-03-30 19:00:00,28,9,20,37,6,14,33,1,6,16,4,1,4,6,3,2,4,2,7,2.835,2.409,7,2,19,6,1,20
2025-03-30 20:00:00,20,4,17,32,12,24,38,2,4,11,3,0,4,2,2,2,3,2,5,2.371,1.446,2,1,20,6,1,19
2025-03-30 21:00:00,19,3,16,33,4,22,32,2,4,10,3,0,2,2,2,2,4,2,5,3.0,2.371,4,1,21,6,1,21
2025-03-30 22:00:00,21,5,12,32,3,19,33,2,4,11,1,3,1,3,2,4,4,3,4,3.192,3.237,5,2,22,6,1,23
2025-03-30 23:00:00,23,7,15,32,5,12,36,2,4,11,2,4,1,3,1,3,5,5,5,2.815,1.761,6,1,23,6,1,24
2025-03-31 00:00:00,24,6,18,34,5,13,35,2,4,11,5,2,1,3,2,2,5,5,6,2.541,1.915,6,0,0,0,0,23
2025-03-31 01:00:00,23,2,15,27,3,13,32,2,5,10,5,1,2,4,2,1,5,4,5,3.198,2.655,7,1,1,0,0,21
2025-03-31 02:00:00,21,4,12,27,6,14,26,1,5,10,4,1,4,3,3,0,3,4,4,3.436,2.825,6,2,2,0,0,15
2025-03-31 03:00:00,15,0,6,24,6,15,28,1,4,7,2,1,4,2,2,0,3,1,3,3.656,3.312,6,1,3,0,0,13
2025-03-31 04:00:00,13,3,7,22,5,17,30,1,4,7,1,0,4,2,1,0,2,2,2,3.701,3.568,6,1,4,0,0,11
2025-03-31 05:00:00,11,2,5,17,4,15,29,2,4,5,0,0,2,3,1,0,2,2,1,3.952,3.463,5,2,5,0,0,13
2025-03-31 06:00:00,13,5,10,16,3,12,27,2,3,7,1,0,2,3,1,1,1,3,2,2.811,1.277,3,1,6,0,0,14
2025-03-31 07:00:00,14,2,9,16,1,8,25,1,3,9,1,0,2,3,2,2,0,3,2,2.756,2.001,2,1,7,0,0,18
2025-03-31 08:00:00,18,7,14,19,3,7,22,2,4,9,3,0,2,4,3,2,0,1,6,2.27,2.005,3,1,8,0,0,20
2025-03-31 09:00:00,20,4,13,23,2,6,18,3,3,9,5,0,4,3,3,3,0,1,6,2.637,1.801,4,1,9,0,0,19
2025-03-31 10:00:00,19,3,14,23,4,9,17,3,2,10,4,0,3,3,3,4,1,0,5,2.68,2.236,5,0,10,0,0,23
2025-03-31 11:00:00,23,7,14,28,3,9,16,3,2,12,4,2,3,6,1,4,1,2,6,2.596,2.304,5,0,11,0,0,26
2025-03-31 12:00:00,26,9,19,32,6,13,19,3,3,14,3,3,4,5,1,5,3,3,5,2.204,1.489,4,1,12,0,0,24
2025-03-31 13:00:00,24,2,18,32,4,13,22,2,3,14,3,2,3,4,1,4,3,3,6,2.718,2.18,5,1,13,0,0,25
2025-03-31 14:00:00,25,5,16,30,4,14,23,2,4,15,2,2,2,5,2,3,4,4,5,2.955,2.725,5,1,14,0,0,30
2025-03-31 15:00:00,30,9,16,35,4,12,25,3,3,17,6,1,4,6,3,4,5,3,5,3.011,2.629,8,2,15,0,0,38
2025-03-31 16:00:00,38,9,23,41,1,9,22,3,5,20,8,2,5,7,5,4,5,4,8,3.162,2.268,14,3,16,0,0,40
2025-03-31 17:00:00,40,9,27,43,7,12,26,4,6,18,10,2,5,6,5,5,5,7,7,3.101,2.359,12,2,17,0,0,42
2025-03-31 18:00:00,42,6,24,40,4,12,24,5,7,20,8,2,5,6,7,6,4,6,8,3.537,2.805,13,3,18,0,0,46
2025-03-31 19:00:00,46,6,21,44,2,13,22,5,7,23,9,2,5,6,6,6,4,9,10,4.003,3.322,16,5,19,0,0,45
2025-03-31 20:00:00,45,8,20,47,9,15,27,5,6,25,8,1,5,5,7,6,4,9,9,3.801,3.289,16,7,20,0,0,48
2025-03-31 21:00:00,48,7,21,45,4,15,27,6,7,23,11,1,5,7,7,4,5,9,11,3.906,3.253,21,6,21,0,0,48
2025-03-31 22:00:00,48,4,19,40,4,17,30,5,8,24,10,1,5,8,8,2,5,9,11,4.166,3.84,23,4,22,0,0,48
2025-03-31 23:00:00,48,6,17,37,6,14,29,5,8,23,12,0,8,9,7,2,4,8,10,4.429,3.983,24,3,23,0,0,54
2025-04-01 00:00:00,54,8,18,39,2,12,27,5,8,26,14,1,9,10,7,4,5,9,10,4.612,4.642,31,7,0,1,0,49
2025-04-01 01:00:00,49,2,16,35,7,15,32,4,7,26,11,1,7,9,7,4,5,8,9,5.173,5.546,29,10,1,1,0,49
2025-04-01 02:00:00,49,3,13,30,3,12,26,3,7,29,9,1,7,7,7,4,6,7,11,5.809,5.164,31,14,2,1,0,47
2025-04-01 03:00:00,47,3,8,26,5,15,27,3,7,28,7,2,8,4,7,4,6,6,12,6.251,5.679,32,17,3,1,0,42
2025-04-01 04:00:00,42,2,8,24,7,15,30,2,7,25,6,2,8,4,6,4,6,4,10,6.844,6.229,32,17,4,1,0,42
2025-04-01 05:00:00,42,4,9,22,4,16,28,2,7,25,5,3,10,4,5,3,4,4,12,6.802,6.484,30,15,5,1,0,36
2025-04-01 06:00:00,36,2,8,16,8,19,34,2,6,22,4,2,10,4,4,3,3,4,8,7.15,6.696,26,13,6,1,0,35
2025-04-01 07:00:00,35,4,10,18,5,17,32,1,7,22,4,1,9,6,3,3,4,3,7,7.385,7.553,24,15,7,1,0,32
2025-04-01 08:00:00,32,4,10,19,7,20,36,1,5,21,5,0,9,7,1,3,4,4,4,6.994,6.249,20,15,8,1,0,27
2025-04-01 09:00:00,27,4,12,20,9,21,40,1,6,16,3,1,6,7,1,3,2,4,4,6.347,4.428,16,9,9,1,0,29
2025-04-01 10:00:00,29,7,15,25,5,21,38,1,7,16,3,2,4,7,2,6,2,4,4,5.986,3.073,12,10,10,1,0,37
2025-04-01 11:00:00,37,11,22,32,3,17,37,2,7,19,7,2,3,9,3,6,6,6,4,4.435,2.397,12,8,11,1,0,36
2025-04-01 12:00:00,36,6,24,36,7,15,36,2,8,17,7,2,3,9,5,6,6,5,2,4.25,2.047,12,6,12,1,0,41
2025-04-01 13:00:00,41,12,29,44,7,17,38,3,6,21,9,2,3,9,5,7,6,7,4,3.881,2.364,10,5,13,1,0,42
2025-04-01 14:00:00,42,8,26,48,7,21,38,3,7,24,7,1,5,10,4,7,6,5,5,3.992,2.359,11,4,14,1,0,42
2025-04-01 15:00:00,42,4,24,48,4,18,33,3,8,24,7,0,4,11,5,7,5,6,4,4.343,3.055,17,5,15,1,0,42
2025-04-01 16:00:00,42,8,20,49,8,19,36,2,9,23,8,0,7,12,7,5,3,4,4,4.285,3.13,15,5,16,1,0,41
2025-04-01 17:00:00,41,2,14,40,3,15,36,2,9,21,9,0,8,12,7,4,3,4,3,5.006,3.945,20,5,17,1,0,37
2025-04-01 18:00:00,37,6,16,40,10,21,39,1,9,23,4,0,9,11,6,2,2,4,3,5.101,4.458,21,5,18,1,0,36
2025-04-01 19:00:00,36,5,13,33,6,19,38,1,10,19,6,0,8,10,4,2,2,5,5,5.09,3.894,18,6,19,1,0,32
2025-04-01 20:00:00,32,6,17,31,10,26,41,0,11,15,6,0,5,10,4,2,2,5,4,4.988,3.593,16,5,20,1,0,28
2025-04-01 21:00:00,28,4,15,31,8,24,45,0,10,14,3,1,3,9,4,3,2,5,2,5.482,3.618,12,6,21,1,0,24
2025-04-01 22:00:00,24,4,14,27,8,26,45,0,8,9,5,2,3,6,4,3,2,5,1,5.378,2.944,9,5,22,1,0,18
2025-04-01 23:00:00,18,2,10,27,8,24,50,0,7,6,4,1,3,3,5,1,1,4,1,6.195,3.706,9,4,23,1,0,18
2025-04-02 00:00:00,18,3,9,24,3,19,43,0,6,6,6,0,4,2,4,2,2,3,1,6.327,3.79,9,4,0,2,0,18
2025-04-02 01:00:00,18,2,7,21,2,13,39,0,6,5,6,1,4,3,3,2,2,2,2,6.83,3.341,8,4,1,2,0,17
2025-04-02 02:00:00,17,4,9,19,5,10,34,0,4,4,7,2,3,4,2,3,2,1,2,6.397,2.775,7,3,2,2,0,17
2025-04-02 03:00:00,17,3,9,18,3,10,29,1,5,5,5,1,2,4,2,3,3,1,2,6.533,3.042,6,4,3,2,0,12
2025-04-02 04:00:00,12,1,8,15,6,14,27,1,5,2,4,0,0,3,1,2,3,2,1,6.617,3.053,5,3,4,2,0,10
2025-04-02 05:00:00,10,3,7,16,5,14,24,1,4,2,3,0,0,1,2,1,2,2,2,5.386,2.418,3,2,5,2,0,15
2025-04-02 06:00:00,15,5,9,18,0,11,21,1,5,4,4,1,1,2,3,1,2,4,2,4.42,1.328,3,2,6,2,0,20
2025-04-02 07:00:00,20,7,15,23,2,7,21,2,7,6,2,3,4,3,5,1,1,3,3,3.984,1.654,6,2,7,2,0,19
2025-04-02 08:00:00,19,4,16,23,5,7,21,2,9,5,2,1,3,3,5,1,1,3,3,4.565,1.86,5,2,8,2,0,21
2025-04-02 09:00:00,21,6,17,26,4,11,22,2,9,7,2,1,4,4,4,1,2,2,4,4.485,2.247,5,3,9,2,0,16
2025-04-02 10:00:00,16,1,11,26,6,15,22,0,6,7,1,2,2,4,3,1,2,0,4,3.15,2.171,2,1,10,2,0,15
2025-04-02 11:00:00,15,5,12,28,6,16,23,0,5,6,2,2,1,4,3,1,1,1,4,2.711,2.228,1,1,11,2,0,18
2025-04-02 12:00:00,18,6,12,29,3,15,26,1,6,6,3,2,1,3,4,1,1,2,6,2.565,1.504,3,1,12,2,0,23
2025-04-02 13:00:00,23,7,18,29,2,11,26,1,8,7,4,3,1,6,5,2,1,3,5,2.622,1.53,6,1,13,2,0,24
2025-04-02 14:00:00,24,6,19,31,5,10,26,1,11,8,4,0,2,4,4,3,2,3,6,2.864,1.947,4,1,14,2,0,24
2025-04-02 15:00:00,24,6,19,31,6,13,28,1,11,7,4,1,2,4,3,2,1,5,7,2.459,1.973,6,0,15,2,0,23
2025-04-02 16:00:00,23,3,15,33,4,15,26,1,11,6,4,1,1,4,3,3,0,5,7,2.986,2.682,7,0,16,2,0,22
2025-04-02 17:00:00,22,5,14,33,6,16,26,0,9,8,4,1,3,5,2,3,0,4,5,2.751,2.564,5,1,17,2,0,23
2025-04-02 18:00:00,23,2,10,29,1,11,24,0,8,10,4,1,3,5,1,3,2,4,5,3.439,3.349,8,1,18,2,0,22
2025-04-02 19:00:00,22,6,13,28,7,14,29,0,7,10,3,2,5,5,2,2,2,2,4,2.827,2.551,7,0,19,2,0,20
2025-04-02 20:00:00,20,5,13,27,7,15,31,0,6,12,1,1,5,3,1,2,4,3,2,2.513,2.134,4,0,20,2,0,19
2025-04-02 21:00:00,19,3,14,24,4,18,29,0,5,10,2,2,4,3,1,2,4,3,2,2.724,2.303,4,0,21,2,0,23
2025-04-02 22:00:00,23,8,16,29,4,15,29,0,7,11,3,2,2,3,1,3,5,3,6,2.464,2.036,4,1,22,2,0,29
2025-04-02 23:00:00,29,9,20,33,3,11,26,0,7,15,5,2,3,5,1,3,7,3,7,2.314,1.493,6,1,23,2,0,28
2025-04-03 00:00:00,28,2,19,33,3,10,28,0,6,16,5,1,3,3,1,3,9,3,6,3.131,2.446,9,1,0,3,0,26
2025-04-03 01:00:00,26,6,17,33,8,14,29,1,6,12,6,1,4,2,1,3,5,5,6,3.099,2.852,6,1,1,3,0,24
2025-04-03 02:00:00,24,3,11,31,5,16,27,2,6,11,2,3,3,2,1,2,5,4,7,3.445,3.189,9,1,2,3,0,21
2025-04-03 03:00:00,21,3,12,31,6,19,29,2,5,9,2,3,4,3,1,1,5,3,4,3.342,2.928,9,1,3,3,0,15
2025-04-03 04:00:00,15,3,9,26,9,20,34,2,4,5,3,1,4,3,1,1,2,2,2,2.756,2.501,4,0,4,3,0,17
2025-04-03 05:00:00,17,2,8,19,0,15,31,2,4,7,3,1,4,3,1,2,2,3,2,3.359,3.205,7,0,5,3,0,16
2025-04-03 06:00:00,16,2,7,19,3,12,31,2,3,8,3,0,4,2,3,1,2,2,2,3.728,3.203,6,1,6,3,0,18
2025-04-03 07:00:00,18,5,9,18,3,6,26,2,3,8,4,1,3,1,4,1,3,4,2,3.263,2.885,7,2,7,3,0,19
2025-04-03 08:00:00,19,5,12,20,4,10,25,1,2,11,4,1,3,0,4,2,4,3,3,3.128,2.454,6,2,8,3,0,16
2025-04-03 09:00:00,16,1,11,18,4,11,23,1,1,8,5,1,2,1,4,1,3,3,2,3.661,2.61,5,2,9,3,0,15
2025-04-03 10:00:00,15,5,11,20,6,14,20,1,1,4,7,2,3,2,2,1,3,2,2,2.528,2.102,2,1,10,3,0,17
2025-04-03 11:00:00,17,4,10,22,2,12,22,1,1,5,8,2,3,3,2,1,3,2,3,2.84,1.474,4,1,11,3,0,20
2025-04-03 12:00:00,20,8,17,28,5,13,24,0,2,9,7,2,3,8,1,1,2,2,3,1.75,1.575,3,0,12,3,0,19
2025-04-03 13:00:00,19,4,16,27,5,12,26,0,4,9,5,1,2,8,2,1,1,3,2,1.92,1.846,1,0,13,3,0,26
2025-04-03 14:00:00,26,8,20,30,1,11,23,0,4,15,7,0,5,8,5,1,1,4,2,2.037,2.134,3,0,14,3,0,27
2025-04-03 15:00:00,27,8,20,37,7,13,26,0,6,14,6,1,4,7,6,2,3,4,1,2.043,1.608,3,0,15,3,0,30
2025-04-03 16:00:00,30,9,25,41,6,14,26,1,5,17,5,2,4,8,5,3,5,3,2,2.178,1.877,5,0,16,3,0,33
2025-04-03 17:00:00,33,8,25,45,5,18,29,1,6,19,6,1,5,9,5,3,4,4,3,2.387,2.097,5,0,17,3,0,37
2025-04-03 18:00:00,37,8,25,45,4,15,28,1,9,19,7,1,6,9,5,4,4,6,3,2.632,2.382,7,1,18,3,0,39
2025-04-03 19:00:00,39,10,26,51,8,17,31,1,8,19,8,3,7,8,6,7,4,5,2,2.488,2.403,8,0,19,3,0,32
2025-04-03 20:00:00,32,6,24,49,13,25,43,0,8,15,6,3,7,4,4,8,3,4,2,2.652,2.212,6,0,20,3,0,28
2025-04-03 21:00:00,28,3,19,44,7,28,43,0,8,12,5,3,7,4,2,8,3,4,0,3.114,2.705,8,1,21,3,0,30
2025-04-03 22:00:00,30,5,14,40,3,23,40,0,11,12,6,1,9,4,2,8,2,4,1,3.516,3.178,11,1,22,3,0,28
2025-04-03 23:00:00,28,5,13,37,7,17,42,0,11,9,8,0,8,4,2,6,2,4,2,3.488,3.546,11,2,23,3,0,18
2025-04-04 00:00:00,18,1,11,30,11,21,49,0,8,5,5,0,5,2,2,1,2,4,2,3.654,2.621,7,1,0,4,0,16
2025-04-04 01:00:00,16,1,7,21,3,21,44,0,8,4,3,1,3,2,3,1,2,3,2,4.281,3.292,7,1,1,4,0,12
2025-04-04 02:00:00,12,2,4,17,6,20,37,0,6,2,3,1,2,4,2,0,2,1,1,4.802,3.912,6,3,2,4,0,12
2025-04-04 03:00:00,12,3,6,17,3,12,33,0,6,3,3,0,3,5,1,0,1,1,1,4.942,4.851,7,3,3,4,0,8
2025-04-04 04:00:00,8,1,6,13,5,14,35,0,4,2,2,0,1,5,1,0,0,1,0,3.678,1.677,3,2,4,4,0,10
2025-04-04 05:00:00,10,2,6,10,0,8,28,0,4,4,2,0,1,5,1,1,1,1,0,3.784,2.234,3,2,5,4,0,12
2025-04-04 06:00:00,12,3,6,12,1,6,18,0,3,5,2,2,1,5,2,1,2,1,0,3.314,2.59,3,1,6,4,0,12
2025-04-04 07:00:00,12,2,7,13,2,3,17,0,4,6,0,2,1,3,2,1,3,2,0,3.584,2.21,4,2,7,4,0,10
2025-04-04 08:00:00,10,2,7,13,4,7,15,0,2,8,0,0,2,2,1,1,2,2,0,2.718,2.933,3,0,8,4,0,11
2025-04-04 09:00:00,11,2,6,12,1,7,13,0,2,7,1,1,2,3,1,1,2,2,0,2.868,2.528,4,0,9,4,0,15
2025-04-04 10:00:00,15,6,10,17,2,7,10,0,4,8,2,1,3,3,2,1,1,3,2,2.272,1.325,3,0,10,4,0,17
2025-04-04 11:00:00,17,4,12,19,2,5,12,0,3,11,1,2,2,3,3,1,1,4,3,2.781,2.154,5,1,11,4,0,17
2025-04-04 12:00:00,17,5,15,21,5,9,16,0,4,12,0,1,0,2,3,1,1,4,6,2.506,1.694,4,0,12,4,0,21
2025-04-04 13:00:00,21,9,18,28,5,12,19,0,4,13,3,1,3,1,4,1,4,4,4,1.922,1.681,2,0,13,4,0,25
2025-04-04 14:00:00,25,6,20,32,2,12,17,0,4,14,4,3,3,2,6,1,6,4,3,2.405,1.687,5,1,14,4,0,26
2025-04-04 15:00:00,26,4,19,34,3,10,19,0,5,11,5,5,4,2,5,3,6,3,3,2.727,2.185,5,1,15,4,0,26
2025-04-04 16:00:00,26,7,17,35,7,12,24,0,3,12,8,3,4,4,4,3,8,1,2,2.519,2.618,4,0,16,4,0,24
2025-04-04 17:00:00,24,7,18,38,9,19,31,0,4,10,8,2,3,4,4,3,7,1,2,2.36,1.889,5,0,17,4,0,24
2025-04-04 18:00:00,24,3,17,36,3,19,29,0,5,10,8,1,3,3,4,4,6,3,1,3.03,2.629,7,0,18,4,0,24
2025-04-04 19:00:00,24,7,17,34,7,19,31,1,5,11,7,0,2,3,4,5,5,4,1,3.0,2.609,7,2,19,4,0,27
2025-04-04 20:00:00,27,6,16,34,3,13,32,1,5,13,8,0,2,3,6,5,5,4,2,3.033,2.028,9,1,20,4,0,24
2025-04-04 21:00:00,24,3,16,33,6,16,35,1,4,12,7,0,2,5,7,4,4,0,2,3.287,2.754,9,1,21,4,0,25
2025-04-04 22:00:00,25,8,17,34,7,16,35,0,2,16,7,0,2,5,8,3,4,3,0,3.064,2.128,8,3,22,4,0,23
2025-04-04 23:00:00,23,6,17,33,8,21,34,1,3,12,7,0,3,3,7,3,3,4,0,2.262,1.327,4,0,23,4,0,21
2025-04-05 00:00:00,21,2,16,32,4,19,35,1,2,10,7,1,3,3,6,3,3,3,0,2.632,2.268,5,1,0,5,1,17
2025-04-05 01:00:00,17,3,11,28,7,19,35,1,1,7,7,1,3,3,3,1,4,2,1,3.048,2.628,4,1,1,5,1,12
2025-04-05 02:00:00,12,2,7,24,7,18,39,1,1,6,2,2,1,2,2,1,3,2,1,2.882,2.734,3,1,2,5,1,10
2025-04-05 03:00:00,10,3,8,24,5,19,38,1,1,5,2,1,1,1,1,1,3,2,1,2.218,1.715,3,0,3,5,1,11
2025-04-05 04:00:00,11,1,6,17,0,12,31,1,2,5,2,1,1,1,1,2,3,2,1,3.008,2.046,3,0,4,5,1,7
2025-04-05 05:00:00,7,0,4,11,4,9,27,1,2,2,2,0,1,0,0,2,2,1,1,3.858,2.776,3,0,5,5,1,6
2025-04-05 06:00:00,6,0,1,9,1,5,24,1,2,2,1,0,1,0,0,2,1,1,1,4.427,3.63,2,0,6,5,1,5
2025-04-05 07:00:00,5,2,2,8,3,8,20,1,2,2,0,0,1,1,0,2,1,0,0,3.59,3.911,2,1,7,5,1,5
2025-04-05 08:00:00,5,0,2,6,0,4,13,1,2,2,0,0,1,1,0,2,1,0,0,4.59,4.911,3,1,8,5,1,8
2025-04-05 09:00:00,8,3,5,6,0,3,8,1,2,3,2,0,2,1,0,2,2,0,1,3.609,2.66,3,1,9,5,1,15
2025-04-05 10:00:00,15,8,11,13,1,1,9,0,2,7,5,1,2,3,1,2,3,2,2,1.906,0.915,2,0,10,5,1,22
2025-04-05 11:00:00,22,7,18,20,0,1,5,1,2,10,8,1,3,5,2,2,5,3,2,2.139,1.181,4,1,11,5,1,21
2025-04-05 12:00:00,21,3,18,23,4,5,8,1,3,9,7,1,3,6,3,1,4,2,2,2.427,2.133,2,1,12,5,1,25
2025-04-05 13:00:00,25,8,18,29,4,8,9,1,5,11,8,0,3,6,3,1,5,1,6,2.292,2.416,4,0,13,5,1,26
2025-04-05 14:00:00,26,8,19,37,7,15,16,1,6,13,4,2,2,5,3,2,6,3,5,2.256,1.598,6,0,14,5,1,29
2025-04-05 15:00:00,29,6,22,40,3,14,19,1,8,13,5,2,4,7,3,2,5,3,5,2.692,2.131,7,1,15,5,1,28
2025-04-05 16:00:00,28,6,20,38,7,17,25,1,9,11,6,1,3,8,3,2,5,3,4,2.762,2.39,5,1,16,5,1,29
2025-04-05 17:00:00,29,4,16,35,3,13,28,1,8,11,8,1,2,9,4,3,4,4,3,3.258,2.904,8,2,17,5,1,32
2025-04-05 18:00:00,32,9,19,41,6,16,30,1,8,16,6,1,4,10,6,3,3,3,3,3.032,2.299,9,2,18,5,1,33
2025-04-05 19:00:00,33,7,20,40,6,15,32,1,6,17,8,1,3,10,5,5,3,3,4,3.312,2.267,11,3,19,5,1,35
2025-04-05 20:00:00,35,3,19,35,1,13,26,1,8,16,9,1,5,10,4,5,4,3,4,3.934,2.992,13,3,20,5,1,30
2025-04-05 21:00:00,30,2,12,31,7,14,30,1,8,14,7,0,4,9,2,3,5,3,4,4.582,3.975,14,3,21,5,1,28
2025-04-05 22:00:00,28,7,12,32,9,17,32,1,7,10,9,1,4,7,3,2,6,3,3,4.259,3.294,12,5,22,5,1,23
2025-04-05 23:00:00,23,4,13,32,9,25,38,0,6,10,7,0,5,5,4,2,4,1,2,4.095,3.135,10,3,23,5,1,25
2025-04-06 00:00:00,25,4,15,27,2,20,34,0,7,12,6,0,6,6,3,2,4,1,3,4.543,3.194,12,4,0,6,1,23
2025-04-06 01:00:00,23,4,12,24,6,17,34,0,5,12,5,1,6,6,3,1,4,1,2,4.072,2.899,8,2,1,6,1,19
2025-04-06 02:00:00,19,4,12,25,8,16,41,0,6,8,3,2,5,6,4,0,2,1,1,4.088,2.524,7,3,2,6,1,11
2025-04-06 03:00:00,11,2,10,25,10,24,44,0,3,6,1,1,1,3,4,0,1,2,0,2.158,1.724,1,0,3,6,1,9
2025-04-06 04:00:00,9,1,7,19,3,21,38,0,2,4,2,1,1,3,4,0,0,1,0,2.498,2.384,2,0,4,6,1,12
2025-04-06 05:00:00,12,4,7,19,1,14,30,0,2,6,3,1,1,5,4,0,0,1,1,2.492,2.265,2,0,5,6,1,10
2025-04-06 06:00:00,10,0,5,15,2,6,30,0,0,6,3,1,0,5,3,0,0,1,1,3.062,3.025,3,0,6,6,1,11
2025-04-06 07:00:00,11,5,9,16,4,7,28,0,2,5,3,1,1,4,2,0,1,1,2,2.084,2.151,2,0,7,6,1,16
2025-04-06 08:00:00,16,7,12,19,2,8,22,0,4,6,6,0,4,2,3,0,3,2,2,2.006,1.042,2,1,8,6,1,19
2025-04-06 09:00:00,19,4,16,21,1,7,13,0,4,6,8,1,5,2,4,0,4,2,2,2.395,1.918,3,1,9,6,1,23
2025-04-06 10:00:00,23,8,19,28,4,7,14,0,6,8,9,0,6,3,4,1,5,3,1,2.285,2.492,2,1,10,6,1,27
2025-04-06 11:00:00,27,9,21,33,5,10,18,1,4,12,9,1,6,7,4,2,5,3,0,2.266,1.551,4,1,11,6,1,29
2025-04-06 12:00:00,29,6,23,39,4,13,20,2,4,16,7,0,5,10,5,0,6,3,0,2.72,2.088,7,1,12,6,1,35
2025-04-06 13:00:00,35,12,27,46,6,15,22,2,5,22,6,0,5,9,7,1,9,3,1,2.563,2.274,5,1,13,6,1,32
2025-04-06 14:00:00,32,2,20,41,5,15,25,2,5,19,6,0,4,8,5,2,8,3,2,2.99,2.777,8,0,14,6,1,26
2025-04-06 15:00:00,26,4,18,41,10,21,34,2,4,15,4,1,4,6,3,2,5,3,3,2.963,2.826,6,0,15,6,1,24
2025-04-06 16:00:00,24,7,13,40,9,24,39,3,5,12,2,2,2,6,3,3,3,3,4,2.832,2.791,8,0,16,6,1,22
2025-04-06 17:00:00,22,6,17,37,8,27,42,4,5,8,3,2,2,4,4,4,3,2,3,2.72,1.54,7,0,17,6,1,24
2025-04-06 18:00:00,24,5,18,36,3,20,41,4,5,9,4,2,3,3,5,5,2,2,4,2.774,2.141,6,0,18,6,1,22
2025-04-06 19:00:00,22,6,17,30,8,19,43,2,6,9,4,1,3,2,5,5,1,2,4,2.225,2.324,3,0,19,6,1,21
2025-04-06 20:00:00,21,3,14,31,4,15,42,1,6,10,4,0,4,3,4,4,1,1,4,2.783,2.159,6,0,20,6,1,22
2025-04-06 21:00:00,22,7,16,34,6,18,38,1,4,11,4,2,4,4,5,3,1,2,3,2.393,2.064,5,0,21,6,1,18
2025-04-06 22:00:00,18,4,14,31,8,18,37,1,1,8,5,3,3,2,6,4,1,1,1,2.238,1.455,3,0,22,6,1,16
2025-04-06 23:00:00,16,3,14,28,5,19,34,1,1,5,6,3,1,2,4,4,2,2,1,2.532,2.321,4,0,23,6,1,16
2025-04-07 00:00:00,16,3,10,26,3,16,34,1,2,5,6,2,1,3,2,4,3,2,1,2.935,2.667,3,1,0,0,0,15
2025-04-07 01:00:00,15,2,8,22,3,11,29,1,2,5,6,1,1,3,2,2,3,2,2,3.089,2.972,5,0,1,0,0,17
2025-04-07 02:00:00,17,4,9,23,2,8,27,1,3,6,7,0,2,3,2,4,3,2,1,3.11,2.753,5,0,2,0,0,12
2025-04-07 03:00:00,12,1,7,17,6,11,27,1,3,6,2,0,2,3,0,4,1,1,1,3.19,2.621,3,1,3,0,0,10
2025-04-07 04:00:00,10,2,7,15,4,12,23,1,3,5,1,0,2,2,1,3,0,1,1,2.751,2.662,2,0,4,0,0,10
2025-04-07 05:00:00,10,2,5,14,2,12,20,1,2,6,1,0,2,2,3,2,0,1,0,3.055,2.785,2,0,5,0,0,10
2025-04-07 06:00:00,10,2,6,13,2,8,19,1,2,4,3,0,2,2,3,2,0,1,0,3.111,2.697,3,1,6,0,0,10
2025-04-07 07:00:00,10,4,8,15,4,8,20,0,2,3,5,0,1,3,1,2,0,2,1,2.339,1.815,2,0,7,0,0,12
2025-04-07 08:00:00,12,5,11,16,3,9,21,0,3,3,6,0,1,3,1,1,1,3,2,1.559,1.472,0,0,8,0,0,12
2025-04-07 09:00:00,12,2,11,17,2,9,17,0,3,4,4,1,1,2,2,1,1,3,2,2.033,1.673,1,0,9,0,0,17
2025-04-07 10:00:00,17,5,12,20,0,5,13,0,3,9,4,1,2,3,4,1,1,4,2,2.299,2.524,1,0,10,0,0,19
2025-04-07 11:00:00,19,5,12,23,3,5,14,0,3,11,4,1,1,4,5,1,1,5,2,2.49,1.97,4,0,11,0,0,24
2025-04-07 12:00:00,24,6,16,27,1,4,13,0,5,13,4,2,2,5,7,2,1,5,2,2.758,2.22,8,0,12,0,0,24
2025-04-07 13:00:00,24,3,14,26,3,7,12,0,4,14,3,3,3,4,5,2,1,6,3,3.03,2.487,7,0,13,0,0,26
2025-04-07 14:00:00,26,7,16,28,5,9,14,0,6,13,4,3,4,2,5,3,1,5,6,2.846,2.312,7,0,14,0,0,24
2025-04-07 15:00:00,24,7,17,33,9,17,21,0,7,10,5,2,3,3,5,4,2,4,3,2.523,1.637,5,0,15,0,0,25
2025-04-07 16:00:00,25,7,21,35,6,20,27,0,7,12,4,2,4,4,5,5,1,2,4,2.392,1.658,5,1,16,0,0,28
2025-04-07 17:00:00,28,8,22,38,5,20,29,0,8,11,6,3,4,3,5,5,4,2,5,2.319,1.871,3,1,17,0,0,31
2025-04-07 18:00:00,31,7,22,39,4,15,32,0,10,13,6,2,5,3,5,6,6,2,4,2.55,2.074,6,1,18,0,0,33
2025-04-07 19:00:00,33,8,23,44,6,15,35,0,9,14,7,3,4,4,3,6,7,4,5,2.439,2.223,6,0,19,0,0,31
2025-04-07 20:00:00,31,2,17,39,4,14,34,0,10,13,6,2,4,4,2,6,7,4,4,3.173,2.542,9,1,20,0,0,32
2025-04-07 21:00:00,32,9,19,41,8,18,33,0,10,11,8,3,4,4,4,6,6,4,4,2.904,2.312,9,1,21,0,0,29
2025-04-07 22:00:00,29,5,16,39,8,20,35,0,9,11,5,4,3,5,6,4,3,3,5,3.036,2.006,9,2,22,0,0,26
2025-04-07 23:00:00,26,2,16,33,5,21,35,0,7,10,5,4,3,4,7,3,3,3,3,3.458,2.705,9,1,23,0,0,25
2025-04-08 00:00:00,25,5,12,31,6,19,37,1,7,10,6,1,4,6,5,4,2,1,3,3.647,3.373,9,1,0,1,0,22
2025-04-08 01:00:00,22,4,11,27,7,18,38,1,6,8,6,1,4,6,5,4,0,1,2,3.767,3.299,10,1,1,1,0,23
2025-04-08 02:00:00,23,6,15,31,5,18,39,1,5,9,6,2,4,5,5,2,1,1,5,2.861,2.375,8,1,2,1,0,19
2025-04-08 03:00:00,19,1,11,23,5,17,36,1,4,7,5,2,3,5,4,1,1,1,4,3.418,2.807,6,0,3,1,0,15
2025-04-08 04:00:00,15,2,9,20,6,16,34,1,2,5,5,2,2,3,3,1,0,1,5,3.573,2.701,5,0,4,1,0,13
2025-04-08 05:00:00,13,2,5,20,4,15,33,1,3,4,4,1,3,3,2,0,0,1,4,3.486,3.164,4,1,5,1,0,15
2025-04-08 06:00:00,15,4,8,19,2,12,29,1,3,4,6,1,3,4,2,1,0,1,4,3.529,2.478,7,2,6,1,0,13
2025-04-08 07:00:00,13,2,8,17,4,10,26,1,2,4,6,0,2,3,2,1,1,2,2,3.811,2.889,5,1,7,1,0,13
2025-04-08 08:00:00,13,3,9,14,3,9,24,1,2,3,7,0,2,3,2,1,1,3,1,3.973,2.45,5,2,8,1,0,10
2025-04-08 09:00:00,10,3,8,16,6,13,25,1,1,5,3,0,1,1,2,0,3,2,1,2.889,1.688,2,1,9,1,0,15
2025-04-08 10:00:00,15,6,12,20,1,10,20,1,3,6,5,0,3,2,1,0,4,3,2,2.64,1.537,2,2,10,1,0,15
2025-04-08 11:00:00,15,2,11,20,2,9,18,1,3,5,6,0,4,2,0,0,3,4,2,3.356,1.944,4,2,11,1,0,16
2025-04-08 12:00:00,16,6,14,22,5,8,21,0,2,7,7,0,8,1,1,0,1,2,3,2.685,1.982,4,1,12,1,0,21
2025-04-08 13:00:00,21,9,17,29,4,11,21,0,3,12,5,1,8,2,1,1,1,2,6,2.072,1.134,2,1,13,1,0,23
2025-04-08 14:00:00,23,6,21,32,4,13,22,0,4,13,6,0,7,3,2,2,1,1,7,2.248,1.378,3,1,14,1,0,18
2025-04-08 15:00:00,18,0,15,29,5,13,21,0,3,10,5,0,7,2,1,2,1,0,5,2.466,2.145,1,0,15,1,0,26
2025-04-08 16:00:00,26,13,19,36,5,14,25,0,6,18,2,0,8,4,3,1,2,2,6,1.706,1.498,2,0,16,1,0,28
2025-04-08 17:00:00,28,4,17,38,2,12,25,0,6,19,2,1,9,4,3,3,2,3,4,2.28,1.472,6,0,17,1,0,30
2025-04-08 18:00:00,30,5,22,37,3,10,23,0,5,19,5,1,11,4,3,3,2,4,3,2.602,2.28,8,0,18,1,0,26
2025-04-08 19:00:00,26,3,12,31,7,12,26,0,5,17,4,0,8,5,2,3,2,4,2,3.141,3.193,6,0,19,1,0,27
2025-04-08 20:00:00,27,11,19,36,10,20,32,0,6,11,8,2,8,7,4,3,1,4,0,2.371,1.85,8,1,20,1,0,27
2025-04-08 21:00:00,27,5,19,41,5,22,32,0,6,8,10,3,7,9,2,3,2,3,1,2.418,1.73,5,0,21,1,0,26
2025-04-08 22:00:00,26,5,21,33,6,21,33,0,5,9,9,3,5,8,3,3,4,1,2,2.563,2.243,5,1,22,1,0,26
2025-04-08 23:00:00,26,5,15,34,5,16,36,1,5,10,8,2,4,9,3,2,5,1,2,2.734,2.751,5,0,23,1,0,18
2025-04-09 00:00:00,18,2,12,31,10,21,43,1,6,8,3,0,2,6,1,2,5,1,1,2.829,2.724,6,0,0,2,0,20
2025-04-09 01:00:00,20,4,11,32,2,17,38,1,8,7,4,0,3,6,1,2,4,2,2,3.105,2.72,7,0,1,2,0,21
2025-04-09 02:00:00,21,6,12,27,5,17,33,1,7,8,5,0,3,2,2,2,5,4,3,2.837,2.621,5,0,2,2,0,24
2025-04-09 03:00:00,24,7,17,29,4,11,32,1,5,9,7,2,3,4,1,2,6,3,5,2.731,2.024,8,1,3,2,0,22
2025-04-09 04:00:00,22,1,14,25,3,12,29,1,4,9,6,2,2,4,2,2,5,2,5,3.474,2.775,6,2,4,2,0,19
2025-04-09 05:00:00,19,1,9,21,4,11,28,1,4,8,4,2,1,4,1,2,4,2,5,4.219,3.435,7,3,5,2,0,16
2025-04-09 06:00:00,16,4,6,23,7,14,25,1,2,10,3,0,0,3,2,1,3,4,3,4.352,3.396,7,3,6,2,0,15
2025-04-09 07:00:00,15,4,9,23,5,16,28,1,2,8,4,0,1,4,1,1,3,3,2,4.233,1.969,7,4,7,2,0,17
2025-04-09 08:00:00,17,3,11,20,1,13,24,1,2,9,3,2,1,4,1,2,3,3,3,4.335,2.13,6,4,8,2,0,21
2025-04-09 09:00:00,21,8,15,21,4,10,24,1,2,11,5,2,3,7,0,2,2,3,4,3.214,1.343,4,3,9,2,0,20
2025-04-09 10:00:00,20,5,16,25,6,11,27,0,2,11,4,3,4,5,0,2,2,3,4,2.306,1.611,1,1,10,2,0,21
2025-04-09 11:00:00,21,7,20,31,6,16,29,0,2,11,7,1,5,6,1,2,2,2,3,1.969,2.19,2,0,11,2,0,23
2025-04-09 12:00:00,23,6,18,33,4,16,26,0,3,10,8,2,7,5,3,2,3,2,1,2.186,1.844,3,0,12,2,0,24
2025-04-09 13:00:00,24,8,21,37,7,17,28,0,3,11,7,3,3,4,4,2,4,3,4,2.078,1.447,4,0,13,2,0,29
2025-04-09 14:00:00,29,7,21,41,2,13,29,1,3,14,8,3,4,5,3,3,4,5,5,2.479,1.958,5,0,14,2,0,29
2025-04-09 15:00:00,29,7,22,40,7,16,32,1,3,18,6,1,3,6,2,3,4,6,5,2.497,2.023,5,1,15,2,0,23
2025-04-09 16:00:00,23,4,18,39,10,19,36,1,2,15,4,1,1,4,2,3,4,6,3,3.009,2.819,5,1,16,2,0,23
2025-04-09 17:00:00,23,6,17,38,6,23,36,1,5,13,4,0,2,5,3,3,5,3,2,2.999,2.763,6,2,17,2,0,24
2025-04-09 18:00:00,24,4,14,36,3,19,35,1,5,12,6,0,3,5,3,2,5,4,2,3.222,2.706,8,1,18,2,0,24
2025-04-09 19:00:00,24,4,14,32,4,13,32,1,5,13,5,0,3,5,4,1,7,3,1,3.5,2.797,9,1,19,2,0,24
2025-04-09 20:00:00,24,5,13,30,5,12,35,1,5,11,5,2,2,6,4,1,7,3,1,3.358,2.392,6,2,20,2,0,24
2025-04-09 21:00:00,24,7,16,30,7,16,35,0,7,11,5,1,2,7,5,1,7,1,1,3.18,2.301,7,2,21,2,0,29
2025-04-09 22:00:00,29,7,19,33,2,14,27,0,7,13,7,2,5,8,5,2,6,2,1,2.967,2.075,8,1,22,2,0,26
2025-04-09 23:00:00,26,2,16,29,5,14,26,0,7,12,6,1,5,7,4,1,6,1,2,3.232,2.772,9,1,23,2,0,21
2025-04-10 00:00:00,21,4,13,29,9,16,32,0,7,8,5,1,5,7,4,1,1,1,2,3.062,2.406,5,0,0,3,0,21
2025-04-10 01:00:00,21,3,9,28,3,17,31,0,8,7,5,1,4,7,4,1,1,1,3,3.409,3.173,8,1,1,3,0,17
2025-04-10 02:00:00,17,4,11,27,8,20,34,0,6,5,5,1,2,5,4,1,2,1,2,3.238,2.52,7,1,2,3,0,11
2025-04-10 03:00:00,11,1,8,21,7,18,34,0,3,6,2,0,2,4,2,0,1,1,1,3.272,2.46,3,1,3,3,0,9
2025-04-10 04:00:00,9,2,7,16,4,19,36,0,2,5,2,0,2,2,3,0,1,0,1,3.156,2.301,2,1,4,3,0,13
2025-04-10 05:00:00,13,5,8,19,1,12,32,0,2,6,5,0,3,1,3,2,2,1,1,2.125,1.982,2,0,5,3,0,14
2025-04-10 06:00:00,14,2,9,17,1,6,24,0,1,7,5,1,4,1,3,3,2,1,0,2.588,1.858,4,0,6,3,0,14
2025-04-10 07:00:00,14,2,9,16,2,4,23,0,2,7,4,1,4,0,3,2,2,1,2,3.182,2.396,4,0,7,3,0,8
2025-04-10 08:00:00,8,1,5,13,7,10,22,0,1,5,1,1,2,0,1,1,3,0,1,3.263,3.007,2,0,8,3,0,11
2025-04-10 09:00:00,11,4,7,16,1,10,16,0,2,6,2,1,3,0,1,2,3,1,1,2.983,3.2,4,0,9,3,0,13
2025-04-10 10:00:00,13,6,11,20,4,12,16,1,3,5,4,0,3,0,2,2,2,1,3,1.572,1.035,2,0,10,3,0,18
2025-04-10 11:00:00,18,7,17,22,2,7,17,1,4,8,4,1,3,2,5,1,1,2,4,1.702,1.188,2,0,11,3,0,23
2025-04-10 12:00:00,23,5,18,25,0,6,16,1,5,9,5,3,3,5,6,1,2,2,4,2.155,1.837,2,0,12,3,0,20
2025-04-10 13:00:00,20,4,16,27,7,9,21,1,5,7,5,2,2,5,7,1,1,1,3,2.305,2.165,2,1,13,3,0,20
2025-04-10 14:00:00,20,6,15,32,6,13,20,1,6,6,5,2,1,6,5,2,2,2,2,2.076,1.95,3,0,14,3,0,23
2025-04-10 15:00:00,23,8,18,36,5,18,24,2,5,9,6,1,1,8,2,4,2,3,3,2.02,1.734,4,0,15,3,0,27
2025-04-10 16:00:00,27,7,21,37,3,14,23,2,5,11,7,2,1,9,2,4,4,5,2,2.213,1.711,5,0,16,3,0,28
2025-04-10 17:00:00,28,4,19,34,3,11,24,2,5,11,9,1,1,8,3,3,3,6,4,2.675,2.268,5,0,17,3,0,29
2025-04-10 18:00:00,29,6,17,35,5,11,29,3,4,12,9,1,2,8,2,3,3,6,5,3.064,3.013,7,1,18,3,0,27
2025-04-10 19:00:00,27,8,18,39,10,18,32,2,3,12,9,1,3,7,4,0,3,6,4,2.615,1.843,8,2,19,3,0,24
2025-04-10 20:00:00,24,5,19,38,8,23,34,2,4,9,7,2,3,3,5,3,3,4,3,2.6,1.975,4,1,20,3,0,23
2025-04-10 21:00:00,23,4,17,34,5,23,34,1,3,10,8,1,4,5,6,3,2,3,0,2.733,2.339,4,1,21,3,0,21
2025-04-10 22:00:00,21,2,11,29,4,17,35,1,2,8,10,0,4,4,5,2,2,3,1,3.067,3.036,5,0,22,3,0,20
2025-04-10 23:00:00,20,6,12,31,7,16,39,1,2,10,7,0,5,4,4,0,1,4,2,2.797,2.554,7,0,23,3,0,23
2025-04-11 00:00:00,23,7,15,32,4,15,38,1,3,10,7,2,5,4,6,0,0,3,5,2.575,1.764,6,0,0,4,0,17
2025-04-11 01:00:00,17,3,16,27,9,20,37,2,3,7,5,0,3,2,4,1,0,3,4,3.415,2.584,6,1,1,4,0,13
2025-04-11 02:00:00,13,2,12,24,6,19,35,1,2,6,4,0,2,1,5,2,0,0,3,3.393,2.507,4,1,2,4,0,16
2025-04-11 03:00:00,16,6,11,26,3,18,33,1,4,7,3,1,2,3,5,3,0,0,3,2.698,2.304,3,1,3,4,0,16
2025-04-11 04:00:00,16,0,8,24,0,9,29,1,4,7,3,1,2,3,5,3,0,0,3,3.698,3.304,6,1,4,4,0,15
2025-04-11 05:00:00,15,3,9,21,4,7,26,1,4,5,4,1,3,3,2,3,1,0,3,3.394,2.816,5,1,5,4,0,14
2025-04-11 06:00:00,14,2,5,16,3,7,25,1,4,3,4,2,2,2,2,3,1,0,4,3.457,3.609,5,0,6,4,0,12
2025-04-11 07:00:00,12,2,7,15,4,11,20,1,4,2,2,3,2,2,1,4,0,0,3,3.467,3.481,6,0,7,4,0,13
2025-04-11 08:00:00,13,3,7,16,2,9,16,1,4,4,2,2,1,4,2,4,0,0,2,3.782,3.715,6,0,8,4,0,11
2025-04-11 09:00:00,11,3,8,13,5,11,18,1,1,4,4,1,1,5,2,1,1,0,1,3.703,1.998,4,1,9,4,0,12
2025-04-11 10:00:00,12,4,10,17,3,10,21,0,1,6,4,1,1,4,3,0,1,2,1,2.322,1.848,2,1,10,4,0,10
2025-04-11 11:00:00,10,2,9,16,4,12,21,0,1,5,4,0,2,3,2,0,1,2,0,2.707,1.747,1,1,11,4,0,15
2025-04-11 12:00:00,15,7,13,21,2,9,20,0,2,9,4,0,2,4,4,1,1,2,1,2.074,1.608,1,1,12,4,0,18
2025-04-11 13:00:00,18,6,15,25,3,9,19,0,2,10,6,0,4,4,5,1,1,1,2,2.073,1.357,1,1,13,4,0,22
2025-04-11 14:00:00,22,5,18,27,1,6,18,0,2,12,8,0,3,5,7,1,2,2,2,2.433,1.862,3,1,14,4,0,24
2025-04-11 15:00:00,24,9,20,33,7,11,20,0,1,13,8,2,4,4,7,1,3,2,3,2.143,1.627,2,1,15,4,0,30
2025-04-11 16:00:00,30,10,24,39,4,12,21,0,2,19,5,4,6,4,7,1,4,4,4,2.185,1.243,4,1,16,4,0,25
2025-04-11 17:00:00,25,6,25,43,11,22,28,0,2,16,3,4,5,3,6,1,4,4,2,2.225,1.438,3,1,17,4,0,25
2025-04-11 18:00:00,25,6,22,42,6,21,32,0,3,13,4,5,6,3,2,2,4,5,3,2.152,2.078,2,0,18,4,0,33
2025-04-11 19:00:00,33,13,25,49,5,22,34,1,7,17,4,4,7,3,6,4,2,7,4,2.067,1.765,4,0,19,4,0,38
2025-04-11 20:00:00,38,9,28,53,4,15,37,1,6,20,8,3,10,2,7,5,2,6,6,2.304,1.764,9,1,20,4,0,41
2025-04-11 21:00:00,41,10,32,54,7,16,37,1,8,18,10,4,10,6,6,6,0,7,6,2.37,2.085,6,1,21,4,0,43
2025-04-11 22:00:00,43,12,31,56,10,21,43,2,9,20,10,2,10,7,9,5,0,8,4,2.316,2.022,5,0,22,4,0,45
2025-04-11 23:00:00,45,9,31,59,7,24,39,2,10,20,10,3,10,9,6,8,1,7,4,2.622,2.129,11,1,23,4,0,36
2025-04-12 00:00:00,36,3,24,56,12,29,45,2,8,21,5,0,8,7,4,8,0,6,3,3.208,2.521,10,2,0,5,1,36
2025-04-12 01:00:00,36,4,16,47,4,23,44,3,8,21,4,0,8,7,4,8,0,6,3,3.837,3.343,13,3,1,5,1,33
2025-04-12 02:00:00,33,5,12,43,8,24,48,3,6,18,4,2,8,6,5,6,0,6,2,4.187,3.678,16,3,2,5,1,26
2025-04-12 03:00:00,26,0,9,33,7,19,48,3,6,14,1,2,5,5,4,4,0,6,2,5.256,4.888,15,6,3,5,1,29
2025-04-12 04:00:00,29,7,12,28,4,19,42,2,6,17,0,4,5,5,3,5,0,10,1,4.751,4.164,15,6,4,5,1,19
2025-04-12 05:00:00,19,1,8,20,11,22,46,2,4,10,0,3,2,5,1,2,1,7,1,3.94,3.704,9,1,5,5,1,18
2025-04-12 06:00:00,18,2,10,19,3,18,37,2,4,9,1,2,2,4,1,1,2,6,2,4.711,4.521,10,4,6,5,1,12
2025-04-12 07:00:00,12,1,4,16,7,21,40,1,3,7,0,1,1,3,2,1,2,3,0,4.733,3.574,5,2,7,5,1,12
2025-04-12 08:00:00,12,4,7,15,4,14,36,0,3,5,4,0,0,3,2,1,3,3,0,3.597,3.161,6,1,8,5,1,11
2025-04-12 09:00:00,11,2,7,17,3,14,32,0,3,3,5,0,0,2,2,1,3,3,0,3.134,1.385,3,1,9,5,1,11
2025-04-12 10:00:00,11,3,9,13,3,10,31,0,2,1,7,1,0,2,4,1,3,1,0,2.661,2.044,1,1,10,5,1,14
2025-04-12 11:00:00,14,6,11,18,3,9,23,0,2,2,9,1,2,3,5,1,2,0,1,2.397,1.186,1,1,11,5,1,18
2025-04-12 12:00:00,18,5,14,21,1,7,21,1,3,4,9,1,3,5,4,1,2,1,2,2.553,1.669,4,1,12,5,1,18
2025-04-12 13:00:00,18,7,18,27,7,11,21,1,7,5,5,0,3,5,3,1,0,3,3,2.254,1.378,1,1,13,5,1,19
2025-04-12 14:00:00,19,4,16,27,3,11,20,1,8,7,3,0,4,4,3,2,0,3,3,2.701,1.948,1,1,14,5,1,18
2025-04-12 15:00:00,18,4,15,29,5,15,22,1,6,7,3,1,3,2,2,2,1,2,6,2.282,2.449,2,0,15,5,1,20
2025-04-12 16:00:00,20,4,12,30,2,10,21,1,5,9,4,1,3,4,2,2,2,2,5,2.753,2.837,4,0,16,5,1,22
2025-04-12 17:00:00,22,4,12,28,2,9,20,1,6,9,4,2,3,6,3,1,2,3,4,3.144,3.119,8,0,17,5,1,14
2025-04-12 18:00:00,14,0,8,23,8,12,27,1,6,5,0,2,2,3,3,0,1,2,3,3.888,3.828,7,0,18,5,1,14
2025-04-12 19:00:00,14,3,7,19,3,13,23,0,5,5,2,2,2,3,2,0,1,4,2,3.657,3.052,4,1,19,5,1,16
2025-04-12 20:00:00,16,5,8,20,3,14,23,1,6,5,2,2,3,5,3,0,0,4,1,2.911,2.516,4,0,20,5,1,13
2025-04-12 21:00:00,13,2,10,18,5,11,23,1,4,6,1,1,1,4,4,0,0,3,1,2.863,1.929,4,1,21,5,1,14
2025-04-12 22:00:00,14,4,11,18,3,11,24,1,5,6,1,1,2,5,3,0,1,1,2,2.528,2.473,3,0,22,5,1,15
2025-04-12 23:00:00,15,3,9,17,2,10,24,1,7,6,1,0,2,5,3,0,1,2,2,2.492,2.08,1,0,23,5,1,17
2025-04-13 00:00:00,17,3,10,20,1,6,17,0,7,7,3,0,4,5,4,0,1,2,1,2.898,2.497,5,0,0,6,1,16
2025-04-13 01:00:00,16,2,8,19,3,6,17,0,6,5,4,1,3,5,3,0,0,4,1,3.305,3.127,5,1,1,6,1,14
2025-04-13 02:00:00,14,2,7,16,4,8,18,1,5,4,3,1,2,4,3,0,0,5,0,3.466,3.079,4,1,2,6,1,13
2025-04-13 03:00:00,13,2,6,16,3,10,16,1,4,5,3,0,3,3,4,0,0,3,0,4.05,3.824,6,1,3,6,1,12
2025-04-13 04:00:00,12,3,7,15,4,11,17,1,4,4,3,0,2,3,6,0,0,1,0,4.219,3.759,6,2,4,6,1,13
2025-04-13 05:00:00,13,2,7,14,1,8,16,1,5,5,2,0,1,4,6,0,1,1,0,4.683,3.694,6,3,5,6,1,14
2025-04-13 06:00:00,14,4,9,15,3,8,18,1,5,6,1,1,2,5,5,0,1,0,1,3.432,2.256,4,2,6,6,1,15
2025-04-13 07:00:00,15,3,9,16,2,6,17,1,5,6,2,1,3,5,5,0,1,0,1,3.835,2.113,5,3,7,6,1,14
2025-04-13 08:00:00,14,3,10,17,4,9,17,0,6,5,3,0,2,5,4,0,1,1,1,4.023,2.358,4,3,8,6,1,16
2025-04-13 09:00:00,16,8,14,23,6,12,20,1,6,5,4,0,2,4,4,1,1,2,2,2.707,0.939,3,2,9,6,1,19
2025-04-13 10:00:00,19,6,17,26,3,13,19,1,4,7,7,0,2,4,3,3,2,1,4,2.195,1.202,3,1,10,6,1,21
2025-04-13 11:00:00,21,4,18,28,2,11,20,1,3,9,7,1,2,5,2,3,2,2,5,2.248,2.083,2,1,11,6,1,22
2025-04-13 12:00:00,22,4,14,28,3,8,20,1,2,10,7,2,1,4,1,4,3,4,5,2.337,2.595,1,0,12,6,1,23
2025-04-13 13:00:00,23,5,13,30,4,9,22,1,2,10,8,2,2,2,2,4,3,6,4,2.707,2.972,8,0,13,6,1,27
2025-04-13 14:00:00,27,10,19,37,6,13,24,3,4,10,8,2,4,4,0,2,4,6,7,2.498,1.707,7,0,14,6,1,25
2025-04-13 15:00:00,25,7,22,36,9,19,27,3,5,10,6,1,4,5,2,2,2,5,5,2.273,1.665,5,0,15,6,1,26
2025-04-13 16:00:00,26,6,23,36,5,20,29,3,5,9,7,2,3,5,3,3,1,5,6,2.527,1.973,5,0,16,6,1,25
2025-04-13 17:00:00,25,4,17,36,5,19,32,3,5,9,6,2,3,4,2,5,1,5,5,3.076,2.847,4,3,17,6,1,30
2025-04-13 18:00:00,30,10,20,42,5,15,34,3,5,14,4,4,3,2,4,4,3,6,8,2.785,2.232,9,2,18,6,1,29
2025-04-13 19:00:00,29,6,20,43,7,17,37,2,6,17,2,2,5,2,4,2,3,5,8,2.894,1.959,8,2,19,6,1,28
2025-04-13 20:00:00,28,5,21,38,6,18,37,2,6,17,3,0,6,3,4,2,3,2,8,2.973,2.333,7,1,20,6,1,28
2025-04-13 21:00:00,28,4,15,35,4,17,32,2,6,16,4,0,6,4,3,3,3,1,8,3.584,3.102,8,1,21,6,1,31
2025-04-13 22:00:00,31,7,16,36,4,14,31,2,7,15,7,0,6,4,2,4,3,2,10,3.599,3.049,13,4,22,6,1,30
2025-04-13 23:00:00,30,3,14,35,4,12,30,3,8,13,6,0,5,4,1,3,4,3,10,4.191,3.609,13,4,23,6,1,21
2025-04-14 00:00:00,21,1,11,26,10,18,35,3,6,9,3,0,2,1,1,2,4,3,8,4.549,2.984,10,3,0,0,0,17
2025-04-14 01:00:00,17,1,5,21,5,19,33,3,6,7,1,0,2,2,0,1,4,3,5,5.109,3.564,7,3,1,0,0,17
2025-04-14 02:00:00,17,2,4,18,2,17,29,2,7,7,1,0,3,3,0,1,4,3,3,5.215,4.369,10,5,2,0,0,18
2025-04-14 03:00:00,18,3,6,17,2,9,27,2,7,8,0,1,3,3,0,1,3,4,4,5.071,4.374,11,5,3,0,0,18
2025-04-14 04:00:00,18,5,10,15,5,9,28,2,6,9,0,1,5,2,1,1,2,3,4,3.95,2.612,8,2,4,0,0,17
2025-04-14 05:00:00,17,1,9,13,2,9,26,2,6,8,1,0,5,1,1,1,2,3,4,4.965,3.786,8,2,5,0,0,14
2025-04-14 06:00:00,14,3,9,15,6,13,22,2,4,6,2,0,7,1,1,1,1,1,2,4.031,2.311,5,2,6,0,0,10
2025-04-14 07:00:00,10,1,5,15,5,13,22,2,1,5,2,0,5,1,1,0,1,1,1,4.849,2.865,4,2,7,0,0,10
2025-04-14 08:00:00,10,2,6,15,2,13,22,2,1,7,0,0,4,1,1,0,1,1,2,5.343,3.599,5,2,8,0,0,10
2025-04-14 09:00:00,10,4,7,16,4,11,24,1,3,4,2,0,3,0,0,0,1,3,3,3.902,1.342,2,1,9,0,0,13
2025-04-14 10:00:00,13,4,10,15,1,7,20,1,5,5,2,0,4,1,1,0,1,3,3,3.522,1.284,3,2,10,0,0,20
2025-04-14 11:00:00,20,7,15,21,0,5,18,1,6,7,3,3,6,2,3,1,1,3,4,3.108,1.486,3,2,11,0,0,16
2025-04-14 12:00:00,16,3,14,21,7,8,19,0,5,7,1,3,5,2,2,1,1,3,2,2.184,1.844,2,0,12,0,0,17
2025-04-14 13:00:00,17,4,14,24,3,10,17,0,5,8,1,3,4,4,1,1,1,4,2,2.563,2.305,3,0,13,0,0,25
2025-04-14 14:00:00,25,10,17,32,2,12,17,0,7,10,3,5,3,5,4,2,2,5,4,2.113,1.646,5,0,14,0,0,24
2025-04-14 15:00:00,24,4,18,32,5,10,18,0,9,8,4,3,4,5,3,1,4,3,4,2.312,1.803,4,0,15,0,0,24
2025-04-14 16:00:00,24,1,15,29,1,8,18,0,9,9,3,3,4,5,3,1,5,2,4,3.243,2.803,7,0,16,0,0,21
2025-04-14 17:00:00,21,6,11,28,9,15,27,0,9,8,2,2,4,3,2,2,3,4,3,2.977,2.757,5,1,17,0,0,23
2025-04-14 18:00:00,23,7,14,32,5,15,25,0,7,9,4,3,5,3,2,2,2,4,5,2.652,1.774,6,1,18,0,0,28
2025-04-14 19:00:00,28,10,23,38,5,19,27,0,5,13,6,4,4,5,5,3,2,3,6,2.278,1.778,7,0,19,0,0,24
2025-04-14 20:00:00,24,1,18,29,5,15,30,0,4,11,5,4,3,5,4,3,2,4,3,2.853,2.412,4,0,20,0,0,23
2025-04-14 21:00:00,23,6,17,31,7,17,32,0,4,13,4,2,3,3,3,4,1,5,4,3.205,2.894,7,1,21,0,0,27
2025-04-14 22:00:00,27,7,14,37,3,15,34,0,5,15,5,2,3,7,3,2,2,6,4,3.222,2.053,10,2,22,0,0,29
2025-04-14 23:00:00,29,7,20,38,5,15,30,1,6,16,5,1,3,7,5,1,3,7,3,2.989,2.02,8,2,23,0,0,24
2025-04-15 00:00:00,24,3,17,34,8,16,33,2,6,12,4,0,3,7,3,0,3,5,3,3.22,2.44,6,1,0,1,0,24
2025-04-15 01:00:00,24,5,15,29,5,18,33,3,5,10,5,1,5,6,3,0,3,3,4,3.289,2.993,6,2,1,1,0,21
2025-04-15 02:00:00,21,4,12,32,7,20,35,3,4,8,5,1,5,4,3,1,4,2,2,3.525,2.622,7,3,2,1,0,18
2025-04-15 03:00:00,18,2,11,28,5,17,33,3,3,6,4,2,5,3,3,1,3,1,2,3.372,2.603,5,1,3,1,0,16
2025-04-15 04:00:00,16,3,9,24,5,17,35,3,2,7,4,0,6,2,2,1,3,1,1,3.619,3.032,6,1,4,1,0,15
2025-04-15 05:00:00,15,3,8,20,4,14,34,4,2,7,2,0,3,2,3,1,2,1,3,3.983,3.332,6,1,5,1,0,17
2025-04-15 06:00:00,17,5,11,22,3,12,29,4,3,9,1,0,4,2,2,1,4,1,3,3.749,2.403,7,1,6,1,0,18
2025-04-15 07:00:00,18,5,13,22,4,11,28,3,5,9,1,0,6,1,2,1,4,1,3,3.404,2.002,4,3,7,1,0,18
2025-04-15 08:00:00,18,4,14,22,4,11,25,2,4,11,1,0,7,1,2,1,2,2,3,3.361,1.906,4,2,8,1,0,22
2025-04-15 09:00:00,22,8,17,28,4,12,24,3,3,13,2,1,8,2,3,0,3,2,4,1.996,1.843,3,0,9,1,0,23
2025-04-15 10:00:00,23,3,15,28,2,10,21,3,3,15,1,1,9,2,4,0,2,3,3,2.659,2.042,5,0,10,1,0,25
2025-04-15 11:00:00,25,6,17,31,4,10,21,2,4,16,3,0,8,4,4,1,4,2,2,2.7,2.589,5,0,11,1,0,26
2025-04-15 12:00:00,26,9,18,35,8,14,26,1,3,16,6,0,7,5,4,4,3,1,2,2.213,1.812,3,0,12,1,0,32
2025-04-15 13:00:00,32,10,25,40,4,16,26,1,4,16,9,2,6,6,4,3,5,6,2,2.116,1.538,5,1,13,1,0,29
2025-04-15 14:00:00,29,4,23,40,7,19,29,2,3,14,8,2,5,7,3,2,2,7,3,2.624,2.143,6,1,14,1,0,30
2025-04-15 15:00:00,30,8,22,40,7,18,32,2,3,14,11,0,6,7,3,2,3,5,4,2.69,2.198,6,1,15,1,0,29
2025-04-15 16:00:00,29,6,18,43,7,21,37,2,4,12,9,2,4,7,3,2,2,6,5,3.109,2.56,8,1,16,1,0,26
2025-04-15 17:00:00,26,5,19,42,8,22,41,2,4,12,6,2,2,7,1,2,1,7,6,3.375,2.394,9,3,17,1,0,29
2025-04-15 18:00:00,29,7,18,40,4,19,37,2,4,12,10,1,2,7,3,2,2,8,5,3.078,2.509,8,1,18,1,0,25
2025-04-15 19:00:00,25,6,18,36,10,22,43,2,6,9,8,0,2,5,4,1,3,5,5,2.629,2.178,6,0,19,1,0,28
2025-04-15 20:00:00,28,8,21,40,5,19,41,3,5,11,8,1,2,6,5,1,4,6,4,2.516,1.813,6,1,20,1,0,26
2025-04-15 21:00:00,26,5,19,37,7,22,41,3,5,10,7,1,1,4,5,1,6,6,3,2.576,1.947,4,2,21,1,0,25
2025-04-15 22:00:00,25,2,15,33,3,15,37,3,5,11,5,1,1,5,4,1,6,5,3,3.273,2.755,6,2,22,1,0,23
2025-04-15 23:00:00,23,4,11,32,6,16,35,3,3,10,6,1,1,5,3,3,5,3,3,3.437,3.131,9,1,23,1,0,23
2025-04-16 00:00:00,23,5,11,30,5,14,36,4,3,10,6,0,3,4,3,4,4,3,2,3.325,3.13,8,1,0,2,0,19
2025-04-16 01:00:00,19,2,11,26,6,17,32,4,2,10,3,0,2,1,3,4,3,3,3,3.609,2.664,8,1,1,2,0,17
2025-04-16 02:00:00,17,1,8,19,3,14,30,3,2,8,4,0,2,1,3,3,4,2,2,3.671,3.465,5,1,2,2,0,13
2025-04-16 03:00:00,13,1,4,15,5,14,28,2,1,7,2,1,2,0,3,3,2,1,2,3.915,3.156,5,1,3,2,0,15
2025-04-16 04:00:00,15,4,6,17,2,10,27,1,1,8,3,2,1,1,3,4,2,0,4,3.435,3.762,7,0,4,2,0,16
2025-04-16 05:00:00,16,3,8,16,2,9,23,1,1,8,5,1,1,2,2,4,1,1,5,3.781,4.379,8,1,5,2,0,17
2025-04-16 06:00:00,17,4,11,15,3,7,21,1,1,7,6,2,1,2,3,3,1,3,4,3.654,2.731,7,1,6,2,0,19
2025-04-16 07:00:00,19,4,11,17,2,7,17,1,3,8,5,2,2,2,4,2,1,4,4,3.45,2.406,5,2,7,2,0,18
2025-04-16 08:00:00,18,6,14,22,7,12,21,0,3,8,5,2,2,1,3,2,2,4,4,2.264,1.691,3,1,8,2,0,19
2025-04-16 09:00:00,19,6,16,27,5,14,21,0,5,8,2,4,1,5,4,1,2,2,4,1.82,1.555,1,0,9,2,0,21
2025-04-16 10:00:00,21,7,19,30,5,17,24,0,4,13,3,1,3,5,3,1,3,3,3,2.05,1.719,2,0,10,2,0,23
2025-04-16 11:00:00,23,5,18,32,3,13,25,0,4,11,6,2,3,5,2,3,3,4,3,2.238,1.999,2,0,11,2,0,24
2025-04-16 12:00:00,24,5,17,33,4,12,26,0,5,11,6,2,3,6,1,4,4,3,3,2.373,2.402,4,0,12,2,0,24
2025-04-16 13:00:00,24,9,19,38,9,16,33,0,4,12,7,1,1,8,5,3,3,2,2,1.88,1.514,2,0,13,2,0,25
2025-04-16 14:00:00,25,7,21,39,6,19,32,0,6,9,8,2,1,8,6,2,4,3,1,2.105,1.682,4,0,14,2,0,33
2025-04-16 15:00:00,33,14,30,47,6,21,33,1,6,12,10,4,2,10,6,2,4,6,3,1.64,1.252,2,0,15,2,0,39
2025-04-16 16:00:00,39,10,31,50,4,16,32,2,7,15,11,4,3,11,7,2,6,6,4,1.96,1.605,5,0,16,2,0,36
2025-04-16 17:00:00,36,7,31,52,10,20,39,2,7,17,7,3,2,9,7,2,4,5,7,2.182,2.06,3,0,17,2,0,35
2025-04-16 18:00:00,35,7,24,54,8,22,43,2,7,17,7,2,3,6,6,4,4,6,6,2.503,2.185,5,0,18,2,0,33
2025-04-16 19:00:00,33,8,22,53,10,28,44,3,5,18,7,0,4,5,6,6,3,6,3,2.487,2.488,7,0,19,2,0,34
2025-04-16 20:00:00,34,8,23,54,7,25,45,3,4,18,8,1,6,6,8,6,0,5,3,2.432,2.191,7,0,20,2,0,30
2025-04-16 21:00:00,30,2,18,42,6,23,45,3,5,15,6,1,7,5,6,7,0,2,3,3.133,2.608,8,0,21,2,0,26
2025-04-16 22:00:00,26,3,13,35,7,20,48,3,3,14,5,1,5,5,5,6,0,3,2,3.587,3.165,9,0,22,2,0,23
2025-04-16 23:00:00,23,4,9,32,7,20,45,4,4,12,2,1,6,2,4,7,0,2,2,3.888,3.878,9,2,23,2,0,21
2025-04-17 00:00:00,21,3,10,28,5,19,42,4,3,13,1,0,7,2,2,6,1,2,1,4.184,3.915,10,3,0,3,0,21
2025-04-17 01:00:00,21,5,12,25,5,17,37,3,5,11,1,1,8,3,1,5,2,2,0,3.735,2.781,7,3,1,3,0,18
2025-04-17 02:00:00,18,4,12,21,7,17,37,2,4,9,2,1,7,4,1,2,2,1,1,3.106,2.076,5,1,2,3,0,20
2025-04-17 03:00:00,20,5,14,24,3,15,34,1,5,10,4,0,5,3,2,2,4,3,1,3.379,2.437,5,2,3,3,0,18
2025-04-17 04:00:00,18,2,11,23,4,14,31,1,4,10,3,0,2,3,2,2,4,3,2,3.225,2.812,4,1,4,3,0,14
2025-04-17 05:00:00,14,2,9,21,6,13,30,1,3,7,2,1,1,3,2,1,3,3,1,3.473,2.698,4,1,5,3,0,14
2025-04-17 06:00:00,14,4,8,22,4,14,29,1,3,8,0,2,1,5,1,1,2,2,2,3.453,2.186,4,2,6,3,0,12
2025-04-17 07:00:00,12,3,9,20,5,15,29,0,4,5,2,1,1,5,0,0,4,1,1,3.211,1.74,4,1,7,3,0,12
2025-04-17 08:00:00,12,1,8,17,1,10,23,1,4,5,2,0,2,5,0,0,4,1,0,4.02,2.74,5,2,8,3,0,14
2025-04-17 09:00:00,14,5,9,17,3,9,23,2,5,5,2,0,2,4,0,0,4,3,1,3.131,2.131,4,1,9,3,0,17
2025-04-17 10:00:00,17,5,11,20,2,6,21,2,7,7,1,0,1,4,2,2,4,2,2,2.708,1.872,4,1,10,3,0,23
2025-04-17 11:00:00,23,8,18,26,2,7,17,2,8,10,2,1,1,6,5,2,4,2,3,2.686,1.537,5,2,11,3,0,24
2025-04-17 12:00:00,24,8,21,30,7,11,20,2,9,10,2,1,2,4,6,1,4,3,4,2.57,1.807,4,2,12,3,0,22
2025-04-17 13:00:00,22,5,21,32,7,16,22,1,9,9,2,1,3,2,6,0,3,3,5,2.844,1.976,3,2,13,3,0,27
2025-04-17 14:00:00,27,8,21,39,3,17,24,1,8,11,5,2,4,4,4,1,2,5,7,2.843,2.046,4,2,14,3,0,26
2025-04-17 15:00:00,26,4,17,38,5,15,26,1,8,9,6,2,4,4,4,1,1,6,6,2.974,2.215,4,1,15,3,0,23
2025-04-17 16:00:00,23,0,12,33,3,11,27,1,8,7,5,2,3,4,4,1,1,5,5,3.98,3.057,8,2,16,3,0,26
2025-04-17 17:00:00,26,8,12,33,5,13,30,1,9,8,4,4,2,6,4,3,1,6,4,3.971,3.584,11,2,17,3,0,20
2025-04-17 18:00:00,20,3,11,28,9,17,32,1,7,10,2,0,2,5,3,5,1,1,3,4.688,4.371,10,3,18,3,0,22
2025-04-17 19:00:00,22,5,16,28,3,17,28,2,9,7,2,2,3,3,5,6,1,0,4,4.547,2.813,9,4,19,3,0,25
2025-04-17 20:00:00,25,8,16,28,5,17,30,1,9,9,3,3,3,3,6,8,1,0,4,3.003,1.641,5,3,20,3,0,26
2025-04-17 21:00:00,26,7,20,31,6,14,31,1,11,7,5,2,6,4,3,7,3,0,3,2.774,1.991,5,3,21,3,0,27
2025-04-17 22:00:00,27,6,21,37,5,16,33,1,10,6,6,4,6,3,2,9,3,0,4,2.559,2.031,5,1,22,3,0,20
2025-04-17 23:00:00,20,1,14,30,8,19,36,2,8,4,4,2,3,3,1,6,3,1,3,2.933,2.321,4,1,23,3,0,23
2025-04-18 00:00:00,23,7,14,34,4,17,31,3,10,6,3,1,4,4,3,3,3,3,3,2.932,2.812,6,1,0,4,0,24
2025-04-18 01:00:00,24,5,13,34,4,16,32,2,10,8,2,2,3,4,3,2,4,4,4,2.963,1.997,7,1,1,4,0,23
2025-04-18 02:00:00,23,7,19,33,8,16,35,2,9,6,5,1,2,2,4,2,5,6,2,2.729,2.124,6,1,2,4,0,21
2025-04-18 03:00:00,21,3,15,29,5,17,34,1,9,4,7,0,2,0,3,3,5,6,2,2.99,2.162,3,1,3,4,0,19
2025-04-18 04:00:00,19,4,14,27,6,19,35,1,8,4,6,0,0,2,2,2,4,5,4,3.388,2.854,6,1,4,4,0,17
2025-04-18 05:00:00,17,2,9,28,4,15,31,1,8,5,3,0,0,2,1,2,4,4,4,4.135,3.087,7,2,5,4,0,14
2025-04-18 06:00:00,14,1,7,22,4,14,31,1,6,5,2,0,0,2,1,2,2,4,3,4.816,4.041,7,1,6,4,0,12
2025-04-18 07:00:00,12,2,5,19,4,12,31,1,6,4,1,0,0,2,1,2,1,4,2,4.086,4.218,6,0,7,4,0,12
2025-04-18 08:00:00,12,4,7,16,4,12,27,1,3,4,3,1,1,3,1,1,1,3,2,3.043,2.394,4,1,8,4,0,15
2025-04-18 09:00:00,15,5,11,18,2,10,24,1,4,4,4,2,3,2,1,1,2,2,4,2.829,1.564,4,1,9,4,0,16
2025-04-18 10:00:00,16,7,16,21,6,12,24,0,3,5,6,2,4,1,1,3,3,2,2,1.716,1.503,1,0,10,4,0,20
2025-04-18 11:00:00,20,5,17,24,1,9,21,0,4,8,6,2,6,2,1,4,3,3,1,2.163,1.584,3,0,11,4,0,23
2025-04-18 12:00:00,23,7,19,30,4,11,21,0,6,9,7,1,4,3,5,4,3,3,1,2.232,1.73,4,0,12,4,0,20
2025-04-18 13:00:00,20,4,16,32,7,12,24,0,8,7,4,1,2,5,7,3,1,1,1,2.61,1.758,4,0,13,4,0,19
2025-04-18 14:00:00,19,4,15,32,5,16,25,0,7,9,1,2,3,4,4,4,3,1,0,3.219,2.607,7,0,14,4,0,20
2025-04-18 15:00:00,20,5,13,32,4,16,27,0,7,9,2,2,4,3,5,4,3,1,0,3.094,2.221,6,1,15,4,0,21
2025-04-18 16:00:00,21,5,14,30,4,13,25,0,4,10,3,4,3,3,4,4,4,1,2,3.001,2.139,5,1,16,4,0,20
2025-04-18 17:00:00,20,2,12,27,3,11,27,0,3,8,5,4,2,3,3,5,3,1,3,3.284,2.749,6,1,17,4,0,17
2025-04-18 18:00:00,17,4,11,24,7,14,30,0,4,5,5,3,2,4,2,2,2,1,4,3.012,2.813,3,1,18,4,0,24
2025-04-18 19:00:00,24,10,16,30,3,13,26,0,5,9,6,4,4,5,2,3,3,3,4,2.563,1.497,5,1,19,4,0,21
2025-04-18 20:00:00,21,4,18,30,7,17,28,0,4,11,5,1,4,3,2,3,2,3,4,2.156,1.726,3,0,20,4,0,29
2025-04-18 21:00:00,29,10,24,35,2,12,26,1,4,13,9,2,5,3,3,4,4,4,6,2.14,2.045,3,0,21,4,0,26
2025-04-18 22:00:00,26,4,18,34,7,16,29,1,3,12,8,2,4,1,5,3,3,5,5,2.619,1.875,4,0,22,4,0,23
2025-04-18 23:00:00,23,5,19,37,8,17,34,1,3,11,8,0,3,1,5,4,5,2,3,2.835,2.797,5,0,23,4,0,21
2025-04-19 00:00:00,21,3,12,36,5,20,32,1,2,8,9,1,1,2,5,4,4,3,2,2.931,2.449,5,0,0,5,1,22
2025-04-19 01:00:00,22,3,11,29,2,15,31,0,3,9,9,1,2,2,4,4,4,3,3,3.441,3.021,9,1,1,5,1,19
2025-04-19 02:00:00,19,6,12,31,9,16,33,0,3,6,9,1,1,4,1,3,5,2,3,3.096,2.318,6,1,2,5,1,20
2025-04-19 03:00:00,20,6,15,27,5,16,36,0,4,8,5,3,3,5,2,3,3,2,2,2.491,1.73,5,1,3,5,1,19
2025-04-19 04:00:00,19,1,13,24,2,16,31,0,4,8,5,2,3,4,3,3,2,2,2,3.149,2.607,4,1,4,5,1,20
2025-04-19 05:00:00,20,7,14,26,6,13,29,0,6,6,5,3,4,5,2,3,2,1,3,3.001,2.803,4,2,5,5,1,17
2025-04-19 06:00:00,17,2,10,25,5,13,29,0,6,6,3,2,4,4,2,3,2,1,1,3.432,2.142,6,2,6,5,1,17
2025-04-19 07:00:00,17,3,12,25,3,14,30,0,7,8,2,0,4,4,2,2,3,0,2,3.969,2.858,7,2,7,5,1,16
2025-04-19 08:00:00,16,1,6,20,2,10,23,0,6,8,2,0,4,4,2,1,3,0,2,4.207,3.486,6,1,8,5,1,16
2025-04-19 09:00:00,16,6,10,20,6,11,24,1,5,8,2,0,4,5,1,2,2,0,2,4.003,2.856,7,2,9,5,1,17
2025-04-19 10:00:00,17,6,13,25,5,13,27,2,6,8,1,0,4,5,3,1,1,2,1,3.207,1.692,5,2,10,5,1,20
2025-04-19 11:00:00,20,4,16,22,1,12,22,2,5,10,2,1,4,6,5,1,1,2,1,3.46,2.124,5,2,11,5,1,22
2025-04-19 12:00:00,22,4,14,24,2,8,19,3,6,9,2,2,4,6,5,1,2,2,2,3.23,2.595,4,1,12,5,1,27
2025-04-19 13:00:00,27,7,15,28,2,5,18,3,6,11,5,2,3,8,6,4,2,2,2,3.398,3.128,8,3,13,5,1,25
2025-04-19 14:00:00,25,5,16,32,7,11,23,3,6,9,6,1,3,7,5,4,0,2,4,3.104,2.105,9,2,14,5,1,21
2025-04-19 15:00:00,21,2,14,28,6,15,23,2,4,10,4,1,1,5,3,4,0,4,4,3.01,2.332,6,0,15,5,1,18
2025-04-19 16:00:00,18,4,11,26,7,20,25,3,4,10,1,0,1,4,4,1,0,5,3,2.927,2.884,5,0,16,5,1,19
2025-04-19 17:00:00,19,7,13,29,6,19,30,3,3,9,4,0,2,5,5,1,1,4,1,2.829,1.857,6,0,17,5,1,24
2025-04-19 18:00:00,24,9,20,34,4,17,32,2,3,12,6,1,3,7,6,3,0,3,2,2.327,1.449,5,1,18,5,1,28
2025-04-19 19:00:00,28,6,22,33,2,12,32,1,4,12,10,1,3,7,4,5,1,4,4,2.581,1.941,5,1,19,5,1,32
2025-04-19 20:00:00,32,10,25,38,6,12,31,1,5,14,11,1,4,6,6,6,2,3,5,2.218,1.996,5,0,20,5,1,30
2025-04-19 21:00:00,30,5,21,41,7,15,32,1,5,12,11,1,4,7,6,4,3,4,2,2.56,1.94,6,0,21,5,1,32
2025-04-19 22:00:00,32,4,19,41,2,15,27,1,6,15,9,1,6,7,5,4,4,4,2,3.201,2.728,11,1,22,5,1,29
2025-04-19 23:00:00,29,3,12,37,6,15,27,1,6,15,6,1,5,7,5,4,3,4,1,3.826,3.453,11,1,23,5,1,23
2025-04-20 00:00:00,23,3,10,31,9,17,32,1,4,12,6,0,5,4,3,4,3,3,1,3.643,3.597,10,1,0,6,1,20
2025-04-20 01:00:00,20,5,11,30,8,23,38,1,3,7,8,1,5,3,3,4,2,2,1,3.088,2.972,6,1,1,6,1,15
2025-04-20 02:00:00,15,0,8,20,5,22,37,1,3,4,6,1,4,1,3,3,2,1,1,3.778,3.04,7,0,2,6,1,14
2025-04-20 03:00:00,14,2,7,17,3,16,33,2,2,4,5,1,4,2,2,2,3,0,1,3.818,2.995,5,0,3,6,1,14
2025-04-20 04:00:00,14,2,4,15,2,10,33,2,1,3,6,2,4,2,3,1,2,1,1,3.825,3.524,5,2,4,6,1,13
2025-04-20 05:00:00,13,3,7,15,4,9,31,2,1,3,5,2,3,3,0,1,2,2,2,3.959,4.073,7,2,5,6,1,12
2025-04-20 06:00:00,12,2,7,14,3,9,25,2,1,5,2,2,3,2,1,2,1,1,2,4.443,4.246,6,2,6,6,1,14
2025-04-20 07:00:00,14,6,11,15,4,11,21,2,1,6,5,0,4,1,3,3,2,0,1,3.348,1.82,4,2,7,6,1,11
2025-04-20 08:00:00,11,0,8,15,3,10,19,2,1,5,3,0,3,1,3,2,2,0,0,3.932,2.787,3,2,8,6,1,7
2025-04-20 09:00:00,7,0,6,13,4,11,20,0,0,5,2,0,0,1,3,2,1,0,0,3.14,2.69,1,0,9,6,1,16
2025-04-20 10:00:00,16,10,10,21,1,8,19,1,2,11,2,0,2,3,4,2,2,2,1,1.924,0.803,3,0,10,6,1,17
2025-04-20 11:00:00,17,3,13,21,2,7,17,1,3,10,3,0,2,3,3,3,2,2,2,2.21,1.567,4,0,11,6,1,17
2025-04-20 12:00:00,17,5,18,24,5,8,19,1,3,10,3,0,2,3,3,4,1,2,2,2.44,2.095,3,0,12,6,1,17
2025-04-20 13:00:00,17,2,10,20,2,9,17,1,4,10,2,0,3,3,3,3,1,2,2,2.86,2.956,2,0,13,6,1,21
2025-04-20 14:00:00,21,5,12,25,1,8,15,1,4,11,5,0,5,4,3,2,1,2,4,2.882,2.615,7,0,14,6,1,24
2025-04-20 15:00:00,24,7,14,32,4,7,15,0,3,15,6,0,6,4,5,1,0,1,7,2.49,2.086,5,0,15,6,1,23
2025-04-20 16:00:00,23,5,17,27,6,11,20,0,3,14,6,0,7,5,5,1,0,2,3,2.783,2.778,7,0,16,6,1,27
2025-04-20 17:00:00,27,8,20,32,4,14,22,0,5,14,5,3,7,6,6,1,0,2,5,2.604,2.059,6,0,17,6,1,30
2025-04-20 18:00:00,30,9,22,36,6,16,23,0,5,14,5,6,10,6,5,1,0,2,6,2.237,1.724,5,0,18,6,1,24
2025-04-20 19:00:00,24,3,20,37,9,19,30,0,7,10,3,4,6,7,5,1,0,2,3,2.59,2.09,4,1,19,6,1,23
2025-04-20 20:00:00,23,7,19,39,8,23,37,1,9,10,2,1,5,7,5,0,0,2,4,2.41,2.182,3,0,20,6,1,21
2025-04-20 21:00:00,21,4,14,36,6,23,39,1,8,9,3,0,3,9,3,0,0,2,4,2.788,1.978,6,1,21,6,1,22
2025-04-20 22:00:00,22,4,15,35,3,17,36,2,9,7,4,0,2,9,3,1,0,2,5,2.787,2.841,5,0,22,6,1,17
2025-04-20 23:00:00,17,2,10,29,7,16,39,2,6,5,4,0,2,9,1,2,0,1,2,2.977,3.136,3,0,23,6,1,19
2025-04-21 00:00:00,19,4,10,24,2,12,35,2,5,7,5,0,2,9,3,2,0,1,2,2.96,3.333,7,0,0,0,0,18
2025-04-21 01:00:00,18,1,7,22,2,11,28,2,4,8,4,0,2,9,2,2,0,1,2,3.785,3.886,9,1,1,0,0,14
2025-04-21 02:00:00,14,2,7,17,6,10,26,1,2,7,4,0,1,7,1,2,0,1,2,3.748,3.292,6,1,2,0,0,15
2025-04-21 03:00:00,15,3,6,16,2,10,22,1,2,9,3,0,2,6,2,1,1,1,2,4.063,3.602,7,1,3,0,0,12
2025-04-21 04:00:00,12,1,6,13,4,12,23,0,2,7,3,0,2,4,3,0,1,1,1,4.181,4.221,7,2,4,0,0,10
2025-04-21 05:00:00,10,3,7,14,5,11,21,0,1,5,4,0,3,1,2,0,1,2,1,3.152,2.07,3,2,5,0,0,11
2025-04-21 06:00:00,11,3,7,13,2,11,21,0,1,5,4,1,5,1,1,1,0,2,1,3.36,1.599,3,2,6,0,0,12
2025-04-21 07:00:00,12,4,10,16,3,10,22,1,1,6,3,1,5,0,2,1,1,1,2,2.225,1.667,2,0,7,0,0,10
2025-04-21 08:00:00,10,2,9,16,4,9,20,1,1,5,3,0,3,0,2,1,1,1,2,2.466,1.902,1,1,8,0,0,11
2025-04-21 09:00:00,11,3,9,16,2,9,20,1,1,5,3,1,3,0,2,2,1,1,2,2.117,2.585,1,0,9,0,0,11
2025-04-21 10:00:00,11,2,7,17,2,8,18,1,2,4,3,1,2,0,2,3,1,0,3,2.339,2.059,0,0,10,0,0,14
2025-04-21 11:00:00,14,5,10,19,2,6,15,1,2,6,4,1,2,2,1,3,1,1,4,2.359,2.169,4,0,11,0,0,14
2025-04-21 12:00:00,14,1,8,17,1,5,14,1,2,6,4,1,2,2,1,3,1,1,4,2.98,2.665,4,0,12,0,0,13
2025-04-21 13:00:00,13,6,12,19,7,10,18,0,1,4,7,1,1,3,1,2,3,1,2,1.919,1.561,1,0,13,0,0,20
2025-04-21 14:00:00,20,9,16,26,2,10,16,0,2,8,8,2,3,6,2,4,2,2,1,1.76,1.059,1,0,14,0,0,22
2025-04-21 15:00:00,22,7,22,30,5,14,19,0,2,9,9,2,4,6,1,6,2,3,0,1.521,1.466,1,0,15,0,0,22
2025-04-21 16:00:00,22,5,21,33,5,12,22,0,5,9,7,1,5,5,1,5,2,3,1,2.02,2.07,1,0,16,0,0,28
2025-04-21 17:00:00,28,8,20,36,2,12,22,1,6,12,6,3,7,5,1,5,3,3,4,2.305,2.094,3,0,17,0,0,33
2025-04-21 18:00:00,33,8,21,43,3,10,24,1,6,18,5,3,6,3,2,8,3,6,5,2.585,2.261,9,0,18,0,0,32
2025-04-21 19:00:00,32,5,21,42,6,11,23,1,5,20,5,1,7,3,3,7,3,4,5,2.949,2.648,10,0,19,0,0,30
2025-04-21 20:00:00,30,6,19,39,8,17,29,1,7,20,2,0,7,3,3,6,2,3,6,3.25,2.985,11,0,20,0,0,34
2025-04-21 21:00:00,34,7,18,39,3,17,27,1,7,22,2,2,8,2,2,6,3,4,9,3.433,3.047,13,2,21,0,0,26
2025-04-21 22:00:00,26,2,15,36,10,21,32,1,3,18,3,1,5,3,1,5,2,4,6,3.764,3.045,11,3,22,0,0,22
2025-04-21 23:00:00,22,3,12,31,7,20,37,0,3,16,2,1,3,3,2,4,1,4,5,3.827,3.056,8,3,23,0,0,17
2025-04-22 00:00:00,17,2,7,25,7,24,41,0,2,11,3,1,3,2,3,2,1,3,3,4.265,3.558,8,3,0,1,0,10
2025-04-22 01:00:00,10,1,6,21,8,22,43,0,1,8,1,0,2,0,2,2,1,2,1,3.765,4.002,5,0,1,1,0,7
2025-04-22 02:00:00,7,3,6,18,6,21,41,0,1,4,2,0,2,1,3,1,0,0,0,2.405,1.484,2,0,2,1,0,6
2025-04-22 03:00:00,6,0,4,11,1,15,39,0,1,4,1,0,1,1,3,1,0,0,0,2.97,2.215,1,0,3,1,0,8
2025-04-22 04:00:00,8,3,6,12,1,8,30,0,1,3,4,0,2,1,2,1,2,0,0,2.692,2.746,1,0,4,1,0,10
2025-04-22 05:00:00,10,3,6,12,1,3,24,0,1,5,4,0,3,1,3,1,1,0,1,2.928,2.856,2,0,5,1,0,12
2025-04-22 06:00:00,12,4,10,14,2,4,19,0,2,6,4,0,2,4,4,0,1,0,1,2.684,1.686,4,1,6,1,0,12
2025-04-22 07:00:00,12,3,10,16,3,6,14,0,1,9,2,0,2,3,4,1,1,0,1,2.779,1.547,3,1,7,1,0,11
2025-04-22 08:00:00,11,3,10,16,4,9,12,0,1,7,3,0,2,3,1,3,1,1,0,2.372,1.902,2,0,8,1,0,17
2025-04-22 09:00:00,17,7,13,23,1,8,12,0,2,11,4,0,2,6,2,3,2,2,0,2.128,1.325,2,0,9,1,0,22
2025-04-22 10:00:00,22,6,16,26,1,6,12,0,3,13,6,0,2,8,2,4,1,2,3,2.401,1.521,4,2,10,1,0,23
2025-04-22 11:00:00,23,7,20,30,6,8,17,0,3,14,6,0,1,9,2,3,2,3,3,1.927,1.999,2,0,11,1,0,27
2025-04-22 12:00:00,27,5,18,31,1,8,16,1,4,15,7,0,1,10,4,2,3,3,4,2.425,2.161,4,0,12,1,0,28
2025-04-22 13:00:00,28,6,18,34,5,12,18,1,4,17,6,0,2,9,4,3,4,2,4,2.583,2.388,7,0,13,1,0,30
2025-04-22 14:00:00,30,11,22,42,9,15,23,1,5,16,5,3,1,8,5,3,4,2,7,2.464,1.898,8,1,14,1,0,28
2025-04-22 15:00:00,28,5,22,40,7,21,29,1,5,14,5,3,2,3,7,2,6,2,6,2.468,1.922,5,0,15,1,0,27
2025-04-22 16:00:00,27,7,23,41,8,24,36,1,5,14,5,2,2,3,6,2,7,3,4,2.572,2.387,6,0,16,1,0,22
2025-04-22 17:00:00,22,3,15,37,8,23,38,0,5,11,5,1,2,3,5,1,4,3,4,2.872,2.662,6,0,17,1,0,30
2025-04-22 18:00:00,30,10,20,42,2,18,39,0,6,14,9,1,4,5,6,2,5,5,3,2.66,2.107,7,0,18,1,0,27
2025-04-22 19:00:00,27,5,18,41,8,18,42,0,4,10,11,2,7,3,4,2,5,4,2,2.576,1.945,5,1,19,1,0,26
2025-04-22 20:00:00,26,4,19,34,5,15,38,0,5,9,10,2,7,3,3,2,6,3,2,2.716,2.386,6,0,20,1,0,24
2025-04-22 21:00:00,24,6,15,35,8,21,39,0,3,8,11,2,5,4,4,3,3,4,1,2.78,2.734,5,0,21,1,0,25
2025-04-22 22:00:00,25,3,13,31,2,15,33,0,4,9,11,1,7,3,4,3,3,4,1,3.444,3.627,9,1,22,1,0,20
2025-04-22 23:00:00,20,4,13,32,9,19,34,1,3,10,4,2,7,2,5,2,2,1,1,3.49,3.058,7,1,23,1,0,22
2025-04-23 00:00:00,22,4,11,26,2,13,34,1,3,12,3,3,7,2,5,3,2,1,2,3.78,3.273,9,3,0,2,0,12
2025-04-23 01:00:00,12,0,8,21,10,21,36,0,2,7,3,0,4,2,2,0,1,1,2,4.403,3.653,5,2,1,2,0,12
2025-04-23 02:00:00,12,3,7,20,3,15,34,0,4,6,2,0,4,1,2,0,2,2,1,4.5,4.227,7,3,2,2,0,10
2025-04-23 03:00:00,10,1,4,15,3,16,29,0,4,5,1,0,4,1,0,0,2,2,1,4.59,4.619,5,2,3,2,0,11
2025-04-23 04:00:00,11,2,6,14,1,7,28,0,4,6,1,0,3,2,0,0,3,2,1,4.553,2.716,5,3,4,2,0,8
2025-04-23 05:00:00,8,0,3,10,3,7,22,0,3,5,0,0,3,1,0,0,3,1,0,4.188,3.053,2,1,5,2,0,12
2025-04-23 06:00:00,12,5,7,11,1,5,21,0,3,7,1,1,2,3,0,0,4,2,1,2.94,2.253,4,1,6,2,0,13
2025-04-23 07:00:00,13,3,8,14,2,6,13,0,3,6,3,1,2,4,0,0,3,3,1,2.882,1.87,3,1,7,2,0,18
2025-04-23 08:00:00,18,5,13,16,0,3,10,0,3,10,4,1,3,5,1,0,4,3,2,2.988,2.138,5,1,8,2,0,19
2025-04-23 09:00:00,19,5,13,20,4,6,11,0,3,9,5,2,3,4,3,0,3,3,3,3.149,2.008,4,1,9,2,0,20
2025-04-23 10:00:00,20,5,15,23,4,8,14,0,3,9,6,2,2,4,4,0,4,3,3,3.377,1.991,6,1,10,2,0,25
2025-04-23 11:00:00,25,5,15,28,0,8,11,0,4,12,7,2,3,4,5,0,4,4,5,3.557,2.763,7,2,11,2,0,22
2025-04-23 12:00:00,22,3,13,26,6,10,16,0,4,12,6,0,3,4,3,1,4,3,4,4.018,2.574,9,3,12,2,0,22
2025-04-23 13:00:00,22,5,13,28,5,11,19,0,6,11,5,0,3,2,4,1,5,4,3,3.503,2.208,5,2,13,2,0,28
2025-04-23 14:00:00,28,9,17,32,3,14,22,0,6,11,9,2,2,5,4,3,5,6,3,2.59,1.876,6,1,14,2,0,28
2025-04-23 15:00:00,28,6,20,33,6,14,24,0,4,13,8,3,3,4,5,3,3,7,3,2.247,1.824,6,0,15,2,0,33
2025-04-23 16:00:00,33,9,24,37,4,13,24,0,7,15,9,2,6,5,5,3,4,7,3,2.4,2.399,6,0,16,2,0,34
2025-04-23 17:00:00,34,5,20,37,4,14,28,0,8,14,10,2,10,4,4,2,4,7,3,2.829,2.486,9,0,17,2,0,36
2025-04-23 18:00:00,36,7,21,41,5,13,27,1,9,15,9,2,10,5,4,3,3,7,4,3.077,2.625,12,0,18,2,0,36
2025-04-23 19:00:00,36,6,18,42,6,15,28,1,9,18,6,2,11,5,2,3,4,6,5,3.366,3.129,12,3,19,2,0,38
2025-04-23 20:00:00,38,9,22,42,7,18,32,1,8,18,8,3,7,8,5,4,3,6,5,3.032,2.488,13,1,20,2,0,35
2025-04-23 21:00:00,35,2,17,38,5,18,31,1,8,16,7,3,5,8,5,4,3,5,5,3.601,3.026,11,3,21,2,0,40
2025-04-23 22:00:00,40,7,18,36,2,14,29,1,8,17,9,5,5,9,6,4,5,5,6,3.695,3.27,16,3,22,2,0,35
2025-04-23 23:00:00,35,2,11,33,7,14,32,1,6,14,10,4,5,7,5,4,5,4,5,4.062,4.106,18,2,23,2,0,31
2025-04-24 00:00:00,31,4,13,30,8,17,35,1,6,10,11,3,3,6,5,4,6,1,6,4.097,4.157,16,3,0,3,0,27
2025-04-24 01:00:00,27,1,7,25,5,20,34,1,4,9,9,4,2,5,4,4,5,2,5,4.886,4.239,15,3,1,3,0,20
2025-04-24 02:00:00,20,2,7,18,9,22,36,1,3,7,6,3,3,4,3,3,3,2,2,5.544,5.196,14,6,2,3,0,15
2025-04-24 03:00:00,15,2,5,18,7,21,38,1,3,6,3,2,2,3,3,2,2,1,2,5.69,5.097,10,5,3,3,0,15
2025-04-24 04:00:00,15,2,6,13,2,18,38,1,5,6,3,0,3,3,2,3,2,0,2,6.149,6.097,11,5,4,3,0,17
2025-04-24 05:00:00,17,3,7,14,1,10,32,1,5,8,2,1,3,3,2,3,2,2,2,5.994,7.003,10,6,5,3,0,16
2025-04-24 06:00:00,16,2,7,12,3,6,27,1,5,8,1,1,3,2,3,3,0,2,3,5.533,3.58,7,6,6,3,0,20
2025-04-24 07:00:00,20,7,12,18,3,7,25,2,8,8,1,1,4,3,3,3,2,2,3,4.28,2.251,6,5,7,3,0,17
2025-04-24 08:00:00,17,4,13,20,7,13,23,2,7,5,3,0,3,1,3,4,3,1,2,3.218,1.312,4,2,8,3,0,18
2025-04-24 09:00:00,18,2,13,20,1,11,17,1,7,5,4,1,4,1,3,5,3,1,1,3.177,2.242,4,1,9,3,0,17
2025-04-24 10:00:00,17,4,10,22,5,13,20,1,7,3,5,1,5,2,1,5,4,0,0,3.423,3.0,3,1,10,3,0,20
2025-04-24 11:00:00,20,5,11,24,2,8,21,2,6,6,6,0,5,3,2,3,4,2,1,3.374,2.775,7,1,11,3,0,26
2025-04-24 12:00:00,26,12,21,34,6,13,24,3,6,11,5,1,6,6,2,2,4,5,1,2.725,1.234,7,1,12,3,0,27
2025-04-24 13:00:00,27,3,20,30,2,10,23,3,7,11,5,1,6,7,2,1,4,5,2,2.611,1.951,5,0,13,3,0,24
2025-04-24 14:00:00,24,3,18,29,6,14,22,3,6,11,3,1,5,6,2,1,2,5,3,2.992,2.585,4,0,14,3,0,26
2025-04-24 15:00:00,26,8,14,35,6,14,27,4,5,8,7,2,4,5,3,3,4,3,4,2.921,2.513,6,3,15,3,0,31
2025-04-24 16:00:00,31,9,20,40,4,16,26,4,5,12,9,1,7,7,3,5,5,2,2,2.842,1.777,11,2,16,3,0,29
2025-04-24 17:00:00,29,5,22,40,7,17,31,3,3,14,8,1,5,6,3,5,4,2,4,2.672,2.077,7,1,17,3,0,23
2025-04-24 18:00:00,23,3,17,31,9,20,34,1,3,11,7,1,4,5,2,4,4,1,3,2.584,2.5,3,0,18,3,0,23
2025-04-24 19:00:00,23,4,12,32,4,20,36,1,3,11,7,1,4,6,1,4,3,3,2,3.066,3.236,6,0,19,3,0,25
2025-04-24 20:00:00,25,6,13,35,4,17,34,0,5,13,7,0,3,7,1,5,3,3,3,3.314,3.638,10,1,20,3,0,26
2025-04-24 21:00:00,26,8,18,35,7,15,35,0,4,15,6,1,5,5,2,4,5,1,4,2.897,1.832,9,1,21,3,0,23
2025-04-24 22:00:00,23,2,16,28,5,16,36,0,6,13,3,1,5,2,2,3,4,3,4,3.413,2.545,7,1,22,3,0,27
2025-04-24 23:00:00,27,6,16,29,2,14,31,0,7,15,3,2,7,3,2,2,6,4,3,3.528,2.753,6,3,23,3,0,23
2025-04-25 00:00:00,23,1,9,27,5,12,27,0,7,12,2,2,6,3,2,3,4,2,3,4.085,3.52,8,4,0,4,0,19
2025-04-25 01:00:00,19,2,9,25,6,13,29,0,7,8,2,2,6,2,2,1,4,2,2,4.065,3.376,9,2,1,4,0,12
2025-04-25 02:00:00,12,1,4,20,8,19,33,0,6,4,1,1,4,1,1,2,1,2,1,4.58,3.91,4,2,2,4,0,11
2025-04-25 03:00:00,11,2,5,14,3,17,29,0,4,3,3,1,4,1,0,2,1,2,1,4.063,3.667,5,1,3,4,0,13
2025-04-25 04:00:00,13,4,7,16,2,13,26,1,4,4,2,2,4,1,1,2,2,2,1,3.718,2.681,5,1,4,4,0,11
2025-04-25 05:00:00,11,2,8,12,4,9,28,1,6,3,1,0,3,2,1,1,1,2,1,4.439,2.167,5,1,5,4,0,10
2025-04-25 06:00:00,10,3,9,14,4,10,27,1,4,3,2,0,3,1,1,0,1,1,3,3.321,1.932,1,1,6,4,0,12
2025-04-25 07:00:00,12,4,9,16,2,10,23,1,3,5,3,0,3,2,3,0,1,1,2,3.211,1.642,1,1,7,4,0,12
2025-04-25 08:00:00,12,3,10,18,3,9,18,1,4,5,2,0,3,3,3,1,1,0,1,3.598,1.677,3,1,8,4,0,16
2025-04-25 09:00:00,16,5,12,21,1,6,16,0,5,7,4,0,2,6,4,1,2,0,1,3.29,2.163,3,1,9,4,0,16
2025-04-25 10:00:00,16,2,10,19,2,6,16,0,5,7,4,0,2,6,4,1,2,1,0,3.618,2.274,2,1,10,4,0,25
2025-04-25 11:00:00,25,11,18,28,2,5,14,0,4,14,6,1,4,7,6,2,2,3,1,2.005,1.765,4,0,11,4,0,26
2025-04-25 12:00:00,26,8,21,33,7,11,17,1,3,16,5,1,2,6,4,3,4,6,1,2.003,1.542,4,0,12,4,0,28
2025-04-25 13:00:00,28,5,24,34,3,12,18,1,4,16,6,1,3,6,3,3,6,6,1,2.321,2.058,5,0,13,4,0,31
2025-04-25 14:00:00,31,6,19,37,3,13,18,1,6,16,8,0,3,5,4,4,6,8,1,2.608,2.508,5,0,14,4,0,34
2025-04-25 15:00:00,34,8,19,40,5,11,22,1,6,18,8,1,3,4,5,5,6,10,1,2.864,2.815,11,0,15,4,0,29
2025-04-25 16:00:00,29,4,18,42,9,17,29,1,6,16,5,1,5,4,3,3,4,9,1,2.971,2.589,10,0,16,4,0,26
2025-04-25 17:00:00,26,3,15,34,6,20,33,1,6,15,4,0,5,4,2,3,4,6,2,3.484,2.963,9,0,17,4,0,22
2025-04-25 18:00:00,22,3,10,29,7,22,33,1,4,13,4,0,3,3,1,3,2,8,2,3.606,3.398,8,1,18,4,0,22
2025-04-25 19:00:00,22,4,10,28,4,17,34,1,3,13,5,0,2,3,3,2,2,8,2,3.893,3.25,9,4,19,4,0,20
2025-04-25 20:00:00,20,4,11,26,6,17,37,2,2,10,5,1,1,4,4,1,1,7,2,3.207,2.477,6,2,20,4,0,23
2025-04-25 21:00:00,23,5,13,23,2,12,34,2,3,13,4,1,2,5,3,2,1,7,3,3.566,2.864,9,2,21,4,0,26
2025-04-25 22:00:00,26,8,17,27,5,13,30,3,2,14,4,3,3,6,3,2,1,5,6,3.128,1.963,7,2,22,4,0,24
2025-04-25 23:00:00,24,7,20,31,9,16,33,2,2,12,4,4,3,7,2,2,1,5,4,2.437,1.709,3,2,23,4,0,23
2025-04-26 00:00:00,23,1,16,29,2,16,28,2,2,13,3,3,2,6,2,2,1,5,5,3.312,2.589,5,2,0,5,1,14
2025-04-26 01:00:00,14,0,8,25,9,20,33,2,1,8,2,1,1,5,1,0,0,4,3,3.73,3.347,3,1,1,5,1,14
2025-04-26 02:00:00,14,4,5,25,4,15,31,2,2,7,0,3,1,4,1,1,0,3,4,3.25,3.401,6,0,2,5,1,15
2025-04-26 03:00:00,15,6,10,26,5,18,34,2,3,4,2,4,2,3,1,1,2,3,3,2.604,1.401,5,0,3,5,1,14
2025-04-26 04:00:00,14,2,12,20,3,12,32,0,3,4,3,4,1,3,1,2,2,3,2,2.661,1.948,4,0,4,5,1,12
2025-04-26 05:00:00,12,4,12,17,6,14,29,0,3,3,4,2,1,1,3,2,2,1,2,2.165,2.275,1,0,5,5,1,12
2025-04-26 06:00:00,12,2,8,18,2,11,29,0,2,5,4,1,1,1,4,1,2,1,2,2.637,1.877,2,0,6,5,1,14
2025-04-26 07:00:00,14,6,12,24,4,12,24,0,3,8,3,0,3,2,4,0,1,1,3,2.093,1.523,2,1,7,5,1,14
2025-04-26 08:00:00,14,2,10,22,2,8,22,0,2,8,4,0,3,2,3,0,0,1,5,2.575,1.951,1,1,8,5,1,14
2025-04-26 09:00:00,14,3,11,19,3,9,20,0,1,10,3,0,3,2,2,1,0,1,5,2.445,2.688,3,0,9,5,1,17
2025-04-26 10:00:00,17,4,9,21,1,6,18,0,3,11,3,0,3,2,4,1,1,1,5,2.69,2.558,3,0,10,5,1,19
2025-04-26 11:00:00,19,6,13,23,4,8,16,0,3,14,2,0,3,4,4,1,1,0,6,2.562,1.904,5,0,11,5,1,16
2025-04-26 12:00:00,16,2,12,23,5,10,19,0,3,11,2,0,3,3,3,0,2,0,5,2.94,2.221,4,0,12,5,1,16
2025-04-26 13:00:00,16,3,11,20,3,12,18,0,3,9,4,0,3,2,3,1,3,0,4,3.342,2.607,4,1,13,5,1,15
2025-04-26 14:00:00,15,3,8,21,4,12,20,0,4,6,5,0,3,3,1,1,3,0,4,3.148,2.906,3,1,14,5,1,19
2025-04-26 15:00:00,19,8,14,26,4,11,21,0,7,8,4,0,6,5,1,1,2,1,3,2.267,1.341,4,1,15,5,1,20
2025-04-26 16:00:00,20,6,17,28,5,13,25,0,6,10,4,0,6,4,1,1,2,1,5,2.136,1.544,2,1,16,5,1,26
2025-04-26 17:00:00,26,7,21,29,1,10,22,0,7,10,8,1,7,4,4,2,2,2,5,2.458,2.011,3,1,17,5,1,22
2025-04-26 18:00:00,22,2,15,29,6,12,23,0,7,7,6,2,5,5,2,2,2,3,3,2.726,2.596,3,0,18,5,1,20
2025-04-26 19:00:00,20,4,13,30,6,13,26,0,6,9,4,1,4,5,2,1,3,2,3,2.983,3.097,6,1,19,5,1,19
2025-04-26 20:00:00,19,3,9,30,4,16,26,0,5,9,4,1,2,6,2,0,2,2,5,2.933,3.024,6,0,20,5,1,21
2025-04-26 21:00:00,21,6,13,28,4,14,26,0,6,10,4,1,2,3,2,0,3,3,8,2.893,2.059,8,0,21,5,1,26
2025-04-26 22:00:00,26,9,18,31,4,12,25,2,8,11,4,1,3,5,2,1,4,3,8,2.645,1.639,7,1,22,5,1,27
2025-04-26 23:00:00,27,7,22,31,6,14,30,2,8,10,7,0,4,4,3,1,6,1,8,2.557,1.68,5,1,23,5,1,26
2025-04-27 00:00:00,26,3,19,32,4,14,28,2,7,11,6,0,4,6,1,1,5,1,8,3.154,2.393,6,3,0,6,1,20
2025-04-27 01:00:00,20,1,11,29,7,17,29,1,5,8,6,0,3,6,1,1,5,2,2,3.535,3.13,6,1,1,6,1,19
2025-04-27 02:00:00,19,4,8,30,5,16,30,1,5,5,5,3,3,5,2,1,3,2,3,3.506,3.474,7,1,2,6,1,11
2025-04-27 03:00:00,11,0,5,24,8,20,34,1,3,2,3,2,2,3,1,1,1,1,2,3.475,3.704,5,0,3,6,1,10
2025-04-27 04:00:00,10,2,6,17,3,16,33,0,3,3,2,2,1,2,0,1,1,1,4,3.369,2.992,4,0,4,6,1,6
2025-04-27 05:00:00,6,1,3,11,5,16,32,0,3,1,1,1,1,1,0,1,1,1,1,4.01,3.81,3,0,5,6,1,10
2025-04-27 06:00:00,10,4,7,12,0,8,28,0,3,4,1,2,1,1,0,1,2,2,3,3.303,2.183,4,1,6,6,1,13
2025-04-27 07:00:00,13,5,10,16,2,7,23,0,3,6,2,2,1,3,0,2,1,4,2,2.567,1.714,3,1,7,6,1,10
2025-04-27 08:00:00,10,2,11,14,5,7,23,0,2,5,2,1,0,2,1,2,1,3,1,2.15,1.623,1,0,8,6,1,12
2025-04-27 09:00:00,12,3,10,17,1,8,16,0,2,6,3,1,1,2,1,2,2,3,1,2.506,2.473,1,1,9,6,1,13
2025-04-27 10:00:00,13,3,8,18,2,8,15,0,3,5,4,1,2,3,1,1,2,3,1,3.007,3.382,3,1,10,6,1,12
2025-04-27 11:00:00,12,2,8,19,3,6,13,1,2,5,4,0,3,2,0,2,2,2,1,3.04,2.464,5,0,11,6,1,14
2025-04-27 12:00:00,14,6,11,21,4,9,17,1,3,3,7,0,2,1,2,1,2,5,1,2.18,1.607,2,0,12,6,1,15
2025-04-27 13:00:00,15,3,11,19,2,9,17,1,3,5,6,0,3,2,2,1,2,4,1,2.25,1.906,2,0,13,6,1,15
2025-04-27 14:00:00,15,4,13,21,4,10,16,2,4,5,4,0,5,1,3,1,2,2,1,2.247,2.294,2,0,14,6,1,16
2025-04-27 15:00:00,16,5,12,23,4,10,19,2,4,5,2,3,4,4,2,1,2,2,1,2.064,1.651,2,0,15,6,1,22
2025-04-27 16:00:00,22,9,18,29,3,11,20,2,6,5,4,5,6,4,5,1,2,4,0,1.937,1.354,3,0,16,6,1,28
2025-04-27 17:00:00,28,7,21,34,1,8,18,2,9,7,3,7,8,5,5,2,4,4,0,2.357,1.835,5,0,17,6,1,35
2025-04-27 18:00:00,35,8,24,36,1,5,15,2,9,13,4,7,10,6,6,2,5,3,3,2.609,2.544,6,0,18,6,1,38
2025-04-27 19:00:00,38,6,21,39,3,5,16,1,9,15,6,7,9,7,6,3,5,4,4,2.981,2.8,8,1,19,6,1,37
2025-04-27 20:00:00,37,4,18,39,5,9,17,1,9,17,7,3,9,6,5,2,5,4,6,3.408,3.088,13,1,20,6,1,42
2025-04-27 21:00:00,42,9,19,43,4,12,17,1,10,20,7,4,10,4,7,2,6,3,10,3.374,3.267,15,2,21,6,1,46
2025-04-27 22:00:00,46,5,18,39,1,10,15,1,11,22,8,4,9,4,11,2,7,3,10,3.902,3.747,22,2,22,6,1,45
2025-04-27 23:00:00,45,6,20,38,7,12,21,1,12,22,7,3,7,4,12,2,7,4,9,4.152,3.912,22,2,23,6,1,44
2025-04-28 00:00:00,44,2,13,32,3,11,23,1,13,20,8,2,6,3,14,2,6,4,9,4.784,4.711,24,4,0,0,0,44
2025-04-28 01:00:00,44,2,10,28,2,12,22,1,12,21,8,2,8,3,14,1,5,4,9,5.342,5.227,29,8,1,0,0,43
2025-04-28 02:00:00,43,2,6,26,3,8,20,1,11,21,9,1,8,2,13,0,6,4,10,5.931,5.757,31,13,2,0,0,39
2025-04-28 03:00:00,39,2,6,19,6,11,22,1,9,21,7,1,8,2,11,1,5,2,10,6.407,6.617,31,12,3,0,0,37
2025-04-28 04:00:00,37,3,7,17,5,14,26,1,9,19,7,1,7,2,11,1,6,1,9,6.591,6.529,28,11,4,0,0,34
2025-04-28 05:00:00,34,3,8,14,6,17,25,1,6,18,7,2,9,1,11,1,6,0,6,6.724,7.385,24,14,5,0,0,32
2025-04-28 06:00:00,32,4,10,16,6,17,28,1,8,17,5,1,7,3,7,2,6,0,7,6.893,7.151,21,15,6,0,0,30
2025-04-28 07:00:00,30,5,12,19,7,19,33,1,6,15,6,2,6,2,6,1,7,1,7,6.122,5.812,17,11,7,0,0,29
2025-04-28 08:00:00,29,5,14,22,6,19,36,1,6,14,6,2,6,2,7,0,7,2,5,5.665,3.876,14,10,8,0,0,29
2025-04-28 09:00:00,29,7,17,27,7,20,37,1,8,10,9,1,6,3,8,0,6,2,4,4.824,2.529,11,8,9,0,0,27
2025-04-28 10:00:00,27,3,15,27,5,18,37,2,8,9,8,0,5,4,6,0,6,2,4,4.821,2.697,10,6,10,0,0,28
2025-04-28 11:00:00,28,6,16,30,5,17,36,2,7,8,11,0,4,5,7,0,4,2,6,4.055,2.673,9,5,11,0,0,27
2025-04-28 12:00:00,27,7,16,33,8,18,38,3,7,10,6,1,5,4,5,1,6,1,5,4.13,2.584,9,5,12,0,0,33
2025-04-28 13:00:00,33,8,21,36,2,15,33,4,8,13,7,1,5,5,5,2,9,2,5,4.07,2.117,11,5,13,0,0,28
2025-04-28 14:00:00,28,2,17,33,7,17,34,4,6,11,6,1,4,5,4,2,9,2,2,3.838,2.313,9,3,14,0,0,34
2025-04-28 15:00:00,34,12,22,38,6,15,33,5,6,14,6,3,5,5,4,2,11,4,3,3.204,2.405,6,4,15,0,0,37
2025-04-28 16:00:00,37,9,23,44,6,19,34,4,8,13,8,4,6,6,4,3,10,5,3,2.51,1.872,6,2,16,0,0,44
2025-04-28 17:00:00,44,9,30,47,2,14,31,4,8,17,10,5,7,8,6,4,9,6,4,2.687,2.394,12,1,17,0,0,50
2025-04-28 18:00:00,50,8,26,48,2,10,25,4,9,20,10,7,9,10,6,4,8,7,6,3.057,2.851,12,1,18,0,0,46
2025-04-28 19:00:00,46,4,21,44,8,12,31,3,8,23,7,5,7,10,6,3,8,6,6,3.606,3.295,19,1,19,0,0,48
2025-04-28 20:00:00,48,8,20,50,6,16,30,2,10,24,8,4,9,9,7,4,7,8,4,3.722,3.466,21,1,20,0,0,55
2025-04-28 21:00:00,55,9,21,47,2,16,26,2,12,25,10,6,12,9,10,4,8,8,4,4.04,4.132,29,4,21,0,0,48
2025-04-28 22:00:00,48,2,19,40,9,17,29,2,12,22,8,4,9,8,10,3,8,5,5,4.741,4.536,27,5,22,0,0,40
2025-04-28 23:00:00,40,1,12,32,9,20,36,2,10,22,4,2,8,7,9,3,6,2,5,5.859,5.858,26,11,23,0,0,38
2025-04-29 00:00:00,38,4,7,28,6,24,40,2,10,21,4,1,7,7,11,2,7,2,2,6.168,5.811,26,12,0,1,0,35
2025-04-29 01:00:00,35,4,9,28,7,22,39,2,9,20,3,1,6,4,12,1,7,2,3,6.489,5.843,24,16,1,1,0,31
2025-04-29 02:00:00,31,5,13,25,9,22,42,2,6,18,4,1,4,5,9,0,8,2,3,6.772,5.875,19,14,2,1,0,32
2025-04-29 03:00:00,32,5,14,21,4,20,44,1,7,17,6,1,5,4,8,1,7,3,4,6.455,4.348,16,12,3,1,0,31
2025-04-29 04:00:00,31,2,12,21,3,16,38,1,7,18,4,1,5,3,9,1,6,3,4,7.193,4.831,17,13,4,1,0,26
2025-04-29 05:00:00,26,6,13,26,11,18,40,1,4,17,3,1,4,3,7,0,6,2,4,5.802,3.782,12,7,5,1,0,25
2025-04-29 06:00:00,25,4,12,26,5,19,39,1,4,14,6,0,6,1,7,0,4,2,5,5.868,3.971,12,6,6,1,0,22
2025-04-29 07:00:00,22,1,11,23,4,20,36,1,4,12,5,0,5,2,7,0,2,2,4,5.682,3.125,10,5,7,1,0,19
2025-04-29 08:00:00,19,2,7,20,5,14,32,1,4,9,4,1,3,2,5,0,2,2,5,6.219,3.751,9,4,8,1,0,16
2025-04-29 09:00:00,16,4,7,19,7,16,35,0,4,8,2,2,4,2,3,0,2,2,3,4.302,3.097,7,2,9,1,0,18
2025-04-29 10:00:00,18,4,10,21,2,14,34,0,4,9,2,3,5,2,1,1,3,3,3,4.024,2.429,7,2,10,1,0,20
2025-04-29 11:00:00,20,4,12,19,2,11,25,0,6,9,2,3,4,2,1,2,4,4,3,4.201,2.22,7,3,11,1,0,18
2025-04-29 12:00:00,18,3,11,18,5,9,25,0,6,7,3,2,3,2,3,2,4,2,2,4.369,2.432,5,3,12,1,0,18
2025-04-29 13:00:00,18,3,10,20,3,10,24,0,6,6,5,1,2,2,4,3,5,1,1,4.967,3.422,7,3,13,1,0,19
2025-04-29 14:00:00,19,6,12,24,5,13,24,0,5,6,5,3,1,2,7,2,4,2,1,4.228,2.346,6,3,14,1,0,21
2025-04-29 15:00:00,21,4,13,24,2,10,19,1,7,6,4,3,2,3,6,2,5,2,1,4.464,2.109,7,3,15,1,0,21
2025-04-29 16:00:00,21,5,15,25,5,12,22,1,8,9,2,1,4,3,6,2,3,1,2,4.504,2.076,6,3,16,1,0,26
2025-04-29 17:00:00,26,6,15,27,1,8,21,1,11,11,2,1,5,4,9,2,3,1,2,4.418,2.475,7,3,17,1,0,25
2025-04-29 18:00:00,25,5,16,29,6,12,22,1,10,9,5,0,7,4,7,3,1,1,2,3.369,2.326,8,2,18,1,0,31
2025-04-29 19:00:00,31,7,18,33,1,8,20,1,11,12,7,0,10,6,7,3,2,1,2,3.457,2.344,10,3,19,1,0,32
2025-04-29 20:00:00,32,6,18,33,5,12,20,0,10,15,7,0,9,6,6,4,3,2,2,3.168,2.417,9,2,20,1,0,30
2025-04-29 21:00:00,30,5,18,34,7,13,25,0,10,12,7,1,7,5,5,4,3,3,3,3.277,2.524,9,2,21,1,0,26
2025-04-29 22:00:00,26,2,13,31,6,18,26,1,9,10,5,1,5,6,3,2,4,3,3,3.609,3.041,8,2,22,1,0,27
2025-04-29 23:00:00,27,4,11,29,3,16,28,1,7,13,5,1,5,7,3,2,4,3,3,3.517,3.318,10,2,23,1,0,26
2025-04-30 00:00:00,26,8,14,32,9,18,31,1,7,14,2,2,4,5,3,3,7,0,4,3.145,2.929,10,1,0,2,0,19
2025-04-30 01:00:00,19,1,13,26,8,20,38,1,4,10,3,1,1,4,2,2,6,0,4,3.119,2.229,6,1,1,2,0,17
2025-04-30 02:00:00,17,3,12,23,5,22,38,1,4,9,2,1,1,3,2,1,5,1,4,3.046,2.773,5,0,2,2,0,15
2025-04-30 03:00:00,15,1,5,19,3,16,34,1,4,7,2,1,2,3,2,1,3,1,3,3.152,3.242,4,0,3,2,0,15
2025-04-30 04:00:00,15,0,4,17,0,8,28,1,4,7,2,1,2,3,2,1,3,1,3,4.152,4.242,10,0,4,2,0,17
2025-04-30 05:00:00,17,5,6,18,3,6,28,1,4,7,4,1,3,3,2,1,4,2,2,3.766,3.714,8,0,5,2,0,18
2025-04-30 06:00:00,18,3,8,13,2,5,21,1,5,7,5,0,3,3,4,1,4,1,2,3.92,4.215,9,2,6,2,0,17
2025-04-30 07:00:00,17,4,12,16,5,10,18,1,4,6,6,0,3,4,4,0,2,2,2,3.171,2.524,5,1,7,2,0,13
2025-04-30 08:00:00,13,1,8,14,5,12,18,0,3,6,4,0,3,1,4,0,2,1,2,3.0,2.036,2,1,8,2,0,12
2025-04-30 09:00:00,12,4,9,17,5,15,20,1,1,7,3,0,4,1,3,0,2,0,2,2.885,2.566,4,1,9,2,0,14
2025-04-30 10:00:00,14,4,9,21,2,12,22,1,2,7,2,2,6,1,3,1,2,0,1,2.877,1.613,4,1,10,2,0,21
2025-04-30 11:00:00,21,7,15,23,0,7,19,1,3,9,6,2,8,2,5,2,2,0,2,2.746,1.591,5,1,11,2,0,17
2025-04-30 12:00:00,17,3,14,23,7,9,24,1,3,7,5,1,6,4,5,1,0,0,1,2.435,1.693,3,0,12,2,0,23
2025-04-30 13:00:00,23,8,18,27,2,9,21,1,3,10,7,2,6,5,5,2,2,2,1,2.461,2.087,5,1,13,2,0,24
2025-04-30 14:00:00,24,9,20,35,8,17,24,1,3,11,8,1,5,5,3,4,3,2,2,1.991,1.473,3,0,14,2,0,28
2025-04-30 15:00:00,28,7,24,38,3,13,22,1,2,15,9,1,6,6,3,5,4,2,2,2.262,1.617,6,0,15,2,0,35
2025-04-30 16:00:00,35,10,26,44,3,14,23,3,4,17,10,1,5,9,4,5,5,3,4,2.37,2.121,6,0,16,2,0,34
2025-04-30 17:00:00,34,3,20,40,4,10,27,3,5,15,9,2,5,9,5,4,4,3,4,3.039,2.397,9,1,17,2,0,27
2025-04-30 18:00:00,27,6,19,43,13,20,33,3,4,11,8,1,4,7,2,3,3,4,4,3.169,2.326,10,2,18,2,0,26
2025-04-30 19:00:00,26,6,15,41,7,24,38,3,3,13,5,2,4,6,1,1,3,5,6,2.956,2.944,8,0,19,2,0,19
2025-04-30 20:00:00,19,0,12,32,7,27,37,2,2,9,4,2,4,5,1,1,2,3,3,3.416,2.806,7,0,20,2,0,20
2025-04-30 21:00:00,20,7,13,32,6,20,40,1,4,7,5,3,3,4,2,0,3,3,5,2.639,2.463,4,0,21,2,0,14
2025-04-30 22:00:00,14,2,9,24,8,21,45,1,3,5,4,1,2,2,2,1,2,1,4,2.58,1.888,3,0,22,2,0,15
2025-04-30 23:00:00,15,4,13,25,3,17,44,1,3,6,5,0,3,2,3,2,2,0,3,2.679,2.391,4,0,23,2,0,18
2025-05-01 00:00:00,18,5,11,24,2,13,33,1,5,6,6,0,4,5,2,2,2,0,3,2.852,1.891,4,1,0,3,0,14
2025-05-01 01:00:00,14,2,11,20,6,11,32,1,5,5,3,0,3,4,2,1,2,1,1,3.042,2.11,4,1,1,3,0,13
2025-05-01 02:00:00,13,3,10,23,4,12,29,0,5,5,3,0,2,5,0,2,2,1,1,2.921,2.665,2,1,2,3,0,9
2025-05-01 03:00:00,9,0,5,16,4,14,27,0,3,4,2,0,1,4,0,1,1,1,1,3.8,3.154,2,1,3,3,0,10
2025-05-01 04:00:00,10,2,5,16,1,9,20,0,3,5,2,0,1,3,1,1,2,1,1,3.942,3.686,4,1,4,3,0,11
2025-05-01 05:00:00,11,3,5,15,2,7,19,0,3,6,2,0,1,2,2,1,2,2,1,3.764,3.034,5,1,5,3,0,13
2025-05-01 06:00:00,13,3,8,13,1,4,18,0,4,6,3,0,4,1,2,1,2,2,1,3.814,2.46,5,1,6,3,0,17
2025-05-01 07:00:00,17,6,12,17,2,5,14,0,5,8,3,1,5,1,3,2,3,2,1,3.037,1.956,3,2,7,3,0,15
2025-05-01 08:00:00,15,4,13,18,6,9,16,1,5,6,2,1,3,1,1,2,4,3,1,2.571,1.603,2,1,8,3,0,17
2025-05-01 09:00:00,17,4,14,22,2,10,14,1,6,7,2,1,4,1,2,2,3,3,2,1.963,2.154,1,0,9,3,0,19
2025-05-01 10:00:00,19,3,11,23,1,9,14,1,6,9,3,0,3,1,2,3,3,5,2,2.478,2.327,3,0,10,3,0,14
2025-05-01 11:00:00,14,3,10,23,8,11,20,1,5,4,3,1,1,0,3,3,2,4,1,2.246,2.54,2,0,11,3,0,11
2025-05-01 12:00:00,11,2,8,22,5,14,24,0,5,3,2,1,0,0,2,4,2,1,2,2.521,2.146,3,0,12,3,0,14
2025-05-01 13:00:00,14,5,10,21,2,15,24,0,5,5,4,0,1,1,3,3,2,1,3,2.609,1.926,4,0,13,3,0,18
2025-05-01 14:00:00,18,9,16,26,5,12,23,1,3,10,4,0,0,3,5,2,1,1,6,1.733,0.991,2,0,14,3,0,17
2025-05-01 15:00:00,17,4,18,26,5,12,26,1,3,10,3,0,0,5,3,2,1,2,4,2.047,1.677,2,0,15,3,0,18
2025-05-01 16:00:00,18,3,16,26,2,12,27,3,3,8,3,1,0,4,4,2,1,3,4,2.5,2.533,4,0,16,3,0,22
2025-05-01 17:00:00,22,7,14,30,3,10,22,3,4,10,4,1,1,3,4,2,3,3,6,2.447,2.18,3,0,17,3,0,17
2025-05-01 18:00:00,17,3,13,31,8,13,25,3,2,7,5,0,0,4,3,2,3,1,4,2.796,2.226,5,0,18,3,0,17
2025-05-01 19:00:00,17,5,15,31,5,16,28,2,3,6,5,1,1,4,3,3,3,1,2,2.551,2.637,5,0,19,3,0,16
2025-05-01 20:00:00,16,4,12,26,5,18,28,2,3,5,5,1,1,3,4,5,1,1,1,2.868,1.469,6,0,20,3,0,15
2025-05-01 21:00:00,15,2,11,24,3,13,26,2,3,6,3,1,0,3,5,4,0,1,2,3.304,2.225,5,0,21,3,0,16
2025-05-01 22:00:00,16,5,11,26,4,12,28,1,3,8,3,1,1,2,5,3,1,2,2,2.847,2.56,3,1,22,3,0,12
2025-05-01 23:00:00,12,1,8,20,5,12,30,1,3,6,1,1,1,2,3,3,1,1,1,2.964,3.08,2,1,23,3,0,13
2025-05-02 00:00:00,13,3,9,20,2,11,24,1,4,6,1,1,2,2,3,2,2,1,1,3.072,2.631,4,1,0,4,0,15
2025-05-02 01:00:00,15,5,9,20,3,10,22,1,4,9,1,0,3,3,3,1,2,1,2,2.848,1.939,4,1,1,4,0,19
2025-05-02 02:00:00,19,6,14,22,2,7,19,1,2,10,6,0,4,2,4,3,2,1,3,2.267,1.683,4,0,2,4,0,23
2025-05-02 03:00:00,23,5,16,25,1,6,17,1,3,11,8,0,4,3,4,3,4,1,4,2.476,2.091,4,0,3,4,0,21
2025-05-02 04:00:00,21,4,15,24,6,9,19,0,3,10,8,0,2,5,3,2,4,0,5,2.5,2.158,3,0,4,4,0,17
2025-05-02 05:00:00,17,2,11,25,6,13,20,0,4,8,5,0,0,3,5,2,3,0,4,2.82,2.284,4,0,5,4,0,18
2025-05-02 06:00:00,18,4,10,26,3,15,21,0,4,9,5,0,2,4,4,2,3,1,2,2.909,2.809,5,0,6,4,0,19
2025-05-02 07:00:00,19,5,11,26,4,13,22,1,3,9,6,0,2,3,3,2,3,2,4,2.699,2.669,4,0,7,4,0,21
2025-05-02 08:00:00,21,5,14,25,3,10,23,0,4,10,7,0,2,3,4,2,4,2,4,3.031,2.542,7,0,8,4,0,23
2025-05-02 09:00:00,23,7,17,27,5,12,27,0,6,10,6,1,3,4,3,1,4,3,5,2.857,2.355,6,1,9,4,0,21
2025-05-02 10:00:00,21,8,20,31,10,18,31,0,6,9,6,0,4,4,3,0,2,3,5,2.427,1.063,4,1,10,4,0,24
2025-05-02 11:00:00,24,4,19,33,1,16,26,0,7,10,6,1,5,4,2,0,3,3,7,3.012,2.02,5,2,11,4,0,28
2025-05-02 12:00:00,28,8,20,37,4,15,27,0,8,10,8,2,6,5,4,1,2,4,6,2.567,2.125,6,1,12,4,0,31
2025-05-02 13:00:00,31,8,20,40,5,10,28,0,7,13,8,3,8,6,5,2,3,4,3,2.355,1.911,5,1,13,4,0,32
2025-05-02 14:00:00,32,7,23,42,6,15,31,0,8,18,5,1,9,6,5,2,3,2,5,2.748,2.079,9,1,14,4,0,35
2025-05-02 15:00:00,35,7,22,42,4,15,30,0,10,17,5,3,9,8,5,2,4,3,4,2.918,2.529,9,1,15,4,0,40
2025-05-02 16:00:00,40,9,23,43,4,14,24,0,10,21,7,2,8,7,5,2,7,5,6,2.996,2.689,11,1,16,4,0,40
2025-05-02 17:00:00,40,8,24,47,8,16,31,0,9,21,8,2,5,7,6,3,8,5,6,3.166,2.449,13,2,17,4,0,39
2025-05-02 18:00:00,39,9,26,48,10,22,37,0,8,20,10,1,5,5,6,3,8,5,7,2.794,2.289,10,2,18,4,0,37
2025-05-02 19:00:00,37,10,27,50,12,30,44,0,8,17,12,0,4,5,5,3,7,5,8,2.602,2.245,7,1,19,4,0,37
2025-05-02 20:00:00,37,7,26,50,7,29,45,0,7,18,10,2,5,4,6,3,7,4,8,2.826,2.38,9,1,20,4,0,33
2025-05-02 21:00:00,33,5,22,48,9,28,50,1,3,19,8,2,5,3,5,2,8,5,5,3.067,2.647,9,0,21,4,0,33
2025-05-02 22:00:00,33,5,17,44,5,21,51,1,4,18,8,2,4,2,6,2,7,6,6,3.503,3.074,12,1,22,4,0,26
2025-05-02 23:00:00,26,4,14,40,11,25,54,1,3,16,5,1,4,2,4,2,4,6,4,3.406,3.003,9,1,23,4,0,21
2025-05-03 00:00:00,21,3,12,34,8,24,52,1,2,14,3,1,3,4,4,2,2,4,2,3.721,2.909,7,3,0,5,1,19
2025-05-03 01:00:00,19,2,9,26,4,23,44,1,2,11,3,2,2,4,4,1,2,4,2,4.013,3.49,8,3,1,5,1,17
2025-05-03 02:00:00,17,3,8,22,5,17,42,1,4,9,2,1,2,5,4,1,1,3,1,4.03,3.588,8,2,2,5,1,15
2025-05-03 03:00:00,15,2,7,19,4,13,37,1,5,6,2,1,2,7,2,0,0,3,1,3.752,3.116,5,1,3,5,1,19
2025-05-03 04:00:00,19,6,11,20,2,11,34,1,6,7,3,2,2,8,2,1,1,5,0,3.062,2.578,7,0,4,5,1,16
2025-05-03 05:00:00,16,2,10,18,5,11,28,0,6,3,4,3,1,5,1,2,1,6,0,3.069,2.347,4,0,5,5,1,11
2025-05-03 06:00:00,11,1,9,16,6,13,26,0,4,3,2,2,0,5,0,2,0,4,0,2.878,2.365,1,1,6,5,1,13
2025-05-03 07:00:00,13,2,5,16,0,11,22,0,4,4,3,2,0,5,0,2,1,5,0,3.398,3.22,3,1,7,5,1,18
2025-05-03 08:00:00,18,7,10,20,2,8,19,0,5,7,5,1,1,5,4,2,1,5,0,2.859,2.109,7,1,8,5,1,21
2025-05-03 09:00:00,21,7,16,25,4,6,19,1,6,9,5,0,3,4,6,3,1,4,0,2.105,1.215,4,0,9,5,1,25
2025-05-03 10:00:00,25,8,22,27,4,10,21,1,6,12,5,1,7,3,5,3,1,5,1,2.09,1.556,3,0,10,5,1,27
2025-05-03 11:00:00,27,6,21,31,4,12,20,1,7,10,7,2,8,2,7,4,0,4,2,2.14,1.86,2,0,11,5,1,27
2025-05-03 12:00:00,27,4,18,34,4,12,18,2,7,7,10,1,8,4,6,4,0,3,2,2.685,2.385,5,2,12,5,1,30
2025-05-03 13:00:00,30,10,20,42,7,15,25,2,8,7,13,0,7,7,5,5,0,4,2,2.502,2.085,7,2,13,5,1,31
2025-05-03 14:00:00,31,6,20,41,5,16,28,2,10,9,10,0,6,7,4,5,1,5,3,2.815,2.029,8,2,14,5,1,23
2025-05-03 15:00:00,23,2,18,36,10,22,34,1,9,6,7,0,5,6,3,2,1,4,2,2.986,2.396,4,1,15,5,1,31
2025-05-03 16:00:00,31,9,17,37,1,16,31,3,9,9,9,1,6,8,4,4,1,5,3,3.026,2.702,6,1,16,5,1,31
2025-05-03 17:00:00,31,5,16,36,5,16,32,3,7,12,7,2,5,7,2,4,3,6,4,2.94,2.912,10,1,17,5,1,28
2025-05-03 18:00:00,28,8,22,40,11,17,39,3,9,11,4,1,5,5,2,3,3,5,5,2.722,2.492,7,2,18,5,1,24
2025-05-03 19:00:00,24,3,16,33,7,23,39,3,7,10,3,1,5,3,3,3,1,4,5,3.078,2.299,6,1,19,5,1,30
2025-05-03 20:00:00,30,10,21,37,4,22,38,3,7,11,7,2,6,3,7,4,4,2,4,2.741,2.071,8,1,20,5,1,28
2025-05-03 21:00:00,28,5,18,40,7,18,35,1,7,9,7,4,5,4,6,3,4,2,4,2.81,1.948,6,0,21,5,1,28
2025-05-03 22:00:00,28,6,21,37,6,17,40,1,6,8,9,4,3,6,8,4,3,1,3,2.862,2.328,8,1,22,5,1,23
2025-05-03 23:00:00,23,4,15,36,9,22,44,1,4,10,7,1,3,4,4,4,4,2,2,3.214,2.846,5,1,23,5,1,20
2025-05-04 00:00:00,20,5,15,33,8,23,41,1,4,9,4,2,3,2,3,3,3,5,1,3.012,2.293,5,2,0,6,1,19
2025-05-04 01:00:00,19,4,13,34,5,22,39,1,3,8,4,3,4,1,2,2,2,6,2,3.144,2.603,4,2,1,6,1,17
2025-05-04 02:00:00,17,1,10,25,3,16,38,1,3,5,5,3,3,1,2,1,3,5,2,4.045,2.55,5,3,2,6,1,15
2025-05-04 03:00:00,15,4,9,24,6,14,37,1,2,4,5,3,3,2,1,1,3,2,3,3.842,2.993,6,2,3,6,1,17
2025-05-04 04:00:00,17,4,9,22,2,11,33,1,2,7,4,3,3,2,3,1,3,2,3,3.852,2.358,6,2,4,6,1,15
2025-05-04 05:00:00,15,1,9,19,3,11,27,1,2,5,4,3,3,3,3,1,1,1,3,4.551,2.59,6,3,5,6,1,11
2025-05-04 06:00:00,11,2,7,16,6,11,25,0,2,4,4,1,1,2,3,1,1,2,1,3.774,2.701,3,1,6,6,1,13
2025-05-04 07:00:00,13,4,7,16,2,11,22,0,3,6,3,1,1,1,3,1,2,3,2,3.406,3.214,4,1,7,6,1,15
2025-05-04 08:00:00,15,4,10,19,2,10,21,0,4,7,2,2,2,2,2,1,2,4,2,3.465,1.854,6,1,8,6,1,14
2025-05-04 09:00:00,14,1,9,16,2,6,17,0,3,6,3,2,2,3,2,1,2,3,1,3.712,2.302,4,1,9,6,1,14
2025-05-04 10:00:00,14,3,8,15,3,7,18,0,3,6,3,2,2,4,2,1,2,2,1,3.827,2.532,3,1,10,6,1,17
2025-05-04 11:00:00,17,5,9,19,2,7,17,0,4,7,4,2,3,3,5,1,1,3,1,2.929,2.285,5,1,11,6,1,24
2025-05-04 12:00:00,24,9,17,26,2,7,13,0,4,9,8,3,3,3,6,2,2,5,3,2.806,1.63,8,2,12,6,1,25
2025-05-04 13:00:00,25,6,20,28,5,9,16,1,5,10,8,1,4,5,5,2,2,4,3,2.592,1.961,6,1,13,6,1,35
2025-05-04 14:00:00,35,11,26,35,1,8,15,2,8,13,10,2,6,8,7,3,4,4,3,2.632,2.221,7,1,14,6,1,30
2025-05-04 15:00:00,30,3,20,37,8,14,21,2,7,14,6,1,5,8,7,3,3,3,1,3.247,2.066,7,2,15,6,1,30
2025-05-04 16:00:00,30,8,22,42,8,17,26,2,5,17,5,1,9,6,7,2,2,3,1,2.738,2.326,5,2,16,6,1,27
2025-05-04 17:00:00,27,5,16,42,8,24,32,2,4,15,5,1,8,4,6,3,2,3,1,2.677,2.093,5,1,17,6,1,26
2025-05-04 18:00:00,26,5,18,38,6,22,36,2,4,16,3,1,7,4,5,4,2,3,1,2.787,2.455,8,0,18,6,1,27
2025-05-04 19:00:00,27,7,17,39,6,20,37,2,5,14,6,0,6,4,4,6,3,3,1,2.728,2.523,7,0,19,6,1,28
2025-05-04 20:00:00,28,9,21,37,8,20,44,1,6,11,10,0,4,6,5,7,3,2,1,2.406,1.777,6,0,20,6,1,31
2025-05-04 21:00:00,31,6,22,40,3,17,39,1,7,11,11,1,5,8,4,6,2,3,3,2.639,2.124,7,1,21,6,1,26
2025-05-04 22:00:00,26,2,17,34,7,18,38,1,5,9,10,1,3,7,3,4,2,4,3,3.015,2.772,4,1,22,6,1,22
2025-05-04 23:00:00,22,2,10,31,6,16,36,1,5,6,9,1,2,5,3,4,2,5,1,3.633,3.226,8,1,23,6,1,18
2025-05-05 00:00:00,18,4,8,30,8,21,38,1,5,8,4,0,1,3,3,3,3,4,1,3.665,3.151,8,1,0,0,0,16
2025-05-05 01:00:00,16,3,9,26,5,19,37,1,4,6,5,0,1,4,1,3,3,3,1,3.696,2.521,7,2,1,0,0,19
2025-05-05 02:00:00,19,4,11,21,1,14,30,1,7,6,5,0,1,4,3,4,3,3,1,3.714,2.578,6,2,2,0,0,16
2025-05-05 03:00:00,16,2,9,17,5,11,32,1,5,5,5,0,1,5,3,1,4,1,1,3.968,2.67,4,2,3,0,0,20
2025-05-05 04:00:00,20,8,14,23,4,10,29,1,5,7,7,0,1,7,2,1,4,3,2,3.195,2.002,5,2,4,0,0,22
2025-05-05 05:00:00,22,4,14,25,2,11,25,1,5,7,9,0,1,6,2,2,4,3,4,2.832,1.643,5,1,5,0,0,18
2025-05-05 06:00:00,18,2,14,23,6,12,23,1,5,8,4,0,2,6,1,2,2,1,4,3.254,2.476,5,1,6,0,0,15
2025-05-05 07:00:00,15,2,8,22,5,13,23,1,4,8,2,0,1,5,0,2,1,2,4,3.885,3.176,5,1,7,0,0,22
2025-05-05 08:00:00,22,8,12,26,1,12,23,1,4,11,4,2,2,6,0,2,2,5,5,3.265,2.241,8,1,8,0,0,18
2025-05-05 09:00:00,18,3,13,27,7,13,25,0,3,8,5,2,2,5,0,3,1,5,2,2.691,1.916,4,1,9,0,0,16
2025-05-05 10:00:00,16,4,15,23,6,14,27,0,2,11,2,1,3,6,0,3,1,2,1,3.039,2.37,4,2,10,0,0,17
2025-05-05 11:00:00,17,5,12,24,4,17,29,0,2,10,4,1,2,7,1,1,0,4,2,2.86,1.877,3,2,11,0,0,18
2025-05-05 12:00:00,18,2,11,24,1,11,24,0,2,10,5,1,1,7,2,2,0,4,2,3.428,2.618,4,2,12,0,0,14
2025-05-05 13:00:00,14,1,8,23,5,10,24,0,1,9,4,0,1,4,2,2,0,4,1,3.724,3.31,4,1,13,0,0,13
2025-05-05 14:00:00,13,4,7,19,5,11,28,0,1,10,2,0,2,3,3,1,1,2,1,3.39,2.894,5,1,14,0,0,15
2025-05-05 15:00:00,15,4,9,20,2,12,23,0,1,12,1,1,1,4,4,1,2,2,1,3.279,1.89,4,1,15,0,0,16
2025-05-05 16:00:00,16,4,12,20,3,10,20,0,1,11,1,3,1,6,3,0,3,3,0,3.188,1.942,3,2,16,0,0,19
2025-05-05 17:00:00,19,7,15,22,4,9,20,1,1,9,4,4,2,7,2,1,3,3,1,2.667,1.717,2,1,17,0,0,24
2025-05-05 18:00:00,24,10,21,30,5,12,24,1,3,9,7,4,3,5,4,2,4,4,2,2.262,1.302,3,1,18,0,0,23
2025-05-05 19:00:00,23,4,21,33,5,14,24,1,3,10,6,3,4,5,5,2,3,4,0,2.906,1.948,4,1,19,0,0,25
2025-05-05 20:00:00,25,6,20,35,4,14,23,1,8,9,6,1,4,8,5,2,2,4,0,2.923,2.371,5,1,20,0,0,20
2025-05-05 21:00:00,20,3,13,34,8,17,29,1,8,6,4,1,2,6,4,2,3,3,0,3.363,2.894,5,1,21,0,0,24
2025-05-05 22:00:00,24,9,18,39,5,17,31,1,8,8,7,0,3,6,6,3,2,4,0,2.929,2.148,7,1,22,0,0,36
2025-05-05 23:00:00,36,13,25,45,1,14,28,2,10,12,11,1,6,9,7,4,3,4,3,2.641,1.56,6,1,23,0,0,32
2025-05-06 00:00:00,32,2,24,37,6,12,29,2,9,12,8,1,6,8,4,3,4,4,3,3.308,2.419,9,1,0,1,0,22
2025-05-06 01:00:00,22,1,16,34,11,18,35,2,5,9,5,1,5,4,2,3,3,2,3,3.346,2.738,6,1,1,1,0,20
2025-05-06 02:00:00,20,2,5,30,4,21,35,1,5,8,5,1,3,4,2,2,3,2,4,3.689,3.506,7,0,2,1,0,18
2025-05-06 03:00:00,18,3,6,30,5,20,32,1,5,5,5,2,3,3,1,2,2,2,5,3.857,4.41,12,0,3,1,0,16
2025-05-06 04:00:00,16,3,8,24,5,14,32,0,4,3,6,3,3,3,1,1,1,1,6,3.84,4.108,8,1,4,1,0,15
2025-05-06 05:00:00,15,3,9,14,4,14,35,0,4,2,6,3,3,3,1,1,1,1,5,3.707,2.784,6,1,5,1,0,15
2025-05-06 06:00:00,15,4,10,16,4,13,33,0,3,5,5,2,4,3,1,1,2,1,3,3.729,2.348,6,1,6,1,0,18
2025-05-06 07:00:00,18,5,12,20,2,10,24,0,2,8,6,2,5,3,1,1,2,2,4,3.158,1.903,5,3,7,1,0,17
2025-05-06 08:00:00,17,5,14,23,6,12,26,0,1,9,5,2,5,1,3,1,1,2,4,2.499,1.773,2,2,8,1,0,21
2025-05-06 09:00:00,21,6,16,26,2,10,23,0,3,11,6,1,4,4,3,0,1,3,6,2.316,1.909,2,1,9,1,0,21
2025-05-06 10:00:00,21,5,16,28,5,13,23,0,3,14,4,0,5,3,0,0,1,5,7,2.344,1.79,4,0,10,1,0,22
2025-05-06 11:00:00,22,6,17,31,5,12,24,0,5,13,3,1,5,6,1,0,1,4,5,2.41,2.264,5,0,11,1,0,23
2025-05-06 12:00:00,23,3,14,30,2,12,22,0,7,11,3,2,5,9,1,0,1,3,4,2.994,2.99,6,0,12,1,0,26
2025-05-06 13:00:00,26,6,15,31,3,10,23,0,7,9,6,4,5,10,2,0,2,3,4,2.949,2.556,8,0,13,1,0,24
2025-05-06 14:00:00,24,5,14,31,7,12,24,0,6,9,6,3,9,8,2,0,2,0,3,2.965,2.519,5,1,14,1,0,28
2025-05-06 15:00:00,28,7,18,32,3,13,25,0,6,11,6,5,10,7,3,2,2,1,3,3.007,2.438,8,3,15,1,0,28
2025-05-06 16:00:00,28,3,15,30,3,13,23,0,6,14,4,4,9,8,4,2,2,1,2,3.705,2.719,10,3,16,1,0,29
2025-05-06 17:00:00,29,8,18,32,7,13,25,0,5,16,5,3,8,8,4,3,4,2,0,3.065,2.566,7,2,17,1,0,25
2025-05-06 18:00:00,25,3,14,32,7,17,30,0,4,15,5,1,5,8,3,4,3,2,0,3.372,2.822,9,1,18,1,0,29
2025-05-06 19:00:00,29,5,16,31,1,15,28,0,5,15,8,1,5,7,4,5,4,3,1,3.586,2.771,10,1,19,1,0,29
2025-05-06 20:00:00,29,5,13,31,5,13,26,0,4,18,6,1,5,5,4,4,4,5,2,3.551,3.034,9,2,20,1,0,25
2025-05-06 21:00:00,25,3,13,27,7,13,30,0,3,16,5,1,3,4,3,5,5,3,2,3.599,4.003,13,1,21,1,0,25
2025-05-06 22:00:00,25,2,10,26,2,14,29,0,4,15,6,0,3,4,2,5,4,3,4,4.163,3.775,12,3,22,1,0,23
2025-05-06 23:00:00,23,4,9,22,6,15,28,0,4,14,5,0,1,5,2,5,4,3,3,3.814,3.364,9,2,23,1,0,25
2025-05-07 00:00:00,25,8,14,27,6,14,27,1,4,15,4,1,2,5,3,4,6,3,2,3.361,2.066,9,2,0,2,0,27
2025-05-07 01:00:00,27,3,15,25,1,13,27,2,4,16,4,1,2,6,3,4,6,4,2,3.82,2.788,10,5,1,2,0,24
2025-05-07 02:00:00,24,5,16,25,8,15,30,2,3,13,4,2,1,5,3,3,6,5,1,3.551,2.618,7,3,2,2,0,21
2025-05-07 03:00:00,21,4,12,26,7,16,30,2,3,10,4,2,2,5,2,2,5,4,1,3.49,2.939,5,2,3,2,0,22
2025-05-07 04:00:00,22,4,13,28,3,18,31,2,4,9,4,3,3,3,3,2,5,5,1,3.824,2.859,8,3,4,2,0,22
2025-05-07 05:00:00,22,3,11,27,3,13,28,2,5,8,4,3,3,3,2,3,4,5,2,4.431,3.526,10,3,5,2,0,18
2025-05-07 06:00:00,18,3,10,22,7,13,29,2,6,7,3,0,3,3,1,2,2,6,1,5.209,4.526,10,3,6,2,0,17
2025-05-07 07:00:00,17,3,9,22,4,14,32,1,8,5,2,1,3,4,2,2,1,4,1,5.215,3.958,8,4,7,2,0,22
2025-05-07 08:00:00,22,8,14,25,3,14,27,2,6,5,8,1,3,5,4,3,2,3,2,4.307,2.018,7,5,8,2,0,24
2025-05-07 09:00:00,24,7,18,28,5,12,25,2,5,8,8,1,4,6,5,3,2,3,1,3.147,1.26,4,2,9,2,0,24
2025-05-07 10:00:00,24,2,17,26,2,10,24,3,5,9,6,1,4,5,6,3,2,4,0,4.016,2.186,6,3,10,2,0,19
2025-05-07 11:00:00,19,2,11,25,7,14,28,3,3,9,4,0,3,5,3,3,2,2,1,3.936,2.938,5,1,11,2,0,20
2025-05-07 12:00:00,20,7,11,29,6,15,27,3,3,8,5,1,4,7,1,1,2,3,2,2.609,2.641,4,0,12,2,0,20
2025-05-07 13:00:00,20,5,14,31,5,18,28,2,6,6,6,0,2,6,1,1,4,3,3,2.508,1.924,5,0,13,2,0,21
2025-05-07 14:00:00,21,4,16,27,3,14,28,3,7,4,6,1,2,5,2,1,4,2,5,2.83,2.069,6,0,14,2,0,19
2025-05-07 15:00:00,19,3,12,23,5,13,28,3,6,5,4,1,1,3,2,1,2,5,5,2.909,2.666,4,0,15,2,0,25
2025-05-07 16:00:00,25,8,15,29,2,10,28,3,7,6,8,1,3,5,2,1,2,6,6,2.715,2.258,7,1,16,2,0,27
2025-05-07 17:00:00,27,5,16,32,3,10,24,3,7,9,8,0,4,5,0,1,2,7,8,3.168,2.696,9,2,17,2,0,25
2025-05-07 18:00:00,25,5,18,30,7,12,25,4,7,6,8,0,3,5,1,1,2,8,5,3.271,2.443,8,2,18,2,0,26
2025-05-07 19:00:00,26,7,17,32,6,16,26,3,8,8,6,1,5,5,1,1,3,6,5,3.297,2.524,7,2,19,2,0,29
2025-05-07 20:00:00,29,6,18,34,3,16,26,3,9,10,7,0,8,4,1,1,3,6,6,3.734,2.358,11,4,20,2,0,28
2025-05-07 21:00:00,28,5,18,36,6,15,27,3,8,12,5,0,6,3,2,1,4,6,6,3.922,2.705,10,5,21,2,0,31
2025-05-07 22:00:00,31,11,22,39,8,17,33,2,8,16,5,0,4,4,4,2,7,3,7,2.81,1.474,7,2,22,2,0,31
2025-05-07 23:00:00,31,4,20,38,4,18,34,2,7,17,5,0,3,5,5,2,6,3,7,3.136,2.033,9,1,23,2,0,26
2025-05-08 00:00:00,26,1,16,34,6,18,33,2,7,15,1,1,2,3,6,2,5,3,5,3.902,3.009,8,2,0,3,0,22
2025-05-08 01:00:00,22,3,8,30,7,17,34,1,7,11,2,1,1,3,5,2,6,1,4,4.007,3.236,6,1,1,3,0,18
2025-05-08 02:00:00,18,1,5,25,5,18,36,1,6,8,2,1,1,1,3,2,7,1,3,4.771,4.1,10,2,2,3,0,22
2025-05-08 03:00:00,22,5,9,25,1,13,31,1,5,10,4,2,1,2,3,4,6,1,5,4.436,4.285,12,3,3,3,0,21
2025-05-08 04:00:00,21,3,9,17,4,10,27,1,4,10,5,1,1,2,2,4,5,2,5,4.436,3.228,9,2,4,3,0,21
2025-05-08 05:00:00,21,3,11,16,3,8,26,1,3,9,7,1,3,1,2,4,4,2,5,4.54,2.663,9,2,5,3,0,24
2025-05-08 06:00:00,24,4,10,19,1,8,21,1,4,11,7,1,3,2,3,5,3,3,5,4.068,3.389,9,3,6,3,0,24
2025-05-08 07:00:00,24,2,9,18,2,6,16,1,4,11,7,1,3,3,3,4,2,4,5,4.304,4.072,12,3,7,3,0,25
2025-05-08 08:00:00,25,5,11,22,4,7,15,1,6,11,6,1,4,2,4,4,2,5,4,3.884,3.696,11,2,8,3,0,25
2025-05-08 09:00:00,25,5,12,22,5,11,19,1,7,12,4,1,3,5,5,3,2,5,2,3.488,3.734,9,2,9,3,0,30
2025-05-08 10:00:00,30,7,17,26,2,11,17,1,8,12,6,3,5,7,5,3,3,5,2,3.283,2.881,11,1,10,3,0,32
2025-05-08 11:00:00,32,5,17,28,3,10,17,0,8,13,8,3,6,8,5,4,4,4,1,3.342,2.8,10,1,11,3,0,32
2025-05-08 12:00:00,32,4,16,28,4,9,20,0,9,12,8,3,6,8,4,6,3,4,1,3.784,3.577,13,2,12,3,0,34
2025-05-08 13:00:00,34,6,15,32,4,11,22,1,10,14,8,1,5,8,4,7,6,4,0,3.852,3.603,15,3,13,3,0,29
2025-05-08 14:00:00,29,4,14,31,9,17,27,1,10,12,6,0,3,7,3,6,7,3,0,4.053,3.5,13,3,14,3,0,35
2025-05-08 15:00:00,35,7,17,33,1,14,23,2,11,15,7,0,4,6,5,7,8,3,2,4.178,3.148,15,5,15,3,0,36
2025-05-08 16:00:00,36,4,15,30,3,13,24,2,11,13,9,1,5,6,5,6,9,3,2,4.668,3.519,15,8,16,3,0,31
2025-05-08 17:00:00,31,4,15,29,9,13,30,2,8,12,8,1,3,3,7,3,10,3,2,4.375,3.409,13,6,17,3,0,29
2025-05-08 18:00:00,29,8,16,33,10,22,36,2,5,10,7,5,6,3,5,4,8,2,1,3.833,2.4,9,5,18,3,0,25
2025-05-08 19:00:00,25,4,16,31,8,27,40,2,4,9,6,4,6,1,4,4,7,3,0,3.897,2.685,9,4,19,3,0,24
2025-05-08 20:00:00,24,5,17,32,6,24,37,2,5,9,5,3,3,2,4,4,6,3,2,4.138,2.392,8,4,20,3,0,20
2025-05-08 21:00:00,20,2,11,27,6,20,42,1,5,6,5,3,3,2,3,4,3,3,2,3.981,2.846,6,3,21,3,0,17
2025-05-08 22:00:00,17,4,11,27,7,19,46,1,4,6,3,3,3,2,2,2,2,4,2,3.568,2.96,6,1,22,3,0,16
2025-05-08 23:00:00,16,4,10,27,5,18,42,0,3,9,2,2,2,3,2,1,1,5,2,2.792,1.939,5,0,23,3,0,21
2025-05-09 00:00:00,21,6,14,25,1,13,33,0,3,12,4,2,3,3,3,1,0,6,5,2.71,2.047,6,0,0,4,0,21
2025-05-09 01:00:00,21,5,15,26,5,11,30,0,3,13,4,1,4,5,2,1,0,4,5,2.749,2.077,4,1,1,4,0,21
2025-05-09 02:00:00,21,4,15,25,4,10,28,0,4,14,2,1,3,5,3,2,1,4,3,2.961,2.355,6,1,2,4,0,20
2025-05-09 03:00:00,20,4,13,27,5,14,27,0,5,10,4,1,4,3,3,1,2,2,5,2.779,2.21,4,0,3,4,0,18
2025-05-09 04:00:00,18,3,11,26,5,14,25,0,4,8,4,2,5,2,1,1,2,1,6,2.779,2.541,4,1,4,4,0,17
2025-05-09 05:00:00,17,3,10,25,4,14,24,0,2,9,4,2,4,1,2,1,2,3,4,2.892,2.726,5,0,5,4,0,14
2025-05-09 06:00:00,14,2,8,21,5,14,28,0,2,9,2,1,3,1,2,1,1,4,2,3.03,2.258,5,0,6,4,0,20
2025-05-09 07:00:00,20,8,13,24,2,11,25,0,3,9,5,3,5,1,4,2,1,4,3,2.538,1.716,5,0,7,4,0,18
2025-05-09 08:00:00,18,5,15,25,7,14,28,0,4,8,4,2,5,0,2,3,2,3,3,1.807,1.457,2,0,8,4,0,19
2025-05-09 09:00:00,19,3,16,24,2,11,25,0,5,10,2,2,6,0,1,3,3,3,3,2.464,2.076,3,0,9,4,0,14
2025-05-09 10:00:00,14,1,9,22,6,15,26,0,5,8,0,1,4,0,1,1,2,3,3,2.832,2.229,3,0,10,4,0,19
2025-05-09 11:00:00,19,7,11,26,2,10,24,1,6,9,3,0,7,0,1,3,3,3,2,2.527,2.493,4,1,11,4,0,25
2025-05-09 12:00:00,25,10,18,34,4,12,23,1,9,9,6,0,6,1,2,2,5,6,3,2.254,1.492,5,1,12,4,0,36
2025-05-09 13:00:00,36,13,30,39,2,8,23,1,12,14,7,2,8,2,4,7,5,6,4,2.192,1.548,6,1,13,4,0,31
2025-05-09 14:00:00,31,3,26,37,8,14,24,2,10,12,5,2,6,3,4,7,4,5,2,2.621,2.04,3,2,14,4,0,36
2025-05-09 15:00:00,36,10,26,44,5,15,27,2,11,13,9,1,9,4,3,8,5,5,2,2.575,2.385,5,1,15,4,0,37
2025-05-09 16:00:00,37,7,20,50,6,19,27,2,10,13,10,2,10,5,4,8,4,5,1,2.793,2.846,10,0,16,4,0,31
2025-05-09 17:00:00,31,6,23,49,12,23,37,2,6,11,11,1,10,3,2,9,2,3,2,3.006,2.637,12,0,17,4,0,33
2025-05-09 18:00:00,33,10,23,49,8,26,41,2,6,13,11,1,10,2,4,8,3,4,2,2.801,2.266,9,0,18,4,0,32
2025-05-09 19:00:00,32,5,21,41,6,26,45,2,6,14,9,1,9,2,4,7,3,5,2,3.045,2.247,9,2,19,4,0,29
2025-05-09 20:00:00,29,2,17,40,5,19,42,2,6,14,6,1,8,2,4,7,2,5,1,3.825,2.745,10,2,20,4,0,26
2025-05-09 21:00:00,26,5,12,35,8,19,45,1,6,14,4,1,8,1,3,6,1,5,2,3.825,3.461,9,4,21,4,0,24
2025-05-09 22:00:00,24,5,12,33,7,20,46,1,7,9,5,2,5,1,2,7,3,5,1,3.712,3.487,11,2,22,4,0,23
2025-05-09 23:00:00,23,5,15,32,6,21,40,1,5,10,7,0,5,1,3,5,3,4,2,3.494,2.542,9,2,23,4,0,22
2025-05-10 00:00:00,22,3,13,25,4,17,36,0,3,12,7,0,3,1,4,4,4,3,3,3.412,2.811,6,2,0,5,1,21
2025-05-10 01:00:00,21,4,12,24,5,15,35,0,3,9,8,1,2,1,2,4,6,2,4,3.239,2.382,5,2,1,5,1,17
2025-05-10 02:00:00,17,1,8,23,5,14,35,0,3,8,5,1,2,0,3,2,6,2,2,4.066,3.312,7,2,2,5,1,17
2025-05-10 03:00:00,17,4,9,22,4,14,31,1,3,9,4,0,3,0,2,4,4,2,2,4.251,3.615,7,3,3,5,1,17
2025-05-10 04:00:00,17,4,9,21,4,13,28,1,3,11,2,0,2,0,2,4,4,2,3,3.928,3.396,7,2,4,5,1,13
2025-05-10 05:00:00,13,4,12,20,8,16,30,1,2,8,2,0,3,0,3,5,1,0,1,2.031,1.627,2,0,5,5,1,13
2025-05-10 06:00:00,13,1,9,18,1,13,27,1,2,8,2,0,4,0,2,5,1,0,1,2.846,2.472,2,1,6,5,1,9
2025-05-10 07:00:00,9,0,5,14,4,13,26,1,1,6,1,0,4,0,1,4,0,0,0,3.094,3.172,3,0,7,5,1,11
2025-05-10 08:00:00,11,2,3,15,0,5,21,1,1,6,2,1,4,0,1,4,0,1,1,3.506,3.795,5,0,8,5,1,8
2025-05-10 09:00:00,8,2,4,13,5,9,22,1,2,3,1,1,1,0,1,2,0,1,3,3.401,3.033,4,0,9,5,1,11
2025-05-10 10:00:00,11,5,9,14,2,7,20,1,3,5,1,1,3,1,2,2,0,0,3,2.957,1.538,4,0,10,5,1,13
2025-05-10 11:00:00,13,4,11,14,2,9,14,0,3,5,3,2,4,2,2,1,0,1,3,2.251,1.554,2,0,11,5,1,16
2025-05-10 12:00:00,16,7,16,20,4,8,17,0,3,7,4,2,2,4,2,1,0,3,4,1.514,1.327,0,0,12,5,1,17
2025-05-10 13:00:00,17,4,15,24,3,9,16,0,2,8,5,2,2,5,2,3,1,3,1,1.874,1.722,0,0,13,5,1,22
2025-05-10 14:00:00,22,8,19,30,3,10,19,0,4,9,8,1,2,5,3,4,2,4,2,1.899,1.762,2,0,14,5,1,23
2025-05-10 15:00:00,23,7,19,35,6,12,20,1,5,9,6,2,2,4,4,4,3,4,2,2.113,1.965,2,0,15,5,1,28
2025-05-10 16:00:00,28,9,24,39,4,13,22,1,9,10,5,3,3,6,4,3,4,5,3,2.111,1.696,6,0,16,5,1,23
2025-05-10 17:00:00,23,2,18,37,7,17,27,1,8,9,3,2,2,5,4,3,3,3,3,2.369,2.126,3,0,17,5,1,27
2025-05-10 18:00:00,27,7,18,37,3,14,26,1,7,11,6,2,3,6,4,1,4,6,3,2.455,2.276,4,0,18,5,1,22
2025-05-10 19:00:00,22,1,10,34,6,16,29,0,7,9,5,1,2,5,3,1,4,4,3,3.147,3.222,6,0,19,5,1,23
2025-05-10 20:00:00,23,4,12,30,3,12,29,0,7,9,6,1,1,4,5,3,3,4,3,3.359,3.451,11,0,20,5,1,19
2025-05-10 21:00:00,19,3,8,26,7,16,30,1,6,7,4,1,1,4,4,4,2,2,2,3.549,3.258,8,1,21,5,1,20
2025-05-10 22:00:00,20,5,12,22,4,14,30,1,6,7,4,2,1,4,4,4,3,1,3,3.405,2.476,8,1,22,5,1,22
2025-05-10 23:00:00,22,4,12,24,2,13,25,1,9,7,3,2,1,5,4,4,3,2,3,3.644,2.801,6,2,23,5,1,19
2025-05-11 00:00:00,19,2,11,19,5,11,27,2,8,6,2,1,1,5,4,1,2,2,4,4.016,2.931,6,4,0,6,1,15
2025-05-11 01:00:00,15,3,9,21,7,14,28,1,5,7,2,0,2,2,4,1,1,2,3,3.815,2.742,4,2,1,6,1,11
2025-05-11 02:00:00,11,2,7,19,6,18,31,1,3,6,1,0,2,1,1,0,1,4,2,2.301,2.713,0,0,2,6,1,11
2025-05-11 03:00:00,11,1,6,17,1,14,25,1,2,7,1,0,3,1,1,0,1,3,2,2.91,2.947,3,0,3,6,1,10
2025-05-11 04:00:00,10,3,6,15,4,11,25,0,0,8,2,0,4,0,1,0,1,2,2,2.512,2.333,2,0,4,6,1,10
2025-05-11 05:00:00,10,2,6,13,2,7,25,0,0,8,2,0,4,0,1,0,1,2,2,2.602,2.083,2,0,5,6,1,15
2025-05-11 06:00:00,15,6,11,17,1,7,21,0,0,9,6,0,5,2,2,0,1,3,2,2.342,1.996,4,0,6,6,1,17
2025-05-11 07:00:00,17,3,11,17,1,4,15,0,0,9,7,1,5,2,3,0,2,2,3,2.728,1.52,4,0,7,6,1,19
2025-05-11 08:00:00,19,6,15,21,4,6,13,0,4,7,8,0,6,4,3,0,1,1,4,2.407,2.16,3,0,8,6,1,22
2025-05-11 09:00:00,22,8,17,28,5,10,17,0,5,7,8,2,4,5,2,1,3,3,4,1.884,1.767,2,0,9,6,1,24
2025-05-11 10:00:00,24,6,20,31,4,13,17,0,4,7,10,3,4,5,4,1,4,4,2,2.076,1.697,3,0,10,6,1,24
2025-05-11 11:00:00,24,4,18,33,4,13,19,0,4,8,9,3,4,6,4,1,4,3,2,2.343,2.126,2,0,11,6,1,24
2025-05-11 12:00:00,24,5,15,32,5,13,23,0,3,10,8,3,5,5,4,1,3,3,3,2.653,2.633,5,0,12,6,1,24
2025-05-11 13:00:00,24,7,16,36,7,16,29,0,4,11,7,2,6,6,1,1,3,2,5,2.592,2.0,7,0,13,6,1,24
2025-05-11 14:00:00,24,6,18,36,6,18,31,1,3,11,7,2,5,7,1,2,3,1,5,2.662,1.857,5,0,14,6,1,27
2025-05-11 15:00:00,27,6,19,34,3,16,29,1,3,14,7,2,6,8,3,1,5,1,3,2.926,2.257,6,1,15,6,1,28
2025-05-11 16:00:00,28,8,20,36,7,16,32,1,5,11,7,4,6,7,3,1,5,2,4,2.423,2.24,4,1,16,6,1,26
2025-05-11 17:00:00,26,4,18,36,6,16,34,1,5,9,8,3,4,6,4,1,5,2,4,2.778,2.033,5,1,17,6,1,21
2025-05-11 18:00:00,21,7,19,38,12,25,41,1,7,9,3,1,4,4,3,3,1,1,5,2.733,2.404,5,1,18,6,1,28
2025-05-11 19:00:00,28,12,23,43,5,23,39,1,6,14,4,3,3,4,9,4,1,0,7,2.024,1.238,4,0,19,6,1,28
2025-05-11 20:00:00,28,4,23,41,4,21,37,1,5,15,4,3,3,3,9,4,1,1,7,2.478,1.785,5,0,20,6,1,30
2025-05-11 21:00:00,30,5,21,40,3,12,37,1,6,16,5,2,4,2,10,3,2,3,6,2.683,2.56,4,0,21,6,1,27
2025-05-11 22:00:00,27,4,13,36,7,14,37,1,6,15,5,0,4,2,7,4,3,3,4,3.129,3.186,8,1,22,6,1,23
2025-05-11 23:00:00,23,5,14,37,9,19,40,1,4,12,6,0,2,1,8,4,3,5,0,3.366,2.448,10,1,23,6,1,23
2025-05-12 00:00:00,23,4,13,34,4,20,32,2,4,13,4,0,1,1,7,4,4,5,1,3.719,3.141,9,2,0,0,0,22
2025-05-12 01:00:00,22,4,13,26,5,18,32,2,4,11,4,1,2,2,4,3,3,7,1,3.707,3.124,8,2,1,0,0,16
2025-05-12 02:00:00,16,0,8,22,6,15,34,1,3,8,4,0,1,2,2,2,3,6,0,4.528,3.937,7,2,2,0,0,12
2025-05-12 03:00:00,12,2,6,19,6,17,37,1,3,7,1,0,2,1,1,2,2,4,0,4.4,3.593,5,2,3,0,0,10
2025-05-12 04:00:00,10,2,4,17,4,16,34,1,2,5,2,0,2,1,2,1,2,1,1,4.157,3.318,4,2,4,0,0,13
2025-05-12 05:00:00,13,4,8,16,1,11,26,1,3,8,1,0,2,4,3,1,2,0,1,3.85,2.073,5,2,5,0,0,13
2025-05-12 06:00:00,13,3,9,15,3,8,25,1,3,8,1,0,2,3,4,1,1,0,2,4.063,1.971,4,2,6,0,0,11
2025-05-12 07:00:00,11,0,7,11,2,6,22,1,3,6,1,0,2,3,2,1,1,0,2,4.701,2.971,4,1,7,0,0,11
2025-05-12 08:00:00,11,4,7,15,4,9,20,1,2,6,1,1,4,2,2,1,1,0,1,4.238,3.346,3,2,8,0,0,12
2025-05-12 09:00:00,12,4,8,17,3,9,17,1,1,7,3,0,1,3,2,2,1,0,3,2.766,1.818,4,1,9,0,0,12
2025-05-12 10:00:00,12,4,12,19,4,11,17,1,2,5,4,0,1,2,3,2,1,0,3,2.371,1.428,2,1,10,0,0,24
2025-05-12 11:00:00,24,12,20,27,0,7,16,2,3,11,7,1,2,5,5,3,2,3,4,1.961,1.043,2,1,11,0,0,24
2025-05-12 12:00:00,24,3,19,27,3,7,16,2,2,13,6,1,2,5,5,3,2,3,4,2.458,1.772,3,1,12,0,0,21
2025-05-12 13:00:00,21,2,17,29,5,8,19,2,2,11,5,1,1,4,3,3,3,4,3,3.171,2.697,5,1,13,0,0,23
2025-05-12 14:00:00,23,4,9,29,2,10,17,3,2,9,7,2,1,6,3,4,4,4,1,3.534,3.398,6,1,14,0,0,23
2025-05-12 15:00:00,23,7,13,32,7,14,21,3,2,12,5,1,2,7,4,5,3,1,1,3.165,2.124,9,1,15,0,0,22
2025-05-12 16:00:00,22,4,15,32,5,14,22,2,2,8,8,2,5,6,3,5,1,1,1,3.286,1.949,6,1,16,0,0,20
2025-05-12 17:00:00,20,5,16,25,7,19,29,2,2,10,5,1,4,6,3,4,1,1,1,3.226,2.284,3,2,17,0,0,24
2025-05-12 18:00:00,24,7,16,29,3,15,29,2,3,12,5,2,4,7,3,2,2,2,4,2.537,2.063,4,1,18,0,0,23
2025-05-12 19:00:00,23,4,16,31,5,15,29,2,3,12,3,3,2,8,3,2,1,2,5,2.651,2.048,6,1,19,0,0,26
2025-05-12 20:00:00,26,6,17,33,3,11,30,3,5,13,3,2,2,9,4,2,1,2,6,2.962,2.417,6,1,20,0,0,26
2025-05-12 21:00:00,26,6,16,32,6,14,29,3,5,11,5,2,2,9,3,2,2,1,7,3.051,2.412,6,1,21,0,0,26
2025-05-12 22:00:00,26,5,17,33,5,14,29,2,6,12,5,1,2,10,2,3,3,1,5,3.335,2.322,7,2,22,0,0,26
2025-05-12 23:00:00,26,7,18,35,7,18,29,2,7,10,6,1,2,10,1,2,2,5,4,3.592,2.391,9,4,23,0,0,21
2025-05-13 00:00:00,21,1,13,29,6,18,32,1,6,8,6,0,2,8,1,1,1,5,3,3.687,2.648,6,3,0,1,0,14
2025-05-13 01:00:00,14,1,9,26,8,21,35,0,4,7,3,0,3,6,0,0,1,3,1,4.416,3.591,6,3,1,1,0,11
2025-05-13 02:00:00,11,0,2,20,3,17,35,0,2,6,3,0,3,4,0,0,1,2,1,5.257,4.648,6,2,2,1,0,14
2025-05-13 03:00:00,14,5,6,19,2,13,31,0,2,9,2,1,3,6,0,3,1,0,1,4.517,4.013,7,2,3,1,0,12
2025-05-13 04:00:00,12,2,7,16,4,9,30,0,2,9,0,1,2,4,0,5,0,0,1,4.667,1.771,5,2,4,1,0,14
2025-05-13 05:00:00,14,4,11,13,2,8,25,2,2,8,1,1,2,3,2,5,0,0,2,3.843,2.545,4,3,5,1,0,15
2025-05-13 06:00:00,15,2,8,14,1,7,20,2,1,9,2,1,3,3,2,5,0,0,2,3.934,2.889,3,2,6,1,0,15
2025-05-13 07:00:00,15,3,9,16,3,6,15,2,1,9,3,0,2,4,3,4,0,0,2,3.768,2.749,5,2,7,1,0,14
2025-05-13 08:00:00,14,1,6,17,2,6,14,2,2,7,3,0,2,4,2,4,0,0,2,4.429,3.407,5,2,8,1,0,14
2025-05-13 09:00:00,14,3,7,15,3,8,15,2,3,6,3,0,3,4,1,2,1,1,2,4.208,2.948,5,2,9,1,0,14
2025-05-13 10:00:00,14,4,8,17,4,9,15,2,3,5,4,0,2,4,3,1,1,1,2,3.591,1.721,4,1,10,1,0,13
2025-05-13 11:00:00,13,2,9,15,3,10,16,1,3,6,3,0,2,3,2,1,1,2,2,2.633,2.2,3,0,11,1,0,15
2025-05-13 12:00:00,15,3,9,16,1,8,16,1,5,7,2,0,2,3,2,2,2,2,2,3.077,2.355,4,1,12,1,0,20
2025-05-13 13:00:00,20,7,12,20,2,6,15,1,6,11,2,0,4,3,2,2,5,3,1,2.878,2.063,6,2,13,1,0,20
2025-05-13 14:00:00,20,4,14,23,4,7,17,1,6,10,2,1,5,3,1,3,4,3,1,2.963,1.811,5,2,14,1,0,23
2025-05-13 15:00:00,23,5,16,25,2,8,16,1,7,11,4,0,3,6,2,3,4,3,2,3.261,2.494,5,2,15,1,0,28
2025-05-13 16:00:00,28,9,18,30,4,10,16,0,8,14,4,2,7,5,4,2,3,3,4,2.584,2.339,6,1,16,1,0,29
2025-05-13 17:00:00,29,7,21,35,6,12,19,0,6,17,4,2,6,7,3,3,4,2,4,2.514,1.673,7,1,17,1,0,28
2025-05-13 18:00:00,28,6,22,38,7,17,25,0,6,18,3,1,6,5,4,2,4,4,3,2.6,2.219,5,1,18,1,0,26
2025-05-13 19:00:00,26,3,16,34,5,18,28,0,6,16,4,0,5,4,3,2,5,5,2,3.256,2.62,6,2,19,1,0,28
2025-05-13 20:00:00,28,6,15,36,4,16,28,0,7,16,5,0,4,6,3,2,5,5,3,3.47,2.925,8,3,20,1,0,31
2025-05-13 21:00:00,31,5,14,36,2,11,28,0,7,18,6,0,3,6,5,3,5,6,3,3.535,3.26,12,3,21,1,0,26
2025-05-13 22:00:00,26,5,16,32,10,16,34,0,6,14,5,1,1,6,7,1,5,3,3,3.376,2.635,10,2,22,1,0,22
2025-05-13 23:00:00,22,2,12,27,6,18,34,0,6,12,4,0,0,5,5,1,5,3,3,3.797,3.327,9,1,23,1,0,22
2025-05-14 00:00:00,22,3,10,24,3,19,30,0,6,10,6,0,0,4,4,1,6,3,4,4.42,4.044,11,2,0,2,0,15
2025-05-14 01:00:00,15,1,6,22,8,17,33,1,4,6,4,0,0,3,1,1,4,2,4,5.2,5.301,8,4,1,2,0,14
2025-05-14 02:00:00,14,3,7,19,4,15,33,1,5,3,4,1,0,6,1,1,3,1,2,4.939,3.601,6,3,2,2,0,15
2025-05-14 03:00:00,15,4,8,18,3,15,34,1,5,3,4,2,0,6,0,3,2,1,3,4.154,2.676,6,2,3,2,0,11
2025-05-14 04:00:00,11,0,7,13,4,11,28,0,3,3,3,2,0,5,0,3,1,1,1,4.276,2.239,4,2,4,2,0,10
2025-05-14 05:00:00,10,3,7,14,4,11,26,0,2,3,3,2,0,3,0,3,0,3,1,3.143,2.619,2,1,5,2,0,12
2025-05-14 06:00:00,12,4,7,15,2,10,25,0,2,5,4,1,0,4,1,1,0,4,2,2.697,1.635,3,1,6,2,0,13
2025-05-14 07:00:00,13,5,12,19,4,10,21,0,1,5,6,1,0,1,2,1,1,7,1,1.582,1.211,1,0,7,2,0,15
2025-05-14 08:00:00,15,2,11,18,0,6,17,0,2,6,6,1,0,1,4,1,1,7,1,2.337,2.138,1,0,8,2,0,13
2025-05-14 09:00:00,13,3,10,17,5,9,19,0,2,7,3,1,2,1,4,0,0,6,0,2.389,2.354,1,0,9,2,0,16
2025-05-14 10:00:00,16,5,10,22,2,7,17,0,4,6,5,1,2,1,4,0,0,8,1,2.415,2.289,3,0,10,2,0,17
2025-05-14 11:00:00,17,6,14,25,5,12,18,0,6,5,6,0,3,2,3,0,0,7,2,2.122,1.428,3,0,11,2,0,22
2025-05-14 12:00:00,22,6,17,27,1,8,17,0,6,8,8,0,3,4,4,0,2,7,2,2.348,1.714,4,0,12,2,0,27
2025-05-14 13:00:00,27,7,19,29,2,8,15,0,5,11,11,0,4,6,4,0,3,8,2,2.348,2.043,3,0,13,2,0,35
2025-05-14 14:00:00,35,11,24,38,3,6,18,1,5,14,15,0,6,8,6,0,3,8,4,2.183,1.911,5,0,14,2,0,42
2025-05-14 15:00:00,42,7,25,42,0,5,13,1,6,17,17,1,7,9,6,1,3,10,6,2.756,2.478,11,0,15,2,0,41
2025-05-14 16:00:00,41,2,20,39,3,6,14,1,6,17,14,3,7,9,4,1,2,12,6,3.522,3.063,15,1,16,2,0,45
2025-05-14 17:00:00,45,6,15,39,2,5,11,1,7,21,13,3,7,10,5,2,2,13,6,3.865,3.488,19,1,17,2,0,44
2025-05-14 18:00:00,44,4,12,37,5,10,15,1,7,23,10,3,7,9,5,2,2,13,6,4.217,4.155,25,3,18,2,0,45
2025-05-14 19:00:00,45,4,14,34,3,10,16,1,8,25,9,2,7,11,5,3,1,12,6,4.75,5.041,29,6,19,2,0,46
2025-05-14 20:00:00,46,4,12,27,3,11,16,0,8,25,11,2,7,11,5,5,1,12,5,5.124,5.773,28,6,20,2,0,47
2025-05-14 21:00:00,47,7,15,27,6,12,22,2,6,25,12,2,8,12,6,5,1,10,5,4.813,4.589,28,7,21,2,0,42
2025-05-14 22:00:00,42,3,14,28,8,17,27,2,5,22,9,4,8,10,5,5,1,9,4,4.902,4.538,24,9,22,2,0,38
2025-05-14 23:00:00,38,2,12,24,6,20,31,2,6,18,10,2,7,7,6,5,1,8,4,5.349,4.833,23,10,23,2,0,35
2025-05-15 00:00:00,35,3,8,23,6,20,32,1,7,16,9,2,6,8,6,3,1,9,2,5.433,5.157,22,7,0,3,0,31
2025-05-15 01:00:00,31,3,8,22,7,19,36,1,7,15,7,1,7,7,5,4,1,5,2,5.619,5.209,22,6,1,3,0,31
2025-05-15 02:00:00,31,3,9,21,3,16,36,1,6,16,7,1,6,8,4,5,1,5,2,5.953,6.063,21,9,2,3,0,32
2025-05-15 03:00:00,32,5,11,19,4,14,34,1,8,14,8,1,6,8,2,5,1,5,5,5.913,6.465,19,11,3,3,0,27
2025-05-15 04:00:00,27,2,10,18,7,14,33,1,6,14,5,1,6,7,1,3,2,4,4,6.306,6.077,16,11,4,3,0,23
2025-05-15 05:00:00,23,1,8,17,5,16,32,1,5,13,4,0,3,7,1,2,2,4,4,6.849,5.769,15,10,5,3,0,18
2025-05-15 06:00:00,18,1,4,15,6,18,32,1,5,10,2,0,2,6,1,1,2,3,3,7.124,6.025,11,7,6,3,0,18
2025-05-15 07:00:00,18,4,6,16,4,15,29,1,2,12,3,0,3,6,0,2,3,1,3,5.97,4.397,10,6,7,3,0,19
2025-05-15 08:00:00,19,4,9,17,3,13,29,0,3,11,5,0,3,5,1,2,3,2,3,5.062,3.781,9,5,8,3,0,20
2025-05-15 09:00:00,20,4,12,16,3,10,28,0,4,10,6,0,4,4,1,2,4,2,3,5.304,2.616,9,5,9,3,0,20
2025-05-15 10:00:00,20,2,10,16,2,8,23,0,4,11,4,1,4,4,1,2,4,2,3,6.045,3.363,9,6,10,3,0,17
2025-05-15 11:00:00,17,4,10,19,7,12,25,0,3,10,2,2,2,4,1,2,4,2,2,5.094,2.656,5,4,11,3,0,18
2025-05-15 12:00:00,18,4,10,22,3,12,22,0,5,9,2,2,2,3,1,2,4,2,4,4.821,2.757,5,3,12,3,0,22
2025-05-15 13:00:00,22,6,14,24,2,12,20,1,7,9,3,2,1,3,3,3,4,3,5,4.555,2.522,8,3,13,3,0,24
2025-05-15 14:00:00,24,7,17,27,5,10,22,2,6,11,3,2,1,5,4,3,3,3,5,2.488,1.785,5,0,14,3,0,24
2025-05-15 15:00:00,24,3,16,26,3,10,22,3,6,11,3,1,1,5,5,3,3,3,4,2.715,2.222,5,0,15,3,0,30
2025-05-15 16:00:00,30,7,17,31,1,9,21,3,6,13,5,3,1,6,5,3,5,5,5,2.91,2.57,7,0,16,3,0,36
2025-05-15 17:00:00,36,9,19,36,3,7,17,3,6,17,8,2,2,6,7,4,4,8,5,2.768,2.404,10,0,17,3,0,41
2025-05-15 18:00:00,41,7,23,39,2,6,16,3,8,17,11,2,4,6,8,4,5,9,5,3.084,2.667,15,0,18,3,0,39
2025-05-15 19:00:00,39,6,22,39,8,13,22,3,8,15,13,0,4,4,7,4,4,12,4,3.226,2.497,13,1,19,3,0,39
2025-05-15 20:00:00,39,3,16,35,3,13,20,3,7,13,16,0,4,3,7,5,5,12,3,3.644,3.231,14,0,20,3,0,45
2025-05-15 21:00:00,45,8,17,40,2,13,19,3,6,16,19,1,3,4,7,7,4,15,5,3.826,3.75,21,3,21,3,0,44
2025-05-15 22:00:00,44,4,15,37,5,10,23,3,7,16,17,1,2,3,9,8,4,14,4,4.375,4.369,24,6,22,3,0,47
2025-05-15 23:00:00,47,8,20,36,5,12,25,2,8,20,16,1,2,2,11,8,5,15,4,4.404,4.04,25,6,23,3,0,42
2025-05-16 00:00:00,42,0,12,29,5,15,28,2,8,18,13,1,0,1,10,8,4,15,4,5.228,4.361,22,8,0,4,0,37
2025-05-16 01:00:00,37,4,12,27,9,19,29,1,9,14,11,2,0,2,9,7,3,13,3,4.911,4.425,21,7,1,4,0,34
2025-05-16 02:00:00,34,2,6,26,5,19,31,2,10,12,8,2,1,2,9,7,3,9,3,5.35,4.866,20,6,2,4,0,30
2025-05-16 03:00:00,30,4,10,22,8,22,37,2,10,10,7,1,1,1,8,5,3,7,5,5.638,4.758,20,7,3,4,0,29
2025-05-16 04:00:00,29,3,9,21,4,17,36,2,9,9,7,2,1,1,6,5,3,8,5,6.074,5.542,17,8,4,4,0,25
2025-05-16 05:00:00,25,1,8,14,5,17,36,2,9,7,5,2,1,1,5,5,2,8,3,7.124,6.483,17,10,5,4,0,23
2025-05-16 06:00:00,23,5,9,19,7,16,38,2,11,6,4,0,1,2,4,4,2,5,5,6.993,5.798,15,9,6,4,0,24
2025-05-16 07:00:00,24,2,8,17,1,13,30,2,12,5,5,0,2,2,4,5,2,4,5,7.078,6.26,15,10,7,4,0,26
2025-05-16 08:00:00,26,4,11,19,2,10,27,2,11,7,6,0,3,2,5,6,1,3,6,6.818,5.767,14,9,8,4,0,25
2025-05-16 09:00:00,25,4,10,19,5,8,24,2,7,9,6,1,3,2,4,6,2,3,5,7.023,3.741,12,10,9,4,0,20
2025-05-16 10:00:00,20,1,9,17,6,13,26,1,8,7,3,1,3,2,3,4,2,1,5,6.966,4.147,11,8,10,4,0,19
2025-05-16 11:00:00,19,1,6,17,2,13,23,1,8,5,4,1,2,2,4,4,2,1,4,8.078,5.264,12,8,11,4,0,16
2025-05-16 12:00:00,16,7,9,19,10,18,26,1,4,9,2,0,1,1,4,3,2,2,3,5.134,2.457,6,4,12,4,0,16
2025-05-16 13:00:00,16,3,11,20,3,15,28,1,4,8,2,1,1,2,3,5,2,1,2,4.015,1.752,5,2,13,4,0,17
2025-05-16 14:00:00,17,2,12,18,1,14,27,1,5,8,2,1,1,4,3,5,1,1,2,4.416,2.56,4,2,14,4,0,19
2025-05-16 15:00:00,19,6,11,20,4,8,26,2,6,8,2,1,1,6,2,4,2,2,2,3.773,2.174,2,2,15,4,0,30
2025-05-16 16:00:00,30,11,19,30,0,5,20,3,6,15,5,1,2,12,4,4,2,2,4,3.181,1.551,8,2,16,4,0,34
2025-05-16 17:00:00,34,12,29,41,8,12,26,3,5,19,5,2,5,14,5,4,1,2,3,2.736,1.369,5,2,17,4,0,37
2025-05-16 18:00:00,37,7,30,41,4,12,20,3,6,21,4,3,6,15,4,4,2,2,4,2.544,2.032,4,1,18,4,0,34
2025-05-16 19:00:00,34,5,24,43,8,20,25,2,6,21,3,2,5,14,4,4,1,2,4,2.34,2.209,3,0,19,4,0,34
2025-05-16 20:00:00,34,5,17,46,5,17,29,2,7,21,4,0,7,12,5,3,1,2,4,2.922,3.086,11,0,20,4,0,30
2025-05-16 21:00:00,30,5,15,45,9,22,34,2,9,16,3,0,5,10,5,3,1,2,4,3.212,3.208,12,0,21,4,0,28
2025-05-16 22:00:00,28,3,13,37,5,19,39,2,8,13,4,1,5,10,5,3,1,1,3,3.632,3.574,12,0,22,4,0,17
2025-05-16 23:00:00,17,1,9,26,12,26,43,2,6,7,1,1,3,8,1,2,0,1,2,3.933,3.062,7,2,23,4,0,11
2025-05-17 00:00:00,11,1,5,20,7,24,46,1,5,5,0,0,2,5,1,2,0,0,1,4.626,4.062,6,2,0,5,1,10
2025-05-17 01:00:00,10,1,3,16,2,21,40,1,4,4,1,0,2,4,1,2,0,1,0,4.967,4.724,6,2,1,5,1,12
2025-05-17 02:00:00,12,2,4,13,0,9,35,1,4,5,2,0,3,4,1,3,0,1,0,5.076,5.112,7,2,2,5,1,13
2025-05-17 03:00:00,13,2,5,10,1,3,27,1,4,5,3,0,2,4,1,3,1,1,1,5.049,4.259,7,3,3,5,1,12
2025-05-17 04:00:00,12,2,6,9,3,4,25,1,4,5,1,1,2,3,2,2,2,0,1,5.527,5.122,7,3,4,5,1,13
2025-05-17 05:00:00,13,4,8,12,3,7,16,0,4,6,1,2,1,2,3,2,2,1,2,4.147,2.222,4,3,5,5,1,14
2025-05-17 06:00:00,14,3,9,14,2,8,11,0,3,6,3,2,0,1,4,2,3,1,3,3.454,2.082,3,3,6,5,1,14
2025-05-17 07:00:00,14,5,12,18,5,10,14,0,3,6,5,0,0,1,1,2,3,2,5,2.343,1.544,2,1,7,5,1,22
2025-05-17 08:00:00,22,9,17,25,1,8,15,1,4,10,7,0,2,4,2,3,3,2,6,2.191,1.577,3,1,8,5,1,26
2025-05-17 09:00:00,26,7,21,30,3,9,17,1,2,12,10,1,3,5,4,2,3,3,6,1.847,1.649,3,0,9,5,1,23
2025-05-17 10:00:00,23,2,18,30,5,9,19,1,2,11,8,1,4,4,4,2,3,2,4,2.508,2.25,3,0,10,5,1,17
2025-05-17 11:00:00,17,3,12,29,9,17,25,1,2,8,4,2,4,4,1,2,2,1,3,2.794,3.196,3,0,11,5,1,21
2025-05-17 12:00:00,21,10,15,36,6,20,29,1,3,8,6,3,2,4,2,3,3,3,4,1.992,1.503,5,0,12,5,1,23
2025-05-17 13:00:00,23,7,20,38,5,20,29,0,3,11,6,3,2,3,2,4,5,3,4,2.062,1.571,5,0,13,5,1,25
2025-05-17 14:00:00,25,9,26,38,7,18,35,0,1,13,9,2,1,3,2,5,7,4,3,1.62,1.492,1,0,14,5,1,26
2025-05-17 15:00:00,26,4,20,35,3,15,35,0,1,14,11,0,1,1,3,6,6,5,4,2.177,2.236,0,0,15,5,1,28
2025-05-17 16:00:00,28,6,19,39,4,14,34,0,1,16,11,0,2,2,3,6,6,4,5,2.497,2.423,6,0,16,5,1,29
2025-05-17 17:00:00,29,5,15,41,4,11,29,0,3,15,10,1,2,2,3,5,5,6,6,2.841,2.815,8,0,17,5,1,24
2025-05-17 18:00:00,24,4,15,35,9,17,32,0,3,12,8,1,2,3,4,4,4,3,4,3.094,2.632,9,0,18,5,1,22
2025-05-17 19:00:00,22,6,15,34,8,21,35,1,4,10,7,0,2,3,5,4,0,4,4,2.693,2.275,4,0,19,5,1,22
2025-05-17 20:00:00,22,5,15,30,5,22,33,2,4,8,7,1,2,3,5,3,1,5,3,2.528,2.021,5,0,20,5,1,20
2025-05-17 21:00:00,20,3,14,29,5,18,35,2,5,6,5,2,2,2,4,2,2,6,2,2.74,2.537,5,0,21,5,1,14
2025-05-17 22:00:00,14,3,11,26,9,19,40,3,2,4,3,2,3,1,3,2,2,3,0,2.559,2.559,2,0,22,5,1,11
2025-05-17 23:00:00,11,3,9,24,6,20,42,4,3,3,0,1,2,2,1,1,2,2,1,2.59,2.369,3,0,23,5,1,13
2025-05-18 00:00:00,13,3,9,23,1,16,34,4,4,3,1,1,3,2,2,0,3,2,1,2.699,2.861,3,0,0,6,1,11
2025-05-18 01:00:00,11,1,7,18,3,10,29,4,2,2,1,2,2,3,1,0,3,1,1,2.996,2.365,3,0,1,6,1,13
2025-05-18 02:00:00,13,3,7,16,1,5,25,3,2,5,1,2,4,2,1,0,3,1,2,2.831,2.79,3,0,2,6,1,21
2025-05-18 03:00:00,21,9,13,22,1,5,21,3,4,6,5,3,5,4,2,1,4,3,2,2.428,1.119,5,0,3,6,1,21
2025-05-18 04:00:00,21,5,17,24,5,7,17,1,5,8,4,3,6,3,1,2,3,4,2,2.481,1.757,5,0,4,6,1,19
2025-05-18 05:00:00,19,3,17,24,5,11,16,1,5,10,3,0,5,0,1,3,4,3,3,3.066,2.565,4,1,5,6,1,19
2025-05-18 06:00:00,19,3,11,24,3,13,18,1,3,10,4,1,5,0,3,3,3,3,2,3.204,2.573,4,2,6,6,1,20
2025-05-18 07:00:00,20,4,10,27,3,11,18,1,4,11,3,1,5,0,3,5,2,3,2,3.407,3.183,6,2,7,6,1,23
2025-05-18 08:00:00,23,6,13,30,3,9,20,1,5,10,5,2,5,1,3,7,1,3,3,3.31,2.671,9,2,8,6,1,24
2025-05-18 09:00:00,24,5,15,26,4,10,23,1,5,12,4,2,5,2,3,8,1,2,3,3.437,2.34,7,2,9,6,1,21
2025-05-18 10:00:00,21,3,14,24,6,13,24,1,5,11,3,1,5,2,3,6,1,1,3,4.12,2.279,8,2,10,6,1,22
2025-05-18 11:00:00,22,7,15,28,6,16,25,0,6,12,2,2,3,3,5,7,2,0,2,3.395,2.295,6,2,11,6,1,28
2025-05-18 12:00:00,28,7,17,32,1,13,23,0,6,16,3,3,4,4,5,8,4,1,2,3.378,2.015,8,4,12,6,1,26
2025-05-18 13:00:00,26,5,19,33,7,14,27,0,7,12,2,5,2,4,5,7,4,3,1,3.129,2.141,6,2,13,6,1,25
2025-05-18 14:00:00,25,4,16,31,5,13,29,1,5,11,4,4,3,4,6,5,3,2,2,3.621,2.868,6,2,14,6,1,23
2025-05-18 15:00:00,23,5,14,31,7,19,32,2,3,11,3,4,3,5,6,3,3,1,2,3.77,3.436,8,2,15,6,1,19
2025-05-18 16:00:00,19,1,10,29,5,17,31,2,2,8,3,4,3,5,5,2,2,1,1,4.095,2.891,8,1,16,6,1,22
2025-05-18 17:00:00,22,7,13,29,4,16,29,2,2,11,3,4,6,4,5,1,3,2,1,3.564,2.407,6,2,17,6,1,24
2025-05-18 18:00:00,24,7,15,29,5,14,33,2,2,14,4,2,5,5,6,1,2,4,1,2.64,1.804,5,1,18,6,1,29
2025-05-18 19:00:00,29,7,21,31,2,11,28,2,3,16,6,2,6,7,7,1,1,4,3,2.868,2.169,9,2,19,6,1,25
2025-05-18 20:00:00,25,3,17,30,7,14,30,2,3,12,6,2,6,5,7,1,1,2,3,3.577,2.866,7,3,20,6,1,28
2025-05-18 21:00:00,28,10,20,35,7,16,30,2,3,8,12,3,2,6,6,1,2,3,8,2.861,2.046,6,2,21,6,1,22
2025-05-18 22:00:00,22,3,16,37,9,23,34,1,2,9,9,1,2,3,4,1,2,3,7,2.252,1.701,3,0,22,6,1,21
2025-05-18 23:00:00,21,6,19,36,7,23,37,1,1,10,8,1,3,3,3,1,2,5,4,2.424,2.134,5,0,23,6,1,20
2025-05-19 00:00:00,20,4,13,33,5,21,37,1,2,9,7,1,5,2,2,1,1,6,3,2.699,2.384,3,0,0,0,0,18
2025-05-19 01:00:00,18,4,14,30,6,18,41,1,4,8,5,0,7,2,3,1,0,4,1,2.839,2.545,4,1,1,0,0,20
2025-05-19 02:00:00,20,5,13,32,3,14,37,1,3,11,4,1,7,4,3,1,0,4,1,2.622,2.532,5,1,2,0,0,19
2025-05-19 03:00:00,19,3,12,25,4,13,34,1,3,8,5,2,8,2,2,2,0,4,1,3.004,2.137,5,1,3,0,0,19
2025-05-19 04:00:00,19,3,11,25,3,10,28,1,3,7,6,2,7,2,3,2,1,3,1,3.529,3.034,7,1,4,0,0,17
2025-05-19 05:00:00,17,1,7,20,3,10,24,1,3,7,5,1,8,1,3,1,1,2,1,4.312,4.034,9,2,5,0,0,18
2025-05-19 06:00:00,18,4,8,20,3,9,22,0,3,8,6,1,7,1,2,2,1,3,2,4.109,3.422,7,2,6,0,0,18
2025-05-19 07:00:00,18,4,9,20,4,10,20,0,2,7,8,1,5,0,3,2,2,4,2,4.005,2.671,6,3,7,0,0,21
2025-05-19 08:00:00,21,4,12,19,1,8,18,0,3,7,8,3,5,0,5,2,3,4,2,3.895,2.837,8,3,8,0,0,19
2025-05-19 09:00:00,19,3,11,19,5,10,19,0,4,5,6,4,3,0,5,3,4,3,1,2.811,2.347,4,0,9,0,0,22
2025-05-19 10:00:00,22,4,11,20,1,7,17,0,5,7,7,3,4,1,5,4,4,3,1,3.243,3.146,8,0,10,0,0,22
2025-05-19 11:00:00,22,3,10,22,3,9,17,0,6,8,5,3,4,1,4,5,3,3,2,3.655,3.165,9,1,11,0,0,23
2025-05-19 12:00:00,23,2,9,20,1,5,15,0,6,8,6,3,4,2,4,4,3,4,2,4.307,4.027,12,3,12,0,0,26
2025-05-19 13:00:00,26,3,8,19,0,4,11,0,6,10,7,3,6,2,5,4,3,4,2,4.776,4.412,14,3,13,0,0,23
2025-05-19 14:00:00,23,0,5,15,3,4,13,0,6,9,6,2,6,2,4,3,3,3,2,5.365,4.904,15,6,14,0,0,20
2025-05-19 15:00:00,20,4,7,16,7,10,15,0,7,9,3,1,3,2,3,3,2,3,4,5.618,5.707,14,5,15,0,0,22
2025-05-19 16:00:00,22,6,10,18,4,14,18,0,6,14,2,0,3,4,2,3,3,2,5,4.393,4.523,11,4,16,0,0,27
2025-05-19 17:00:00,27,6,16,21,1,12,16,0,7,17,2,1,4,7,1,4,3,2,6,4.208,2.638,11,6,17,0,0,34
2025-05-19 18:00:00,34,11,23,30,4,9,19,0,9,18,5,2,4,10,5,4,3,3,5,3.325,2.108,8,7,18,0,0,31
2025-05-19 19:00:00,31,3,20,30,6,11,25,0,12,13,4,2,5,10,5,2,2,2,5,3.558,2.297,7,6,19,0,0,31
2025-05-19 20:00:00,31,6,20,36,6,16,28,0,11,12,5,3,4,9,7,3,2,2,4,4.016,2.468,10,6,20,0,0,31
2025-05-19 21:00:00,31,5,14,37,5,17,26,0,13,12,5,1,4,8,6,3,4,2,4,4.276,3.159,11,5,21,0,0,28
2025-05-19 22:00:00,28,2,13,33,5,16,27,0,13,9,4,2,4,7,7,2,3,2,3,4.63,3.874,13,4,22,0,0,25
2025-05-19 23:00:00,25,2,9,29,5,15,31,0,12,7,5,1,5,4,6,1,3,3,3,5.282,3.854,12,5,23,0,0,22
2025-05-20 00:00:00,22,5,9,23,8,18,35,0,9,8,4,1,4,6,5,1,2,2,2,4.53,3.466,9,3,0,1,0,22
2025-05-20 01:00:00,22,1,8,21,1,14,30,0,9,8,4,1,4,6,5,1,2,2,2,5.247,4.386,13,4,1,1,0,20
2025-05-20 02:00:00,20,3,9,18,5,14,29,1,8,8,2,1,2,6,5,0,2,3,2,5.325,3.582,10,4,2,1,0,20
2025-05-20 03:00:00,20,4,8,17,4,10,28,1,6,11,0,2,4,4,6,1,2,2,1,4.807,3.513,7,3,3,1,0,17
2025-05-20 04:00:00,17,1,8,16,4,13,27,1,6,9,0,1,3,4,4,1,2,2,1,4.019,3.93,8,1,4,1,0,18
2025-05-20 05:00:00,18,4,9,18,3,11,25,1,5,9,2,1,3,3,6,1,2,2,1,3.389,2.917,6,2,5,1,0,23
2025-05-20 06:00:00,23,7,12,20,2,9,19,2,5,11,4,1,5,5,7,2,2,1,1,3.156,2.191,7,2,6,1,0,25
2025-05-20 07:00:00,25,3,14,22,1,6,19,2,6,11,4,2,5,5,7,2,2,2,2,3.534,2.419,10,2,7,1,0,25
2025-05-20 08:00:00,25,2,12,21,2,5,16,2,6,12,4,1,6,5,6,2,2,2,2,3.916,3.114,9,2,8,1,0,28
2025-05-20 09:00:00,28,6,11,23,3,6,15,3,6,12,4,3,5,5,8,3,2,2,3,3.849,3.742,11,2,9,1,0,27
2025-05-20 10:00:00,27,5,13,27,6,11,17,2,6,10,7,2,4,5,6,2,2,4,4,4.197,3.254,13,4,10,1,0,28
2025-05-20 11:00:00,28,5,16,28,4,13,18,2,7,8,8,3,4,5,8,2,2,4,3,4.301,2.846,12,6,11,1,0,23
2025-05-20 12:00:00,23,2,12,23,7,17,23,2,6,9,4,2,5,3,4,2,2,4,3,4.976,3.227,10,5,12,1,0,25
2025-05-20 13:00:00,25,9,16,29,7,18,29,2,6,8,7,2,6,3,3,3,2,3,5,3.405,2.249,9,4,13,1,0,28
2025-05-20 14:00:00,28,9,20,36,6,20,33,1,7,7,9,4,7,5,2,3,3,4,4,3.069,1.321,7,3,14,1,0,36
2025-05-20 15:00:00,36,14,32,44,6,19,36,1,8,13,11,3,9,8,3,2,4,7,3,2.385,1.801,6,2,15,1,0,41
2025-05-20 16:00:00,41,11,34,50,6,18,36,1,11,15,13,1,10,10,3,3,4,6,5,2.647,1.56,6,3,16,1,0,45
2025-05-20 17:00:00,45,8,33,53,4,16,36,1,11,17,14,2,11,9,3,3,7,8,4,3.004,2.351,10,3,17,1,0,43
2025-05-20 18:00:00,43,7,26,58,9,19,38,1,11,17,13,1,11,7,3,3,8,7,4,3.395,2.76,9,3,18,1,0,36
2025-05-20 19:00:00,36,5,20,54,12,25,43,2,10,15,7,2,9,6,4,1,5,5,6,3.885,3.215,14,3,19,1,0,33
2025-05-20 20:00:00,33,5,17,50,8,29,45,2,10,15,5,1,5,7,3,1,4,6,7,4.444,3.631,16,3,20,1,0,27
2025-05-20 21:00:00,27,4,14,40,10,30,49,2,9,12,3,1,4,6,1,1,3,4,8,4.868,3.269,11,3,21,1,0,25
2025-05-20 22:00:00,25,6,15,35,8,26,51,1,11,9,4,0,4,6,2,1,2,3,7,3.523,2.685,8,2,22,1,0,21
2025-05-20 23:00:00,21,4,14,31,8,26,55,1,11,7,2,0,3,2,2,2,1,5,6,2.884,2.086,4,1,23,1,0,25
2025-05-21 00:00:00,25,6,16,30,2,18,48,1,11,9,3,1,3,4,2,2,1,6,7,2.907,2.388,7,2,0,2,0,19
2025-05-21 01:00:00,19,0,10,25,6,16,42,0,9,6,3,1,2,4,2,2,0,4,5,3.036,2.566,4,0,1,2,0,20
2025-05-21 02:00:00,20,4,10,24,3,11,37,0,9,7,3,1,2,5,2,2,1,4,4,3.236,3.365,7,0,2,2,0,17
2025-05-21 03:00:00,17,1,5,21,4,13,31,0,9,6,0,2,1,5,2,0,2,3,4,3.928,3.842,8,0,3,2,0,18
2025-05-21 04:00:00,18,7,12,22,6,13,29,0,7,9,2,0,1,5,5,0,1,3,3,2.995,2.472,7,1,4,2,0,19
2025-05-21 05:00:00,19,3,11,21,2,12,23,0,7,8,3,1,1,5,6,1,1,2,3,3.391,1.83,6,1,5,2,0,18
2025-05-21 06:00:00,18,3,13,18,4,12,25,0,7,6,4,1,1,4,6,1,2,1,3,3.685,2.561,7,2,6,2,0,11
2025-05-21 07:00:00,11,1,7,19,8,14,27,0,4,5,2,0,1,3,3,1,1,1,1,3.725,3.205,3,1,7,2,0,14
2025-05-21 08:00:00,14,4,8,19,1,13,25,0,3,7,3,1,3,3,3,2,1,0,2,2.884,2.566,5,0,8,2,0,18
2025-05-21 09:00:00,18,6,11,24,2,11,23,1,4,8,5,0,7,3,4,2,1,0,1,2.682,1.986,5,0,9,2,0,16
2025-05-21 10:00:00,16,3,13,20,5,8,22,1,3,7,4,1,6,0,5,2,1,0,2,2.617,1.9,5,0,10,2,0,21
2025-05-21 11:00:00,21,9,18,26,4,11,24,1,6,8,5,1,6,0,4,2,2,3,4,2.089,1.511,3,0,11,2,0,23
2025-05-21 12:00:00,23,6,18,29,4,13,24,2,8,11,2,0,6,2,6,3,1,2,3,2.348,1.623,4,0,12,2,0,29
2025-05-21 13:00:00,29,9,24,37,3,11,19,2,7,16,2,2,6,5,7,3,1,2,5,2.229,1.947,6,0,13,2,0,33
2025-05-21 14:00:00,33,7,22,40,3,10,21,2,8,15,7,1,6,5,8,4,1,4,5,2.506,2.422,5,0,14,2,0,33
2025-05-21 15:00:00,33,2,18,36,2,8,21,2,8,14,8,1,6,5,7,5,1,4,5,3.312,2.889,11,0,15,2,0,30
2025-05-21 16:00:00,30,5,14,38,8,13,24,2,9,12,6,1,5,5,6,6,2,4,2,3.637,3.838,13,0,16,2,0,31
2025-05-21 17:00:00,31,4,11,33,3,13,23,2,8,11,8,2,4,5,8,7,1,4,2,3.932,3.551,15,2,17,2,0,25
2025-05-21 18:00:00,25,4,13,31,10,21,29,0,7,7,9,2,2,5,5,5,3,3,2,3.836,3.533,12,1,18,2,0,26
2025-05-21 19:00:00,26,8,16,30,7,20,33,0,6,9,8,3,2,5,3,4,6,4,2,3.566,2.675,11,3,19,2,0,28
2025-05-21 20:00:00,28,6,18,29,4,21,34,0,6,13,7,2,4,7,2,2,6,4,3,3.396,2.083,10,4,20,2,0,25
2025-05-21 21:00:00,25,4,18,31,7,18,39,0,3,14,6,2,2,7,1,3,5,4,3,3.179,2.427,6,2,21,2,0,28
2025-05-21 22:00:00,28,7,17,33,4,15,35,0,4,14,7,3,3,4,3,3,5,5,5,3.099,2.431,6,2,22,2,0,31
2025-05-21 23:00:00,31,6,17,35,3,14,35,0,7,14,7,3,4,5,3,3,4,6,6,3.113,2.338,9,1,23,2,0,25
2025-05-22 00:00:00,25,3,16,34,9,16,34,0,7,10,5,3,4,2,2,3,3,7,4,3.355,2.935,10,1,0,3,0,19
2025-05-22 01:00:00,19,0,9,26,6,18,33,0,7,6,4,2,4,2,2,2,1,5,3,3.973,3.065,7,1,1,3,0,15
2025-05-22 02:00:00,15,3,6,23,7,22,36,0,6,5,3,1,4,3,1,1,1,5,0,3.64,3.157,6,1,2,3,0,16
2025-05-22 03:00:00,16,4,7,23,3,16,32,0,5,5,5,1,5,2,1,0,1,6,1,3.555,3.894,8,2,3,3,0,19
2025-05-22 04:00:00,19,5,12,21,2,12,30,0,6,4,8,1,5,3,2,1,1,6,1,3.462,2.187,7,2,4,3,0,17
2025-05-22 05:00:00,17,3,12,18,5,10,32,0,4,5,8,0,3,3,4,1,0,5,1,3.518,2.147,5,1,5,3,0,13
2025-05-22 06:00:00,13,0,8,15,4,11,27,0,3,4,6,0,2,2,3,1,0,4,1,3.689,2.712,3,1,6,3,0,11
2025-05-22 07:00:00,11,3,6,18,5,14,26,0,2,2,7,0,1,3,1,0,0,4,2,2.897,3.243,3,0,7,3,0,11
2025-05-22 08:00:00,11,2,5,17,2,11,21,0,3,2,6,0,0,3,1,0,0,4,3,3.193,3.477,4,0,8,3,0,15
2025-05-22 09:00:00,15,6,11,19,2,9,20,0,3,6,6,0,0,6,3,0,1,3,2,2.29,1.665,4,0,9,3,0,14
2025-05-22 10:00:00,14,3,11,17,4,8,22,0,3,7,4,0,0,6,4,0,1,1,2,2.426,1.797,3,0,10,3,0,12
2025-05-22 11:00:00,12,1,10,15,3,9,20,0,3,7,2,0,0,5,2,0,1,1,3,2.763,2.499,2,0,11,3,0,14
2025-05-22 12:00:00,14,4,8,19,2,9,18,0,2,7,5,0,1,6,1,0,1,0,5,2.492,2.809,2,0,12,3,0,22
2025-05-22 13:00:00,22,10,15,26,2,7,15,0,3,13,6,0,6,4,3,1,1,1,6,1.917,1.336,5,0,13,3,0,23
2025-05-22 14:00:00,23,4,18,28,3,7,16,0,3,12,8,0,7,4,3,1,2,1,5,2.155,1.52,4,0,14,3,0,19
2025-05-22 15:00:00,19,3,17,25,7,12,21,0,2,12,5,0,5,3,2,2,3,0,4,2.313,2.14,2,0,15,3,0,22
2025-05-22 16:00:00,22,6,13,28,3,13,20,1,4,13,4,0,5,3,0,4,4,1,5,2.526,2.345,4,0,16,3,0,24
2025-05-22 17:00:00,24,7,16,34,5,15,22,1,5,14,4,0,7,2,1,4,5,1,4,2.24,1.794,5,0,17,3,0,31
2025-05-22 18:00:00,31,11,24,41,4,12,24,1,7,16,7,0,9,3,3,6,6,1,3,2.081,1.399,5,0,18,3,0,35
2025-05-22 19:00:00,35,10,28,41,6,15,28,2,6,16,9,2,8,6,6,5,5,2,3,1.982,1.555,4,0,19,3,0,36
2025-05-22 20:00:00,36,9,30,46,8,18,33,2,4,18,9,3,10,5,7,4,4,1,5,2.185,2.036,4,1,20,3,0,36
2025-05-22 21:00:00,36,8,27,51,8,22,34,2,3,19,9,3,9,6,8,3,3,1,6,2.594,2.063,8,1,21,3,0,28
2025-05-22 22:00:00,28,2,19,47,10,26,41,1,3,15,7,2,7,4,6,2,3,2,4,3.323,2.652,9,2,22,3,0,19
2025-05-22 23:00:00,19,3,13,43,12,30,48,1,2,11,4,1,5,4,2,3,1,1,3,3.517,2.833,6,1,23,3,0,21
2025-05-23 00:00:00,21,6,11,38,4,26,48,1,3,11,5,1,5,3,3,3,3,1,3,3.308,2.647,6,2,0,4,0,21
2025-05-23 01:00:00,21,4,13,32,4,20,46,1,4,11,3,2,4,3,4,3,3,2,2,3.075,2.514,7,2,1,4,0,23
2025-05-23 02:00:00,23,4,14,27,2,10,40,1,5,10,4,3,4,3,3,4,3,3,3,3.406,2.886,8,2,2,4,0,17
2025-05-23 03:00:00,17,1,9,20,7,13,39,1,5,6,3,2,4,3,1,2,2,2,3,3.616,3.071,5,1,3,4,0,17
2025-05-23 04:00:00,17,3,8,21,3,12,32,1,7,5,3,1,4,3,0,3,3,2,2,4.076,3.553,8,1,4,4,0,16
2025-05-23 05:00:00,16,2,6,20,3,13,23,1,6,6,2,1,5,3,0,2,4,1,1,4.366,3.838,8,2,5,4,0,16
2025-05-23 06:00:00,16,2,7,16,2,8,21,1,7,6,1,1,4,4,0,2,4,1,1,4.308,3.776,8,1,6,4,0,12
2025-05-23 07:00:00,12,2,6,14,6,11,23,1,6,3,1,1,3,3,0,1,3,1,1,3.229,2.793,3,1,7,4,0,18
2025-05-23 08:00:00,18,9,13,19,3,11,24,1,5,7,3,2,2,6,1,1,4,1,3,2.416,1.182,4,2,8,4,0,18
2025-05-23 09:00:00,18,2,13,20,2,11,19,1,4,8,3,2,1,7,1,1,4,0,4,3.158,1.862,5,2,9,4,0,20
2025-05-23 10:00:00,20,6,17,23,4,9,20,1,6,10,3,0,1,8,2,1,3,1,4,3.249,2.316,5,2,10,4,0,17
2025-05-23 11:00:00,17,4,12,25,7,13,24,0,4,10,2,1,3,6,2,1,1,1,3,2.207,1.576,2,0,11,4,0,26
2025-05-23 12:00:00,26,10,20,33,1,12,23,1,5,13,5,2,6,8,2,4,2,0,4,2.162,1.808,6,0,12,4,0,26
2025-05-23 13:00:00,26,6,20,37,6,14,23,1,6,12,6,1,6,7,2,5,3,0,3,2.465,1.554,5,1,13,4,0,23
2025-05-23 14:00:00,23,4,20,32,7,14,27,1,4,12,5,1,6,6,1,5,3,0,2,2.725,2.235,4,1,14,4,0,26
2025-05-23 15:00:00,26,6,16,36,3,16,28,1,6,14,5,0,7,6,2,4,3,1,3,2.774,2.97,4,1,15,4,0,30
2025-05-23 16:00:00,30,9,19,39,5,15,29,1,10,12,7,0,7,7,4,5,2,2,3,2.572,2.045,8,0,16,4,0,30
2025-05-23 17:00:00,30,5,20,40,5,13,27,1,11,11,7,0,8,7,6,5,0,2,2,2.917,2.192,8,1,17,4,0,31
2025-05-23 18:00:00,31,6,20,36,5,15,31,1,9,13,6,2,10,6,6,4,0,3,2,3.081,2.829,7,2,18,4,0,28
2025-05-23 19:00:00,28,6,17,36,9,19,34,1,7,14,5,1,7,4,7,4,1,3,2,2.861,2.551,5,1,19,4,0,23
2025-05-23 20:00:00,23,5,17,37,10,24,37,0,6,11,5,1,6,3,5,2,2,2,3,2.821,2.413,6,1,20,4,0,24
2025-05-23 21:00:00,24,4,15,35,3,22,37,0,5,11,6,2,6,5,5,1,2,3,2,3.304,2.403,7,1,21,4,0,20
2025-05-23 22:00:00,20,5,14,31,9,22,41,0,4,8,7,1,5,4,5,1,2,0,3,3.027,2.962,6,0,22,4,0,20
2025-05-23 23:00:00,20,2,11,28,2,14,38,0,2,10,7,1,5,4,6,0,2,0,3,3.511,3.709,7,1,23,4,0,19
2025-05-24 00:00:00,19,5,12,27,6,17,39,0,2,12,5,0,3,2,4,2,4,1,3,3.0,2.401,7,0,0,5,1,18
2025-05-24 01:00:00,18,2,9,23,3,11,33,0,1,12,4,1,2,2,3,2,4,2,3,3.307,3.06,6,0,1,5,1,15
2025-05-24 02:00:00,15,3,10,21,6,15,29,0,1,12,1,1,2,1,3,1,3,4,1,3.541,2.782,5,1,2,5,1,13
2025-05-24 03:00:00,13,1,6,18,3,12,29,0,1,12,0,0,2,1,2,1,3,4,0,4.081,3.629,4,2,3,5,1,13
2025-05-24 04:00:00,13,3,7,16,3,12,23,0,1,11,1,0,2,1,2,1,2,4,1,3.894,3.491,6,2,4,5,1,15
2025-05-24 05:00:00,15,3,7,17,1,7,22,0,1,12,2,0,2,1,2,1,4,4,1,4.115,3.667,7,2,5,5,1,13
2025-05-24 06:00:00,13,2,8,14,4,8,20,0,1,10,2,0,1,2,3,1,2,3,1,3.796,2.271,5,1,6,5,1,13
2025-05-24 07:00:00,13,3,8,15,3,8,20,0,2,9,2,0,2,3,4,1,1,2,0,4.188,3.0,5,2,7,5,1,15
2025-05-24 08:00:00,15,6,11,18,4,11,18,0,4,7,4,0,2,5,3,1,1,1,2,2.044,1.483,2,0,8,5,1,17
2025-05-24 09:00:00,17,4,13,21,2,9,17,0,5,9,3,0,3,6,3,1,1,0,3,2.04,1.774,2,0,9,5,1,19
2025-05-24 10:00:00,19,5,15,23,3,9,17,0,8,8,1,2,3,8,3,1,1,2,1,2.437,2.078,4,0,10,5,1,17
2025-05-24 11:00:00,17,3,12,23,5,10,21,0,6,7,2,2,3,8,2,1,0,2,1,2.51,2.161,3,0,11,5,1,19
2025-05-24 12:00:00,19,4,12,25,2,10,19,0,6,7,4,2,2,7,3,2,1,3,1,2.679,2.687,5,0,12,5,1,19
2025-05-24 13:00:00,19,3,10,25,3,10,19,0,6,7,5,1,3,5,3,2,1,4,1,3.032,2.966,6,0,13,5,1,23
2025-05-24 14:00:00,23,6,13,25,2,7,17,0,6,9,6,2,3,7,3,2,2,3,3,3.167,2.47,8,0,14,5,1,22
2025-05-24 15:00:00,22,4,13,25,5,10,20,0,5,10,6,1,3,4,2,2,2,4,5,3.322,2.585,6,2,15,5,1,22
2025-05-24 16:00:00,22,9,19,29,9,16,26,1,3,11,7,0,5,3,3,1,2,5,3,3.066,1.776,6,3,16,5,1,23
2025-05-24 17:00:00,23,6,19,32,5,19,26,1,3,9,9,1,6,2,4,2,2,6,1,2.666,1.719,5,1,17,5,1,26
2025-05-24 18:00:00,26,8,23,36,5,19,29,1,5,11,8,1,5,2,4,6,1,6,2,2.363,1.587,3,1,18,5,1,26
2025-05-24 19:00:00,26,4,18,37,4,14,30,1,6,11,6,2,5,1,5,8,1,4,2,2.782,2.1,4,1,19,5,1,31
2025-05-24 20:00:00,31,5,17,36,0,9,28,1,8,13,6,3,5,1,6,8,3,4,4,3.278,2.836,8,2,20,5,1,30
2025-05-24 21:00:00,30,3,12,35,4,8,27,1,7,13,5,4,6,3,5,7,2,4,3,3.828,3.713,13,1,21,5,1,28
2025-05-24 22:00:00,28,3,11,29,5,9,23,1,6,12,6,3,3,5,5,6,2,4,3,3.753,4.037,14,0,22,5,1,22
2025-05-24 23:00:00,22,4,10,27,10,19,28,1,4,10,4,3,3,4,1,6,2,3,3,4.002,3.953,11,1,23,5,1,24
2025-05-25 00:00:00,24,7,14,26,5,20,28,1,3,12,6,2,4,3,4,5,1,4,3,3.554,2.618,10,3,0,6,1,23
2025-05-25 01:00:00,23,6,17,28,7,22,31,1,5,12,5,0,3,2,5,6,2,2,3,3.066,1.695,6,2,1,6,1,16
2025-05-25 02:00:00,16,1,14,24,8,20,39,1,3,7,5,0,1,1,4,5,1,1,3,3.362,2.342,4,2,2,6,1,17
2025-05-25 03:00:00,17,4,11,25,3,18,38,1,3,9,4,0,2,0,5,5,1,1,3,3.203,2.434,3,2,3,6,1,16
2025-05-25 04:00:00,16,3,8,25,4,15,37,1,2,9,4,0,1,1,5,4,0,1,4,3.529,2.603,4,2,4,6,1,16
2025-05-25 05:00:00,16,3,10,24,3,10,30,1,3,7,4,1,1,2,4,4,0,1,4,3.714,2.721,5,2,5,6,1,18
2025-05-25 06:00:00,18,6,12,23,4,11,29,1,2,9,3,3,1,2,6,3,0,1,5,3.083,2.558,4,1,6,6,1,20
2025-05-25 07:00:00,20,3,12,20,1,8,23,2,3,9,3,3,1,2,6,4,1,2,4,3.504,2.518,7,1,7,6,1,19
2025-05-25 08:00:00,19,3,12,22,4,9,19,2,4,8,2,3,1,2,8,3,1,2,2,3.93,2.794,7,1,8,6,1,15
2025-05-25 09:00:00,15,3,9,21,7,12,23,1,4,8,2,0,1,3,5,2,1,2,1,2.777,2.411,4,0,9,6,1,16
2025-05-25 10:00:00,16,4,10,22,3,14,22,1,4,9,1,1,1,5,4,2,1,2,1,2.779,2.106,4,0,10,6,1,18
2025-05-25 11:00:00,18,6,13,25,4,14,23,1,6,7,3,1,3,4,3,2,1,3,2,2.231,1.444,4,0,11,6,1,18
2025-05-25 12:00:00,18,3,13,22,3,10,22,1,5,8,3,1,3,5,1,2,2,3,2,2.56,2.05,3,0,12,6,1,21
2025-05-25 13:00:00,21,5,14,24,2,9,23,1,6,10,2,2,3,6,3,2,2,2,3,2.863,2.2,5,1,13,6,1,19
2025-05-25 14:00:00,19,2,10,23,4,9,23,1,5,10,2,1,3,5,2,2,2,2,3,3.185,2.589,4,1,14,6,1,22
2025-05-25 15:00:00,22,9,16,29,6,12,22,2,6,9,4,1,4,4,2,3,5,1,3,2.432,2.013,5,1,15,6,1,18
2025-05-25 16:00:00,18,1,12,26,5,15,24,2,6,7,3,0,2,5,1,3,3,1,3,3.12,2.282,4,1,16,6,1,21
2025-05-25 17:00:00,21,5,15,25,2,13,22,2,6,10,3,0,0,5,3,4,3,2,4,3.293,2.639,6,2,17,6,1,25
2025-05-25 18:00:00,25,6,12,28,2,9,21,2,9,12,2,0,0,6,4,6,3,2,4,3.312,3.099,7,2,18,6,1,30
2025-05-25 19:00:00,30,10,21,33,5,9,24,3,7,14,4,2,1,5,6,6,4,5,3,2.663,1.817,8,1,19,6,1,34
2025-05-25 20:00:00,34,8,24,39,4,11,24,3,8,15,6,2,1,7,6,5,3,8,4,2.749,1.763,7,1,20,6,1,31
2025-05-25 21:00:00,31,2,20,32,5,14,23,2,7,15,6,1,1,7,5,4,3,8,3,3.654,2.537,11,1,21,6,1,28
2025-05-25 22:00:00,28,6,16,37,9,18,27,2,9,13,3,1,1,7,4,3,2,8,3,4.003,3.092,10,3,22,6,1,26
2025-05-25 23:00:00,26,5,13,37,7,21,32,2,10,10,2,2,2,5,3,3,2,8,3,3.779,2.97,8,3,23,6,1,23
2025-05-26 00:00:00,23,2,13,33,5,21,35,2,8,9,1,3,3,3,3,3,1,7,3,3.926,2.885,8,2,0,0,0,21
2025-05-26 01:00:00,21,3,10,26,5,17,35,2,6,10,1,2,2,3,2,4,2,5,3,4.461,3.711,8,2,1,0,0,14
2025-05-26 02:00:00,14,1,6,19,8,18,39,1,4,5,2,2,2,0,2,3,2,4,1,4.997,4.071,7,1,2,0,0,15
2025-05-26 03:00:00,15,5,9,22,4,17,38,0,6,4,4,1,3,1,1,2,1,5,2,3.455,2.533,5,2,3,0,0,11
2025-05-26 04:00:00,11,0,6,16,4,16,33,0,6,2,3,0,3,1,1,2,0,3,1,4.513,3.533,5,2,4,0,0,6
2025-05-26 05:00:00,6,0,5,11,5,13,31,0,3,2,1,0,1,1,0,1,0,2,1,4.813,4.435,4,1,5,0,0,9
2025-05-26 06:00:00,9,5,5,14,2,11,28,0,4,4,1,0,1,2,0,1,0,2,3,2.724,0.696,2,1,6,0,0,10
2025-05-26 07:00:00,10,2,7,13,1,8,24,0,5,4,1,0,1,3,1,0,0,2,3,2.831,1.37,3,1,7,0,0,12
2025-05-26 08:00:00,12,4,11,16,2,5,18,0,6,5,1,0,2,3,1,1,1,1,3,2.218,1.871,2,0,8,0,0,12
2025-05-26 09:00:00,12,2,8,13,2,5,16,0,7,3,1,1,2,3,1,2,1,1,2,2.841,2.264,2,0,9,0,0,10
2025-05-26 10:00:00,10,0,6,13,2,6,14,0,6,2,1,1,2,2,1,2,1,1,1,3.405,2.916,3,0,10,0,0,16
2025-05-26 11:00:00,16,7,9,20,1,5,10,1,9,2,3,1,5,3,1,2,2,2,1,2.812,3.089,4,1,11,0,0,22
2025-05-26 12:00:00,22,7,14,22,1,4,9,1,8,8,3,2,5,4,2,2,2,5,2,2.72,1.538,7,1,12,0,0,20
2025-05-26 13:00:00,20,3,17,23,5,7,13,1,6,8,3,2,4,1,3,1,2,6,3,2.936,1.968,5,1,13,0,0,20
2025-05-26 14:00:00,20,4,14,23,4,10,15,1,7,9,3,0,5,1,3,1,2,6,2,3.437,2.84,4,2,14,0,0,23
2025-05-26 15:00:00,23,8,15,29,5,14,18,1,4,15,2,1,5,2,2,1,2,7,4,2.679,1.704,5,1,15,0,0,25
2025-05-26 16:00:00,25,6,18,35,4,13,20,1,6,14,3,1,4,3,2,5,1,7,3,2.524,1.603,7,1,16,0,0,23
2025-05-26 17:00:00,23,6,20,34,8,17,27,2,6,13,2,0,4,4,1,5,4,3,2,2.732,1.895,5,1,17,0,0,29
2025-05-26 18:00:00,29,6,18,33,0,12,26,2,7,14,5,1,5,5,3,6,5,3,2,3.05,2.239,7,1,18,0,0,25
2025-05-26 19:00:00,25,1,13,31,5,13,26,1,7,11,5,1,2,4,4,6,5,2,2,3.261,2.679,6,1,19,0,0,22
2025-05-26 20:00:00,22,6,13,33,9,14,31,1,6,11,4,0,2,4,4,3,5,1,3,2.7,3.087,6,0,20,0,0,26
2025-05-26 21:00:00,26,8,15,33,4,18,30,1,8,11,6,0,3,4,2,4,6,2,5,2.647,1.8,9,0,21,0,0,31
2025-05-26 22:00:00,31,7,21,34,2,15,28,1,9,11,9,1,4,5,2,4,7,3,6,2.747,2.07,10,0,22,0,0,27
2025-05-26 23:00:00,27,3,18,31,7,13,27,1,7,9,9,1,4,4,3,3,5,3,5,3.259,2.573,7,0,23,0,0,22
2025-05-27 00:00:00,22,0,10,25,5,14,32,0,7,7,8,0,3,3,3,3,3,2,5,4.015,3.437,8,2,0,1,0,17
2025-05-27 01:00:00,17,3,6,27,8,20,35,0,5,5,7,0,2,4,2,1,4,1,3,3.836,4.17,9,1,1,1,0,13
2025-05-27 02:00:00,13,2,5,23,6,19,32,0,3,3,6,1,2,4,2,1,3,1,0,3.405,3.883,6,0,2,1,0,14
2025-05-27 03:00:00,14,2,7,17,1,15,29,0,3,4,5,2,2,4,2,1,3,2,0,3.836,3.482,7,0,3,1,0,17
2025-05-27 04:00:00,17,7,11,17,4,11,31,0,5,5,5,2,2,3,3,2,3,2,2,3.015,1.927,5,1,4,1,0,15
2025-05-27 05:00:00,15,1,10,15,3,8,27,0,5,4,5,1,2,2,2,2,3,2,2,3.627,2.555,6,2,5,1,0,12
2025-05-27 06:00:00,12,1,9,16,4,11,26,0,4,3,4,1,1,1,2,2,2,1,3,3.596,2.517,3,2,6,1,0,10
2025-05-27 07:00:00,10,2,4,15,4,11,22,0,3,3,3,1,0,1,2,0,1,2,4,3.99,3.2,3,2,7,1,0,12
2025-05-27 08:00:00,12,5,8,18,3,11,19,0,2,6,2,2,1,3,2,0,1,3,2,3.244,1.804,3,2,8,1,0,12
2025-05-27 09:00:00,12,3,10,19,3,10,21,0,1,7,2,2,1,3,2,1,0,3,2,2.129,1.436,2,0,9,1,0,9
2025-05-27 10:00:00,9,1,9,13,4,10,21,0,1,4,1,3,1,3,2,1,0,1,1,1.936,2.082,0,0,10,1,0,12
2025-05-27 11:00:00,12,6,10,18,3,10,21,0,4,4,3,1,2,4,1,0,2,1,2,1.761,1.379,0,0,11,1,0,14
2025-05-27 12:00:00,14,4,11,21,2,9,19,0,4,4,5,1,1,3,1,2,3,1,3,2.134,1.462,3,0,12,1,0,16
2025-05-27 13:00:00,16,5,15,24,3,8,18,0,5,5,6,0,2,1,1,2,3,4,3,1.963,1.77,2,0,13,1,0,18
2025-05-27 14:00:00,18,5,14,24,3,8,18,0,6,6,5,1,1,3,1,1,3,5,4,2.262,1.806,2,0,14,1,0,22
2025-05-27 15:00:00,22,7,17,28,3,9,18,0,6,9,6,1,1,4,4,0,5,4,4,2.13,1.735,4,0,15,1,0,27
2025-05-27 16:00:00,27,10,22,37,5,11,19,0,8,8,8,3,4,5,6,0,4,5,3,1.922,1.488,3,0,16,1,0,28
2025-05-27 17:00:00,28,6,23,37,5,13,21,0,7,9,9,3,4,5,8,0,4,3,4,2.174,1.896,4,0,17,1,0,31
2025-05-27 18:00:00,31,9,25,42,6,16,25,0,9,12,8,2,6,5,6,3,5,3,3,2.316,2.04,4,0,18,1,0,30
2025-05-27 19:00:00,30,6,21,43,7,18,29,0,8,13,8,1,6,5,4,3,4,4,4,2.393,1.996,6,0,19,1,0,27
2025-05-27 20:00:00,27,3,18,41,6,19,32,0,7,11,9,0,5,3,4,4,2,4,5,2.828,2.399,7,0,20,1,0,23
2025-05-27 21:00:00,23,2,11,36,6,19,35,0,6,9,7,1,6,3,3,2,3,2,4,3.342,3.265,7,0,21,1,0,20
2025-05-27 22:00:00,20,4,9,30,7,19,37,0,3,9,7,1,7,1,2,2,3,2,3,3.172,3.087,7,0,22,1,0,18
2025-05-27 23:00:00,18,4,10,28,6,19,38,1,4,8,4,1,7,0,1,2,3,3,2,2.782,2.381,6,0,23,1,0,15
2025-05-28 00:00:00,15,1,9,20,4,17,36,1,4,7,3,0,6,0,1,2,3,3,0,3.357,2.982,6,0,0,2,0,19
2025-05-28 01:00:00,19,7,12,21,3,13,32,1,7,7,4,0,8,3,2,2,2,2,0,2.78,2.01,5,1,1,2,0,19
2025-05-28 02:00:00,19,1,9,19,1,8,27,1,6,7,5,0,8,3,3,2,2,1,0,3.452,3.005,6,2,2,2,0,19
2025-05-28 03:00:00,19,5,13,22,5,9,26,1,7,7,4,0,7,3,2,2,3,2,0,2.922,2.355,6,1,3,2,0,16
2025-05-28 04:00:00,16,0,6,18,3,9,22,1,6,5,4,0,6,3,2,0,3,2,0,3.728,3.352,5,1,4,2,0,16
2025-05-28 05:00:00,16,2,7,16,2,10,18,0,6,5,3,2,5,3,3,0,2,2,1,4.24,4.239,10,1,5,2,0,15
2025-05-28 06:00:00,15,4,6,19,5,10,19,0,6,6,3,0,4,3,1,0,2,3,2,4.315,5.065,8,2,6,2,0,14
2025-05-28 07:00:00,14,3,9,15,4,11,20,0,5,7,2,0,4,2,1,0,2,3,2,3.605,2.971,7,1,7,2,0,18
2025-05-28 08:00:00,18,6,13,20,2,11,21,0,4,8,5,1,7,2,1,1,2,2,3,3.077,1.856,5,1,8,2,0,19
2025-05-28 09:00:00,19,3,12,18,2,8,18,0,4,8,6,1,9,2,1,2,2,1,2,3.438,2.001,4,4,9,2,0,17
2025-05-28 10:00:00,17,3,12,21,5,9,20,0,4,10,3,0,7,4,0,1,1,2,2,4.252,3.608,7,4,10,2,0,18
2025-05-28 11:00:00,18,4,10,23,3,10,21,0,4,9,4,1,6,4,1,2,0,3,2,3.393,2.858,6,2,11,2,0,20
2025-05-28 12:00:00,20,7,14,26,5,13,21,0,3,12,3,2,4,4,4,2,0,4,2,2.46,1.448,4,1,12,2,0,22
2025-05-28 13:00:00,22,4,15,27,2,10,19,0,4,13,3,2,4,5,4,1,1,5,2,2.865,1.899,5,1,13,2,0,25
2025-05-28 14:00:00,25,10,21,31,7,14,24,0,4,14,6,1,6,6,5,2,1,4,1,2.081,1.867,4,0,14,2,0,30
2025-05-28 15:00:00,30,9,23,37,4,13,26,0,5,13,9,3,5,8,5,3,1,4,4,1.996,1.605,3,0,15,2,0,26
2025-05-28 16:00:00,26,5,24,39,9,20,30,0,5,13,5,3,3,9,2,1,1,4,6,2.382,1.887,5,0,16,2,0,27
2025-05-28 17:00:00,27,8,22,43,7,20,34,0,5,16,3,3,3,9,2,1,2,3,7,2.34,2.021,5,0,17,2,0,27
2025-05-28 18:00:00,27,3,16,39,3,19,32,0,6,16,3,2,5,8,2,1,2,3,6,2.841,2.594,7,0,18,2,0,30
2025-05-28 19:00:00,30,7,18,42,4,14,34,0,8,14,5,3,7,6,5,1,2,3,6,2.866,2.695,8,0,19,2,0,28
2025-05-28 20:00:00,28,7,17,39,9,16,36,0,6,12,8,2,5,6,5,0,3,2,7,2.492,1.988,6,0,20,2,0,24
2025-05-28 21:00:00,24,4,18,34,8,21,40,0,6,11,6,1,5,4,3,0,4,3,5,2.701,2.157,6,0,21,2,0,25
2025-05-28 22:00:00,25,6,17,35,5,22,36,0,5,11,8,1,4,4,3,1,3,3,7,2.583,2.256,5,0,22,2,0,25
2025-05-28 23:00:00,25,5,15,32,5,18,34,0,6,11,7,1,5,4,2,2,2,4,6,2.811,2.258,6,0,23,2,0,24
2025-05-29 00:00:00,24,2,13,31,3,13,34,0,5,11,6,2,6,4,2,2,1,3,6,3.235,2.765,8,1,0,3,0,20
2025-05-29 01:00:00,20,4,11,28,8,16,38,0,3,8,8,1,5,3,4,1,0,3,4,3.416,3.22,5,1,1,3,0,15
2025-05-29 02:00:00,15,1,7,22,6,17,35,0,2,7,6,0,5,2,4,1,0,2,1,3.576,3.906,6,1,2,3,0,13
2025-05-29 03:00:00,13,4,9,22,6,20,33,1,2,5,5,0,2,1,4,0,0,4,2,2.609,2.212,4,0,3,3,0,12
2025-05-29 04:00:00,12,2,7,18,3,15,31,2,3,3,4,0,1,1,3,0,1,5,1,2.733,2.164,3,0,4,3,0,12
2025-05-29 05:00:00,12,1,7,14,1,10,27,2,3,3,4,0,1,1,3,0,1,5,1,3.525,2.671,5,1,5,3,0,16
2025-05-29 06:00:00,16,7,10,19,3,7,27,2,3,8,3,0,1,2,4,1,3,5,0,2.77,2.026,4,1,6,3,0,17
2025-05-29 07:00:00,17,2,10,17,1,5,20,2,3,9,3,0,2,2,4,1,3,5,0,3.25,1.884,5,2,7,3,0,18
2025-05-29 08:00:00,18,3,12,19,2,6,16,2,3,9,4,0,2,3,3,1,4,5,0,3.352,2.34,5,2,8,3,0,19
2025-05-29 09:00:00,19,4,9,19,3,6,13,2,4,8,4,1,4,4,1,0,5,5,0,3.655,3.087,6,2,9,3,0,21
2025-05-29 10:00:00,21,8,15,25,6,11,16,0,3,11,4,3,6,4,2,1,3,3,2,2.337,1.542,4,1,10,3,0,22
2025-05-29 11:00:00,22,4,16,28,3,12,18,0,4,11,5,2,4,4,2,2,3,3,4,2.841,1.643,5,1,11,3,0,22
2025-05-29 12:00:00,22,5,17,26,5,14,20,0,5,12,3,2,5,4,1,2,3,3,4,2.744,2.344,5,0,12,3,0,22
2025-05-29 13:00:00,22,3,12,27,3,11,22,0,5,11,4,2,4,5,1,2,4,3,3,3.269,3.046,6,0,13,3,0,20
2025-05-29 14:00:00,20,5,13,29,7,15,27,0,6,12,2,0,4,5,1,2,2,2,4,2.711,2.669,5,1,14,3,0,20
2025-05-29 15:00:00,20,4,12,29,4,14,28,0,7,10,3,0,5,3,3,2,2,2,3,2.983,2.455,5,1,15,3,0,26
2025-05-29 16:00:00,26,8,17,29,2,13,24,0,10,9,6,1,7,5,3,2,2,3,4,2.916,2.105,8,2,16,3,0,23
2025-05-29 17:00:00,23,3,15,28,6,12,27,0,7,8,7,1,7,5,3,1,2,1,4,3.166,2.124,5,2,17,3,0,22
2025-05-29 18:00:00,22,5,16,28,6,14,28,1,7,7,7,0,6,5,5,0,2,1,3,3.236,2.654,7,2,18,3,0,20
2025-05-29 19:00:00,20,4,12,29,6,18,31,1,6,10,3,0,6,5,5,0,2,2,0,3.491,2.608,6,2,19,3,0,17
2025-05-29 20:00:00,17,2,11,26,5,17,29,1,7,8,1,0,6,4,4,1,0,2,0,3.123,2.458,7,0,20,3,0,19
2025-05-29 21:00:00,19,6,12,28,4,15,29,1,7,9,2,0,7,5,5,1,1,0,0,2.795,2.362,6,0,21,3,0,19
2025-05-29 22:00:00,19,5,13,25,5,14,32,1,6,8,4,0,6,4,6,2,1,0,0,2.624,1.781,6,0,22,3,0,17
2025-05-29 23:00:00,17,1,12,23,3,12,29,1,4,7,4,1,4,4,5,2,1,1,0,2.959,2.277,4,0,23,3,0,15
2025-05-30 00:00:00,15,2,8,20,4,12,27,1,4,7,2,1,3,5,3,2,1,1,0,3.343,3.12,4,1,0,4,0,10
2025-05-30 01:00:00,10,0,3,16,5,12,26,1,3,5,1,0,1,5,3,0,1,0,0,4.057,4.019,5,0,1,4,0,8
2025-05-30 02:00:00,8,1,3,15,3,12,24,1,3,4,0,0,1,5,2,0,0,0,0,4.608,4.883,5,1,2,4,0,7
2025-05-30 03:00:00,7,2,3,11,3,11,23,1,2,3,1,0,0,4,2,0,0,0,1,3.643,3.456,2,1,3,4,0,8
2025-05-30 04:00:00,8,3,6,9,2,8,20,1,2,4,1,0,0,3,1,0,1,1,2,2.63,1.444,2,1,4,4,0,8
2025-05-30 05:00:00,8,1,6,9,1,6,18,1,1,5,1,0,0,3,1,0,1,1,2,2.94,1.623,1,1,5,4,0,12
2025-05-30 06:00:00,12,6,10,13,2,5,16,0,1,7,2,2,2,1,2,1,2,2,2,1.476,1.088,0,0,6,4,0,15
2025-05-30 07:00:00,15,5,12,18,2,5,13,0,2,8,1,4,3,2,1,2,4,2,1,1.756,1.575,1,0,7,4,0,13
2025-05-30 08:00:00,13,1,12,18,3,7,13,0,2,7,0,4,2,1,2,2,4,1,1,2.6,2.107,4,0,8,4,0,13
2025-05-30 09:00:00,13,4,10,20,4,9,14,0,1,7,3,2,1,2,3,0,4,2,1,2.79,2.617,3,0,9,4,0,15
2025-05-30 10:00:00,15,6,11,23,4,11,16,0,2,8,4,1,3,3,2,1,2,2,2,2.542,1.808,3,0,10,4,0,14
2025-05-30 11:00:00,14,4,14,26,5,13,20,0,3,7,4,0,3,4,1,1,1,0,4,2.349,1.705,3,1,11,4,0,16
2025-05-30 12:00:00,16,5,15,25,3,12,21,0,3,10,3,0,3,5,2,0,3,1,2,2.642,2.275,3,1,12,4,0,24
2025-05-30 13:00:00,24,9,18,29,1,9,20,1,5,11,6,1,6,6,2,0,4,2,4,2.342,1.671,3,1,13,4,0,27
2025-05-30 14:00:00,27,6,20,34,3,7,20,1,7,12,5,2,5,6,2,1,5,2,6,2.632,1.563,6,1,14,4,0,30
2025-05-30 15:00:00,30,10,25,40,7,11,23,1,7,9,10,3,5,7,2,3,5,2,6,2.313,1.926,4,1,15,4,0,28
2025-05-30 16:00:00,28,4,20,38,6,16,25,1,5,12,8,2,2,7,2,4,6,2,5,2.604,2.44,5,0,16,4,0,30
2025-05-30 17:00:00,30,9,23,43,7,20,27,1,5,15,8,1,3,7,5,1,8,2,4,2.643,2.333,7,0,17,4,0,29
2025-05-30 18:00:00,29,5,18,43,6,19,30,1,5,15,7,1,4,6,5,1,9,1,3,3.083,2.493,8,1,18,4,0,24
2025-05-30 19:00:00,24,3,17,37,8,21,37,1,5,15,3,0,2,5,3,1,9,0,4,3.788,2.919,9,2,19,4,0,28
2025-05-30 20:00:00,28,10,18,41,6,20,40,1,7,18,2,0,2,4,5,1,10,1,5,2.738,2.332,6,0,20,4,0,32
2025-05-30 21:00:00,32,6,19,37,2,16,35,1,8,19,4,0,3,5,7,1,8,2,6,2.851,2.24,10,1,21,4,0,36
2025-05-30 22:00:00,36,7,23,40,3,11,32,1,9,19,4,3,4,4,11,1,8,2,6,3.066,2.448,11,1,22,4,0,35
2025-05-30 23:00:00,35,5,18,36,6,11,31,1,9,18,3,4,3,5,11,1,6,3,6,3.501,3.34,10,2,23,4,0,25
2025-05-31 00:00:00,25,3,15,34,13,22,38,0,7,12,3,3,2,7,8,0,4,2,2,3.332,2.758,9,0,0,5,1,21
2025-05-31 01:00:00,21,2,10,33,6,25,36,0,5,10,4,2,2,7,5,0,4,1,2,3.71,3.435,7,2,1,5,1,19
2025-05-31 02:00:00,19,5,10,28,7,26,37,0,5,8,4,2,3,5,7,1,1,0,2,3.035,3.043,7,1,2,5,1,17
2025-05-31 03:00:00,17,2,9,24,4,17,39,0,6,6,3,2,4,4,6,2,0,0,1,3.252,2.304,7,0,3,5,1,14
2025-05-31 04:00:00,14,2,9,19,5,16,41,0,5,5,4,0,2,4,3,2,0,1,2,3.568,3.098,5,1,4,5,1,12
2025-05-31 05:00:00,12,4,8,18,6,15,41,1,4,3,3,1,2,2,3,2,0,1,2,2.613,2.037,2,1,5,5,1,12
2025-05-31 06:00:00,12,1,7,16,1,12,29,1,3,4,3,1,2,2,4,1,0,1,2,3.398,2.609,5,1,6,5,1,13
2025-05-31 07:00:00,13,3,8,17,2,9,25,1,3,5,3,1,3,1,3,1,0,2,3,3.476,2.669,4,1,7,5,1,14
2025-05-31 08:00:00,14,3,7,15,2,5,20,1,2,6,4,1,3,4,2,0,0,2,3,3.627,3.156,5,1,8,5,1,15
2025-05-31 09:00:00,15,2,8,15,1,5,17,1,2,6,4,2,2,4,4,0,0,2,3,3.904,2.683,7,1,9,5,1,18
2025-05-31 10:00:00,18,8,13,21,5,8,17,2,3,9,3,1,3,4,2,2,1,1,5,3.442,2.178,6,2,10,5,1,20
2025-05-31 11:00:00,20,6,16,23,4,10,15,1,4,10,3,2,5,4,2,2,2,1,4,2.352,1.398,4,1,11,5,1,20
2025-05-31 12:00:00,20,2,16,24,2,11,16,1,5,10,2,2,4,4,2,2,3,1,4,2.747,2.133,3,1,12,5,1,22
2025-05-31 13:00:00,22,8,16,29,6,12,20,1,5,12,4,0,3,6,2,4,3,1,3,2.369,2.045,1,1,13,5,1,21
2025-05-31 14:00:00,21,5,15,31,6,14,24,1,4,10,6,0,3,4,2,2,5,2,3,2.588,1.778,4,1,14,5,1,30
2025-05-31 15:00:00,30,10,23,39,1,13,24,1,6,13,9,1,4,6,3,3,7,3,4,2.607,1.947,7,1,15,5,1,30
2025-05-31 16:00:00,30,7,22,38,7,14,26,0,6,13,10,1,3,6,5,1,8,2,5,2.788,1.867,6,1,16,5,1,32
2025-05-31 17:00:00,32,5,22,37,3,11,25,0,7,13,10,2,5,7,6,1,8,1,4,3.315,2.54,9,1,17,5,1,29
2025-05-31 18:00:00,29,8,20,43,11,21,34,0,4,14,9,2,4,8,5,2,5,3,2,3.119,2.656,7,1,18,5,1,28
2025-05-31 19:00:00,28,7,20,42,8,22,36,0,5,16,6,1,2,7,3,3,6,3,4,2.697,1.865,8,1,19,5,1,32
2025-05-31 20:00:00,32,7,22,44,3,22,33,0,6,18,8,0,3,6,3,6,6,3,5,2.813,2.328,8,1,20,5,1,28
2025-05-31 21:00:00,28,2,16,36,6,17,38,0,5,16,7,0,3,4,3,5,6,3,4,3.096,2.857,6,1,21,5,1,26
2025-05-31 22:00:00,26,4,13,33,6,15,37,1,6,14,5,0,4,5,2,5,5,1,4,3.476,3.417,9,1,22,5,1,24
2025-05-31 23:00:00,24,4,10,32,6,18,40,1,7,13,3,0,5,5,2,4,4,2,2,3.843,3.663,11,3,23,5,1,17
2025-06-01 00:00:00,17,1,9,25,8,20,37,1,5,9,2,0,6,3,2,2,2,1,1,4.084,3.413,7,2,0,6,1,14
2025-06-01 01:00:00,14,1,6,19,4,18,33,1,5,6,2,0,5,2,2,2,1,1,1,4.131,3.28,5,1,1,6,1,16
2025-06-01 02:00:00,16,4,6,16,2,14,32,1,6,5,2,2,5,3,2,1,2,1,2,4.021,3.581,6,2,2,6,1,15
2025-06-01 03:00:00,15,2,7,16,3,9,29,0,7,4,2,2,4,4,3,1,1,1,1,4.017,3.989,7,2,3,6,1,16
2025-06-01 04:00:00,16,5,11,17,4,9,27,0,5,6,3,2,4,6,2,1,1,1,1,3.444,2.771,5,2,4,6,1,18
2025-06-01 05:00:00,18,7,14,20,5,12,26,0,5,8,5,0,5,6,3,1,1,1,1,2.805,1.248,3,2,5,6,1,24
2025-06-01 06:00:00,24,8,20,27,2,11,20,1,6,12,4,1,6,6,2,2,1,4,3,2.859,1.506,4,3,6,6,1,24
2025-06-01 07:00:00,24,5,20,31,5,12,21,1,5,10,6,2,7,3,3,1,1,6,3,2.322,1.954,2,1,7,6,1,25
2025-06-01 08:00:00,25,3,16,30,2,9,21,1,6,10,6,2,7,3,3,1,2,6,3,2.903,2.74,4,1,8,6,1,22
2025-06-01 09:00:00,22,1,9,29,4,11,22,1,6,8,5,2,6,3,3,0,2,5,3,3.646,3.601,6,1,9,6,1,23
2025-06-01 10:00:00,23,5,9,29,4,10,22,1,5,10,6,1,7,3,5,0,2,3,3,3.69,3.477,9,2,10,6,1,20
2025-06-01 11:00:00,20,4,10,26,7,15,24,1,4,11,4,0,5,3,3,1,3,2,3,3.729,2.834,8,2,11,6,1,21
2025-06-01 12:00:00,21,4,13,22,3,14,25,1,5,11,4,0,6,2,4,1,3,2,3,3.786,2.625,8,2,12,6,1,20
2025-06-01 13:00:00,20,5,13,22,6,16,26,1,4,11,4,0,3,3,3,1,4,1,5,3.46,2.277,4,2,13,6,1,20
2025-06-01 14:00:00,20,6,15,25,6,15,30,0,4,11,5,0,4,2,2,1,2,3,6,2.578,1.7,3,1,14,6,1,22
2025-06-01 15:00:00,22,5,16,29,3,15,29,0,4,14,4,0,4,2,4,1,2,3,6,2.374,1.959,3,1,15,6,1,20
2025-06-01 16:00:00,20,4,15,28,6,15,31,0,5,12,3,0,3,3,4,0,3,3,4,2.358,2.177,3,0,16,6,1,16
2025-06-01 17:00:00,16,3,12,27,7,16,31,1,4,8,3,0,2,2,4,0,3,2,3,2.36,2.24,2,0,17,6,1,21
2025-06-01 18:00:00,21,5,12,28,0,13,28,1,6,10,4,0,2,3,5,0,4,2,5,2.66,2.52,5,0,18,6,1,24
2025-06-01 19:00:00,24,6,14,29,3,10,25,1,7,13,2,1,5,4,4,1,3,2,5,2.764,2.542,7,1,19,6,1,23
2025-06-01 20:00:00,23,3,14,26,4,7,23,1,9,9,3,1,3,3,7,1,3,1,5,2.942,2.359,8,0,20,6,1,24
2025-06-01 21:00:00,24,9,18,30,8,15,28,0,9,9,5,1,3,3,4,2,4,2,6,2.319,1.825,4,0,21,6,1,28
2025-06-01 22:00:00,28,5,17,31,1,13,23,0,12,9,6,1,5,4,5,2,4,2,6,2.821,2.243,7,0,22,6,1,24
2025-06-01 23:00:00,24,4,18,32,8,17,24,0,10,7,6,1,5,5,1,3,4,2,4,3.126,2.707,9,1,23,6,1,26
2025-06-02 00:00:00,26,9,18,36,7,16,31,0,9,11,4,2,6,5,1,3,5,1,5,2.969,2.114,7,2,0,0,0,22
2025-06-02 01:00:00,22,2,15,32,6,21,34,0,7,9,5,1,5,5,1,3,5,1,2,3.53,2.875,6,2,1,0,0,20
2025-06-02 02:00:00,20,3,14,32,5,18,35,0,6,9,5,0,6,5,2,2,4,0,1,3.344,2.72,6,1,2,0,0,20
2025-06-02 03:00:00,20,3,8,26,3,14,30,0,5,8,6,1,5,3,3,2,5,0,2,3.78,3.551,7,2,3,0,0,17
2025-06-02 04:00:00,17,4,10,25,7,15,36,0,4,3,8,2,5,3,1,2,3,1,2,3.954,3.495,7,2,4,0,0,15
2025-06-02 05:00:00,15,2,9,23,4,14,32,0,3,3,8,1,7,1,1,2,2,1,1,3.627,3.254,6,1,5,0,0,12
2025-06-02 06:00:00,12,5,11,19,8,19,33,0,4,3,5,0,3,1,3,3,0,1,1,2.426,1.755,2,2,6,0,0,14
2025-06-02 07:00:00,14,4,11,21,2,14,29,0,4,5,4,1,3,2,3,2,0,2,2,2.573,1.497,2,2,7,0,0,12
2025-06-02 08:00:00,12,2,11,20,4,14,28,0,3,6,2,1,1,3,2,2,0,1,3,2.516,1.832,2,1,8,0,0,15
2025-06-02 09:00:00,15,6,12,23,3,9,28,0,3,7,3,2,1,3,1,2,1,2,5,2.184,1.412,1,1,9,0,0,21
2025-06-02 10:00:00,21,7,15,26,1,8,22,0,2,9,7,3,4,3,1,2,3,3,5,2.266,1.554,2,1,10,0,0,23
2025-06-02 11:00:00,23,5,18,29,3,7,21,1,2,11,7,2,7,5,1,2,3,2,3,2.67,1.994,5,1,11,0,0,24
2025-06-02 12:00:00,24,6,18,30,5,9,18,1,3,13,4,3,6,6,0,2,4,2,4,2.812,2.175,5,1,12,0,0,29
2025-06-02 13:00:00,29,9,20,35,4,12,20,1,6,14,4,4,7,6,3,3,3,2,5,2.409,1.918,6,0,13,0,0,27
2025-06-02 14:00:00,27,9,24,42,11,20,27,1,8,12,4,2,8,2,4,3,3,0,7,2.271,1.903,5,1,14,0,0,30
2025-06-02 15:00:00,30,7,25,43,4,19,28,1,8,12,6,3,9,3,4,3,2,2,7,2.397,1.846,4,1,15,0,0,32
2025-06-02 16:00:00,32,4,20,40,2,17,29,1,8,12,7,4,10,2,4,4,3,2,7,2.974,2.498,5,2,16,0,0,31
2025-06-02 17:00:00,31,9,20,44,10,16,36,1,8,14,5,3,8,4,4,6,3,2,4,2.907,2.514,7,1,17,0,0,26
2025-06-02 18:00:00,26,4,17,42,9,21,40,0,5,14,5,2,4,4,4,6,3,1,4,3.249,2.579,8,2,18,0,0,27
2025-06-02 19:00:00,27,5,18,38,4,23,40,0,6,15,5,1,4,5,3,5,3,1,6,3.191,2.753,9,1,19,0,0,30
2025-06-02 20:00:00,30,10,19,39,7,20,36,1,6,16,5,2,4,7,4,5,2,2,6,2.751,2.135,6,1,20,0,0,24
2025-06-02 21:00:00,24,3,18,35,9,20,41,3,5,11,3,2,3,5,3,4,2,3,4,2.931,1.96,6,1,21,0,0,22
2025-06-02 22:00:00,22,4,17,35,6,22,45,3,4,8,6,1,2,5,5,3,1,3,3,2.83,2.466,3,0,22,0,0,23
2025-06-02 23:00:00,23,4,11,30,3,18,38,3,3,11,6,0,2,5,7,3,2,2,2,3.028,3.22,5,0,23,0,0,23
2025-06-03 00:00:00,23,6,14,32,6,15,35,3,2,12,6,0,2,4,6,3,3,2,3,2.982,2.674,8,1,0,1,0,22
2025-06-03 01:00:00,22,4,14,31,5,14,36,2,2,12,6,0,2,3,6,2,3,1,5,2.847,2.179,7,0,1,1,0,19
2025-06-03 02:00:00,19,6,16,27,9,20,38,1,1,13,3,1,1,3,7,2,2,1,3,2.452,1.899,3,0,2,1,0,18
2025-06-03 03:00:00,18,2,12,26,3,17,32,1,1,12,2,2,1,4,4,2,3,1,3,3.162,2.497,5,1,3,1,0,17
2025-06-03 04:00:00,17,2,10,24,3,15,29,0,1,11,3,2,1,4,3,1,5,0,3,3.498,2.609,6,2,4,1,0,18
2025-06-03 05:00:00,18,2,6,22,1,7,27,0,1,13,2,2,1,5,3,1,4,0,4,3.996,3.409,7,2,5,1,0,11
2025-06-03 06:00:00,11,1,5,17,8,12,29,0,0,8,3,0,2,2,2,0,3,0,2,4.426,4.303,6,1,6,1,0,10
2025-06-03 07:00:00,10,3,6,16,4,13,28,0,0,7,3,0,1,3,2,0,1,1,2,2.917,2.385,3,0,7,1,0,14
2025-06-03 08:00:00,14,7,11,17,3,15,22,0,3,6,4,1,2,2,4,1,1,1,3,1.671,0.953,1,0,8,1,0,13
2025-06-03 09:00:00,13,2,12,17,3,10,22,0,3,5,5,0,2,2,2,2,1,2,2,2.078,1.627,2,0,9,1,0,18
2025-06-03 10:00:00,18,5,14,20,0,6,19,0,3,8,7,0,4,2,3,3,1,2,3,2.345,2.278,3,0,10,1,0,16
2025-06-03 11:00:00,16,4,11,22,6,9,24,0,3,5,6,2,5,1,2,3,2,1,2,2.183,1.852,1,0,11,1,0,23
2025-06-03 12:00:00,23,8,17,29,1,7,17,0,5,10,7,1,6,1,5,3,4,2,2,2.369,2.059,5,0,12,1,0,20
2025-06-03 13:00:00,20,2,14,28,5,12,18,0,5,8,7,0,5,0,5,2,3,3,2,2.784,2.041,5,0,13,1,0,17
2025-06-03 14:00:00,17,4,14,25,7,13,22,0,4,11,2,0,6,0,1,1,5,2,2,2.721,2.706,4,0,14,1,0,19
2025-06-03 15:00:00,19,5,11,28,3,15,22,0,4,10,4,1,6,1,0,1,6,1,4,2.915,2.248,5,0,15,1,0,20
2025-06-03 16:00:00,20,7,16,30,6,16,28,0,5,10,5,0,4,3,1,0,6,3,3,2.303,1.845,5,0,16,1,0,29
2025-06-03 17:00:00,29,11,23,37,2,11,24,1,7,13,7,1,3,4,5,1,7,3,6,2.198,1.694,5,0,17,1,0,29
2025-06-03 18:00:00,29,4,22,33,4,12,27,1,7,13,7,1,2,3,5,1,8,4,6,2.739,2.378,7,0,18,1,0,29
2025-06-03 19:00:00,29,5,20,36,5,11,27,1,8,12,8,0,3,4,4,2,6,4,6,3.235,2.796,8,0,19,1,0,22
2025-06-03 20:00:00,22,6,15,38,13,22,33,2,3,12,5,0,2,4,4,1,2,3,6,2.725,2.268,6,1,20,1,0,26
2025-06-03 21:00:00,26,7,18,40,3,21,33,3,3,14,6,0,5,4,3,3,1,4,6,2.785,2.214,8,2,21,1,0,27
2025-06-03 22:00:00,27,7,20,40,6,22,33,2,3,15,7,0,4,4,4,5,2,4,4,2.31,1.985,4,0,22,1,0,25
2025-06-03 23:00:00,25,2,16,31,4,13,35,2,1,16,6,0,4,4,4,5,1,3,4,2.686,2.511,5,0,23,1,0,26
2025-06-04 00:00:00,26,4,13,31,3,13,34,2,3,15,6,0,3,5,4,5,2,4,3,2.88,3.068,6,0,0,2,0,20
2025-06-04 01:00:00,20,0,6,26,6,13,35,2,3,13,2,0,2,5,3,3,1,4,2,3.821,4.068,10,0,1,2,0,17
2025-06-04 02:00:00,17,3,7,23,6,15,28,2,3,11,1,0,3,5,2,1,1,4,1,4.188,4.19,10,0,2,2,0,13
2025-06-04 03:00:00,13,4,7,20,8,20,33,1,4,5,2,1,4,2,2,2,1,2,0,2.977,1.953,3,1,3,2,0,13
2025-06-04 04:00:00,13,3,10,16,3,17,30,2,4,5,1,1,5,2,1,2,1,2,0,3.192,1.894,4,1,4,2,0,12
2025-06-04 05:00:00,12,2,9,16,3,14,29,2,4,4,2,0,4,2,2,0,1,2,1,3.215,2.415,3,1,5,2,0,14
2025-06-04 06:00:00,14,3,8,15,1,7,27,2,3,5,4,0,5,3,2,0,1,2,1,3.388,2.83,4,2,6,2,0,12
2025-06-04 07:00:00,12,4,9,19,6,10,27,2,1,6,3,0,4,4,1,0,1,1,1,2.489,1.342,1,1,7,2,0,11
2025-06-04 08:00:00,11,1,8,17,2,9,23,2,1,6,2,0,3,4,1,0,1,1,1,2.563,2.065,3,0,8,2,0,17
2025-06-04 09:00:00,17,7,12,20,1,9,16,3,1,11,1,1,3,5,4,2,1,2,0,2.256,2.117,3,0,9,2,0,18
2025-06-04 10:00:00,18,4,12,21,3,6,16,3,1,10,3,1,3,5,3,2,1,2,2,2.358,1.705,3,0,10,2,0,22
2025-06-04 11:00:00,22,6,17,25,2,6,15,3,1,11,5,2,5,5,4,2,1,3,2,2.43,2.089,4,0,11,2,0,23
2025-06-04 12:00:00,23,5,15,27,4,9,18,3,2,10,7,1,5,5,5,1,1,4,2,2.692,2.607,4,1,12,2,0,28
2025-06-04 13:00:00,28,11,22,34,6,12,18,3,3,14,7,1,6,5,5,4,2,4,2,2.284,1.617,6,1,13,2,0,31
2025-06-04 14:00:00,31,6,22,39,3,13,19,2,3,16,8,2,6,7,5,4,3,4,2,2.622,1.785,6,2,14,2,0,28
2025-06-04 15:00:00,28,3,20,35,6,15,24,2,3,14,8,1,6,6,4,3,4,4,1,3.03,2.291,7,1,15,2,0,21
2025-06-04 16:00:00,21,4,13,35,11,20,32,3,3,9,5,1,3,8,1,2,3,3,1,3.348,3.211,5,1,16,2,0,23
2025-06-04 17:00:00,23,7,14,36,5,22,35,5,3,11,2,2,3,7,2,1,5,3,2,3.279,2.434,9,1,17,2,0,23
2025-06-04 18:00:00,23,6,17,37,6,22,37,5,2,12,2,2,3,7,1,2,5,4,1,2.944,1.996,7,1,18,2,0,23
2025-06-04 19:00:00,23,6,19,32,6,17,37,6,1,11,3,2,4,8,2,1,4,3,1,2.907,1.909,4,2,19,2,0,24
2025-06-04 20:00:00,24,4,16,30,3,15,37,5,4,10,3,2,3,7,3,1,5,4,1,3.103,2.284,4,2,20,2,0,26
2025-06-04 21:00:00,26,5,15,32,3,12,34,4,4,13,3,2,4,8,2,2,5,4,1,3.544,3.002,7,2,21,2,0,23
2025-06-04 22:00:00,23,2,11,30,5,11,28,3,3,13,3,1,3,7,2,1,5,4,1,3.581,3.313,9,1,22,2,0,23
2025-06-04 23:00:00,23,5,12,28,5,13,28,2,3,13,3,2,4,7,1,1,2,5,3,3.616,2.935,8,1,23,2,0,23
2025-06-05 00:00:00,23,3,10,25,3,13,25,3,3,13,2,2,4,7,3,1,0,5,3,3.883,3.699,9,2,0,3,0,23
2025-06-05 01:00:00,23,4,12,23,4,12,23,2,4,11,4,2,5,7,4,1,0,4,2,4.027,3.696,11,2,1,3,0,16
2025-06-05 02:00:00,16,0,7,19,7,14,27,2,2,8,3,1,1,5,4,1,0,3,2,4.563,3.755,8,2,2,3,0,12
2025-06-05 03:00:00,12,1,5,15,5,16,29,2,1,7,2,0,0,4,3,0,0,3,2,5.294,4.01,6,2,3,3,0,14
2025-06-05 04:00:00,14,5,6,18,3,15,27,2,2,8,2,0,1,5,3,0,1,2,2,4.691,3.888,6,2,4,3,0,14
2025-06-05 05:00:00,14,4,10,17,4,12,26,2,3,7,2,0,1,3,3,0,2,2,3,3.219,1.762,4,2,5,3,0,15
2025-06-05 06:00:00,15,2,11,16,1,8,24,2,3,7,3,0,1,2,4,0,2,3,3,3.298,2.534,3,2,6,3,0,13
2025-06-05 07:00:00,13,2,8,14,4,9,24,2,2,7,2,0,0,3,3,0,1,4,2,3.61,2.351,2,2,7,3,0,10
2025-06-05 08:00:00,10,2,6,16,5,10,22,0,2,6,2,0,0,4,2,0,1,2,1,2.189,2.167,1,0,8,3,0,13
2025-06-05 09:00:00,13,3,7,18,0,9,17,0,2,9,2,0,1,4,2,0,2,3,1,2.637,2.718,4,0,9,3,0,16
2025-06-05 10:00:00,16,4,9,17,1,6,15,0,2,10,4,0,1,4,2,1,3,5,0,2.672,2.135,5,0,10,3,0,21
2025-06-05 11:00:00,21,6,13,19,1,2,12,0,2,14,5,0,2,4,3,2,4,5,1,2.653,2.68,6,0,11,3,0,25
2025-06-05 12:00:00,25,9,19,26,5,7,16,1,3,16,4,1,6,3,6,2,2,4,2,2.087,1.216,4,0,12,3,0,28
2025-06-05 13:00:00,28,6,21,30,3,9,15,1,5,15,6,1,10,3,5,2,3,4,1,2.35,1.823,5,0,13,3,0,30
2025-06-05 14:00:00,30,7,22,35,5,13,15,2,6,15,7,0,8,4,3,4,4,6,1,2.534,2.353,6,0,14,3,0,29
2025-06-05 15:00:00,29,5,18,37,6,14,21,3,5,15,6,0,8,6,3,3,3,5,1,2.982,2.858,8,0,15,3,0,33
2025-06-05 16:00:00,33,7,19,40,3,14,23,2,6,17,8,0,9,6,4,3,4,6,1,3.174,2.717,11,1,16,3,0,32
2025-06-05 17:00:00,32,8,20,42,9,18,31,2,6,14,10,0,6,6,6,2,5,5,2,2.74,2.326,8,1,17,3,0,38
2025-06-05 18:00:00,38,10,25,43,4,16,30,3,7,17,10,1,8,5,5,3,4,8,5,2.875,2.265,11,1,18,3,0,33
2025-06-05 19:00:00,33,6,24,43,11,24,38,2,6,14,9,2,7,5,4,3,3,5,6,2.787,2.264,8,0,19,3,0,35
2025-06-05 20:00:00,35,9,25,45,7,22,40,1,7,18,7,2,9,4,6,3,3,4,6,2.769,2.655,9,1,20,3,0,33
2025-06-05 21:00:00,33,4,19,44,6,24,40,1,6,17,6,3,8,5,5,3,4,2,6,3.136,2.454,10,0,21,3,0,30
2025-06-05 22:00:00,30,5,18,42,8,21,45,1,4,15,8,2,8,3,6,3,2,2,6,3.204,2.791,10,1,22,3,0,25
2025-06-05 23:00:00,25,3,12,37,8,22,44,2,2,11,8,2,5,3,6,2,2,2,5,3.572,3.547,9,2,23,3,0,22
2025-06-06 00:00:00,22,5,13,32,8,24,48,2,3,11,4,2,3,4,5,2,3,1,4,3.63,3.38,9,2,0,4,0,17
2025-06-06 01:00:00,17,3,11,29,8,24,45,2,1,11,2,1,2,5,2,1,3,1,3,3.605,2.101,6,2,1,4,0,14
2025-06-06 02:00:00,14,0,8,20,3,19,41,2,1,10,1,0,2,5,2,1,2,1,1,4.589,2.684,5,2,2,4,0,14
2025-06-06 03:00:00,14,4,7,20,4,15,39,2,2,8,1,1,5,4,2,1,1,1,0,3.383,3.188,3,1,3,4,0,16
2025-06-06 04:00:00,16,3,7,18,1,8,32,3,3,7,2,1,5,4,3,2,0,2,0,3.661,3.66,7,1,4,4,0,14
2025-06-06 05:00:00,14,2,9,17,4,9,28,2,3,7,2,0,3,4,4,1,0,2,0,3.133,2.49,6,0,5,4,0,13
2025-06-06 06:00:00,13,2,7,14,3,8,23,2,3,5,3,0,3,2,4,1,0,2,1,2.98,2.994,3,0,6,4,0,16
2025-06-06 07:00:00,16,5,9,16,2,9,17,3,2,5,4,2,3,2,5,1,1,2,2,2.753,2.194,4,1,7,4,0,16
2025-06-06 08:00:00,16,3,10,19,3,8,17,4,3,5,3,1,3,1,5,2,1,2,2,3.093,2.035,5,1,8,4,0,22
2025-06-06 09:00:00,22,9,17,24,3,8,16,4,4,11,3,0,3,6,5,2,0,4,2,2.325,1.716,5,1,9,4,0,22
2025-06-06 10:00:00,22,4,16,25,4,10,19,4,4,11,1,2,3,7,5,2,0,4,1,2.791,1.504,5,1,10,4,0,19
2025-06-06 11:00:00,19,2,15,25,5,12,20,3,4,11,1,0,2,7,3,2,0,4,1,3.479,2.394,4,1,11,4,0,29
2025-06-06 12:00:00,29,11,17,34,1,10,18,3,5,16,4,1,3,10,4,4,1,4,3,3.023,2.957,6,3,12,4,0,34
2025-06-06 13:00:00,34,6,19,35,1,7,17,3,5,17,7,2,7,11,4,3,2,4,3,3.225,2.038,13,3,13,4,0,33
2025-06-06 14:00:00,33,6,23,38,7,9,21,3,4,16,9,1,8,10,4,2,2,3,4,3.351,2.488,10,2,14,4,0,26
2025-06-06 15:00:00,26,2,14,31,9,17,27,2,4,13,6,1,8,7,2,2,2,1,4,3.693,3.099,7,1,15,4,0,22
2025-06-06 16:00:00,22,3,11,30,7,23,30,1,3,9,9,0,6,5,1,3,2,1,4,3.781,3.061,8,2,16,4,0,25
2025-06-06 17:00:00,25,8,13,36,5,21,30,1,4,9,9,2,6,5,2,3,3,1,5,3.437,2.821,8,4,17,4,0,26
2025-06-06 18:00:00,26,7,18,32,6,18,35,2,3,11,8,2,4,3,3,3,3,4,6,2.734,1.702,6,1,18,4,0,23
2025-06-06 19:00:00,23,5,20,31,8,19,42,3,2,10,7,1,2,2,3,3,2,4,7,2.968,2.041,4,1,19,4,0,21
2025-06-06 20:00:00,21,5,17,30,7,21,42,4,2,10,5,0,3,1,1,2,2,5,7,3.077,2.027,3,2,20,4,0,26
2025-06-06 21:00:00,26,11,21,39,6,21,39,3,2,15,5,1,8,4,1,0,3,4,6,1.877,1.431,2,0,21,4,0,34
2025-06-06 22:00:00,34,12,28,48,4,17,36,3,4,18,6,3,11,5,4,1,2,6,5,2.061,1.574,6,0,22,4,0,32
2025-06-06 23:00:00,32,8,31,48,10,20,41,2,3,17,7,3,12,4,3,2,2,4,5,2.082,1.865,3,0,23,4,0,29
2025-06-07 00:00:00,29,2,22,43,5,19,40,2,3,16,6,2,11,3,2,2,3,4,4,2.786,2.786,5,0,0,5,1,23
2025-06-07 01:00:00,23,3,13,41,9,24,41,1,4,12,6,0,7,3,2,2,3,3,3,3.344,3.338,7,0,1,5,1,16
2025-06-07 02:00:00,16,3,8,39,10,24,44,1,3,8,3,1,4,3,3,1,1,1,3,3.291,3.299,7,1,2,5,1,14
2025-06-07 03:00:00,14,2,8,30,4,23,42,0,4,5,3,2,3,3,3,0,0,2,3,3.257,2.462,5,0,3,5,1,10
2025-06-07 04:00:00,10,1,6,19,5,19,43,0,2,3,3,2,2,3,2,0,0,1,2,2.765,2.577,2,0,4,5,1,8
2025-06-07 05:00:00,8,1,4,12,3,12,36,0,2,3,1,2,2,2,2,0,0,1,1,3.425,3.111,3,0,5,5,1,10
2025-06-07 06:00:00,10,4,6,14,2,10,33,0,1,5,2,2,2,2,2,1,0,2,1,2.892,2.186,4,0,6,5,1,10
2025-06-07 07:00:00,10,2,7,13,2,7,26,0,0,5,2,3,1,2,2,1,0,2,2,2.591,1.453,2,0,7,5,1,13
2025-06-07 08:00:00,13,4,10,14,1,5,17,0,3,6,1,3,2,1,2,2,0,3,3,2.327,2.014,2,1,8,5,1,13
2025-06-07 09:00:00,13,6,12,18,6,9,19,0,3,5,3,2,3,0,4,1,0,4,1,1.426,1.077,0,0,9,5,1,14
2025-06-07 10:00:00,14,4,14,21,3,10,17,0,4,6,3,1,3,1,3,2,0,3,2,1.673,1.636,1,0,10,5,1,20
2025-06-07 11:00:00,20,6,16,26,0,9,14,0,4,9,5,2,6,4,3,2,0,3,2,1.995,1.981,1,0,11,5,1,23
2025-06-07 12:00:00,23,7,17,29,4,7,16,0,4,11,5,3,3,5,3,2,0,7,3,2.202,1.983,4,0,12,5,1,27
2025-06-07 13:00:00,27,6,19,33,2,6,16,0,4,14,5,4,5,6,4,1,1,7,3,2.564,2.017,7,0,13,5,1,26
2025-06-07 14:00:00,26,4,17,33,5,11,20,0,3,13,5,5,4,4,5,1,2,7,3,2.895,2.22,7,0,14,5,1,30
2025-06-07 15:00:00,30,9,19,36,5,12,19,0,4,17,5,4,5,3,6,1,3,8,4,2.767,2.347,6,0,15,5,1,28
2025-06-07 16:00:00,28,2,15,34,4,14,20,0,5,17,5,1,5,3,4,2,4,6,4,3.587,3.124,10,2,16,5,1,26
2025-06-07 17:00:00,26,1,12,29,3,12,23,0,4,15,5,2,6,2,4,2,3,6,3,4.583,4.347,14,5,17,5,1,25
2025-06-07 18:00:00,25,4,7,26,5,12,24,0,4,15,4,2,6,2,5,2,3,4,3,4.649,3.551,11,5,18,5,1,20
2025-06-07 19:00:00,20,3,8,23,8,16,30,0,3,13,3,1,4,1,3,2,4,2,4,4.474,4.385,12,3,19,5,1,18
2025-06-07 20:00:00,18,5,12,24,7,20,32,1,3,10,2,2,4,4,3,1,3,2,1,3.699,3.464,9,1,20,5,1,14
2025-06-07 21:00:00,14,2,10,17,6,21,33,1,2,7,2,2,3,4,2,0,3,0,2,2.902,2.0,3,1,21,5,1,15
2025-06-07 22:00:00,15,3,10,18,2,15,31,1,2,7,3,2,3,3,3,0,2,1,3,2.909,2.697,4,0,22,5,1,17
2025-06-07 23:00:00,17,4,9,21,2,10,30,1,4,7,4,1,5,3,3,0,3,1,2,2.82,2.133,5,0,23,5,1,16
2025-06-08 00:00:00,16,4,11,21,5,9,30,2,5,4,5,0,3,3,2,0,4,1,3,2.851,2.11,5,1,0,6,1,16
2025-06-08 01:00:00,16,2,10,20,2,9,24,2,4,6,4,0,3,3,2,0,3,2,3,3.082,2.244,4,1,1,6,1,16
2025-06-08 02:00:00,16,5,11,20,5,12,22,1,5,6,3,1,4,2,2,0,4,1,3,2.662,2.359,2,1,2,6,1,18
2025-06-08 03:00:00,18,5,12,23,3,10,19,1,6,8,3,0,2,3,3,0,5,1,4,2.901,2.33,5,1,3,6,1,18
2025-06-08 04:00:00,18,2,12,22,2,10,19,1,7,7,3,0,3,3,3,0,5,2,2,3.294,2.504,5,1,4,6,1,19
2025-06-08 05:00:00,19,4,11,22,3,8,20,1,7,7,3,1,5,2,3,0,4,3,2,3.071,2.592,6,0,5,6,1,20
2025-06-08 06:00:00,20,5,11,23,4,9,19,1,6,8,3,2,4,3,3,0,2,5,3,2.674,2.182,4,0,6,6,1,20
2025-06-08 07:00:00,20,2,11,23,2,9,19,1,5,9,3,2,5,3,3,0,2,4,3,3.142,2.898,8,0,7,6,1,21
2025-06-08 08:00:00,21,6,13,24,5,11,19,1,7,8,3,2,4,4,4,1,1,4,3,2.747,2.758,6,0,8,6,1,19
2025-06-08 09:00:00,19,3,11,22,5,12,21,1,6,10,2,0,3,4,4,1,0,5,2,3.055,2.105,5,0,9,6,1,16
2025-06-08 10:00:00,16,3,12,23,6,16,25,1,4,10,1,0,3,2,3,1,1,5,1,2.765,2.531,5,0,10,6,1,22
2025-06-08 11:00:00,22,8,14,27,2,13,24,1,4,13,4,0,5,4,5,3,1,3,1,2.313,2.01,4,0,11,6,1,21
2025-06-08 12:00:00,21,2,13,24,3,11,23,2,4,11,4,0,4,4,6,3,1,2,1,2.943,2.018,7,0,12,6,1,23
2025-06-08 13:00:00,23,6,16,28,4,9,25,2,5,10,6,0,4,4,3,5,3,2,2,2.955,2.335,5,0,13,6,1,25
2025-06-08 14:00:00,25,7,15,29,5,12,25,3,5,12,4,1,4,4,3,5,3,2,4,2.869,1.733,5,3,14,6,1,26
2025-06-08 15:00:00,26,5,18,31,4,13,24,2,5,11,5,3,3,2,5,6,3,3,4,2.505,2.305,6,0,15,6,1,25
2025-06-08 16:00:00,25,8,20,36,9,18,27,1,7,12,3,2,2,2,8,5,1,3,4,2.507,2.161,5,1,16,6,1,24
2025-06-08 17:00:00,24,1,14,29,2,15,27,1,7,11,3,2,2,2,6,5,1,3,5,3.32,3.118,7,1,17,6,1,23
2025-06-08 18:00:00,23,4,13,31,5,16,29,1,8,10,2,2,2,1,8,4,1,2,5,3.372,2.753,9,1,18,6,1,23
2025-06-08 19:00:00,23,7,12,32,7,14,32,0,7,14,1,1,2,2,9,3,1,3,3,2.812,2.56,5,1,19,6,1,24
2025-06-08 20:00:00,24,5,16,30,4,16,31,0,8,14,2,0,2,3,8,3,3,2,3,3.016,2.058,8,1,20,6,1,24
2025-06-08 21:00:00,24,3,15,28,3,14,30,0,8,14,2,0,2,3,6,4,4,1,4,3.452,2.639,6,1,21,6,1,22
2025-06-08 22:00:00,22,2,10,22,4,11,25,0,6,15,1,0,2,2,4,5,4,1,4,3.935,3.226,8,2,22,6,1,18
2025-06-08 23:00:00,18,3,8,24,7,14,30,0,3,11,4,0,0,1,5,5,3,1,3,3.901,3.161,7,1,23,6,1,19
2025-06-09 00:00:00,19,4,9,24,3,14,28,0,2,12,5,0,0,3,3,5,4,1,3,3.291,3.063,7,1,0,0,0,18
2025-06-09 01:00:00,18,1,8,18,2,12,23,0,2,11,5,0,0,3,4,5,3,1,2,3.715,3.63,8,0,1,0,0,16
2025-06-09 02:00:00,16,3,8,16,5,10,24,0,3,7,5,1,2,3,3,3,2,1,2,3.195,3.248,5,0,2,0,0,17
2025-06-09 03:00:00,17,5,9,18,4,11,25,0,4,8,4,1,3,4,3,2,2,1,2,2.647,2.147,4,0,3,0,0,17
2025-06-09 04:00:00,17,3,11,19,3,12,24,0,5,7,3,2,4,4,4,2,2,0,1,2.548,2.252,5,0,4,0,0,19
2025-06-09 05:00:00,19,3,11,19,1,8,18,0,5,9,3,2,5,4,5,2,2,0,1,2.915,2.552,5,0,5,0,0,24
2025-06-09 06:00:00,24,7,13,22,2,6,17,0,6,9,8,1,6,6,6,2,1,2,1,2.793,2.527,6,0,6,0,0,24
2025-06-09 07:00:00,24,6,16,27,6,9,21,0,8,6,9,1,7,5,4,3,1,4,0,2.653,1.85,5,1,7,0,0,30
2025-06-09 08:00:00,30,6,19,30,0,8,16,0,9,8,12,1,8,8,5,3,1,4,1,3.006,2.436,8,2,8,0,0,29
2025-06-09 09:00:00,29,5,17,30,6,12,18,0,9,10,9,1,8,8,4,3,1,3,2,3.171,2.9,8,1,9,0,0,35
2025-06-09 10:00:00,35,7,18,34,1,7,16,0,10,11,13,1,7,8,6,3,4,3,4,3.301,2.755,12,2,10,0,0,37
2025-06-09 11:00:00,37,6,18,37,4,11,19,0,14,12,10,1,6,8,6,3,5,4,5,3.499,3.154,13,3,11,0,0,38
2025-06-09 12:00:00,38,6,19,36,5,10,22,0,11,14,11,2,6,6,7,4,4,6,5,3.513,3.005,14,2,12,0,0,46
2025-06-09 13:00:00,46,12,24,42,4,13,20,0,14,22,8,2,8,7,6,6,5,8,6,3.506,3.028,17,3,13,0,0,44
2025-06-09 14:00:00,44,6,24,42,8,17,28,0,12,23,6,3,8,6,7,8,5,7,3,3.491,2.681,15,3,14,0,0,46
2025-06-09 15:00:00,46,8,26,45,6,18,28,1,12,25,5,3,9,8,9,6,4,8,2,3.537,2.691,17,4,15,0,0,38
2025-06-09 16:00:00,38,6,20,44,14,28,41,1,11,19,6,1,6,3,6,4,6,9,4,3.638,3.337,13,3,16,0,0,39
2025-06-09 17:00:00,39,8,22,46,7,27,44,1,10,17,9,2,7,2,6,3,8,8,5,3.526,2.881,15,3,17,0,0,40
2025-06-09 18:00:00,40,8,22,48,7,28,46,1,9,20,7,3,8,5,5,3,8,6,5,3.761,2.99,16,4,18,0,0,35
2025-06-09 19:00:00,35,5,21,41,10,24,52,1,6,21,6,1,7,7,4,2,4,4,7,4.278,3.066,16,5,19,0,0,30
2025-06-09 20:00:00,30,7,20,42,12,29,56,0,6,16,6,2,3,6,3,2,6,3,7,3.255,2.604,7,3,20,0,0,29
2025-06-09 21:00:00,29,6,18,40,7,29,57,0,6,13,6,4,3,4,2,2,7,3,8,3.258,2.573,8,2,21,0,0,30
2025-06-09 22:00:00,30,8,21,42,7,26,50,0,8,12,6,4,5,3,3,4,7,3,5,3.212,2.512,8,2,22,0,0,29
2025-06-09 23:00:00,29,4,18,38,5,19,48,0,7,12,7,3,4,2,4,4,6,3,6,3.491,2.56,7,2,23,0,0,29
2025-06-10 00:00:00,29,9,21,39,9,21,50,0,8,12,8,1,5,4,3,7,4,3,3,2.971,2.177,8,2,0,1,0,33
2025-06-10 01:00:00,33,6,19,40,2,16,42,0,6,15,10,2,7,6,3,7,3,4,3,2.972,2.34,9,2,1,1,0,31
2025-06-10 02:00:00,31,7,22,40,9,20,39,0,5,15,10,1,5,8,3,5,3,4,3,3.016,2.304,8,2,2,1,0,26
2025-06-10 03:00:00,26,2,15,36,7,18,39,1,4,14,7,0,4,7,2,4,4,3,2,3.244,2.937,4,1,3,1,0,23
2025-06-10 04:00:00,23,4,13,32,7,23,39,1,5,13,4,0,3,6,5,2,3,3,1,3.752,3.482,9,2,4,1,0,20
2025-06-10 05:00:00,20,2,8,30,5,19,39,1,4,12,3,0,2,4,6,1,4,2,1,4.447,4.219,10,3,5,1,0,18
2025-06-10 06:00:00,18,5,11,26,7,19,37,1,3,11,3,0,3,2,5,2,4,1,1,3.433,2.32,6,1,6,1,0,20
2025-06-10 07:00:00,20,6,13,26,4,16,39,1,3,8,8,0,4,2,6,4,3,0,1,3.028,1.527,5,1,7,1,0,25
2025-06-10 08:00:00,25,9,20,28,4,15,34,1,6,9,9,0,4,3,9,3,4,1,1,2.227,1.182,5,1,8,1,0,24
2025-06-10 09:00:00,24,3,18,29,4,12,31,0,7,11,6,0,4,3,8,4,2,2,1,2.716,1.993,5,2,9,1,0,22
2025-06-10 10:00:00,22,3,15,28,5,13,29,0,6,10,6,0,5,2,6,4,2,2,1,2.918,2.259,5,1,10,1,0,19
2025-06-10 11:00:00,19,4,10,30,7,16,31,0,7,9,2,1,4,1,5,4,1,2,2,3.148,2.683,5,1,11,1,0,18
2025-06-10 12:00:00,18,5,12,30,6,18,30,0,5,9,3,1,4,0,4,5,1,2,2,2.207,1.791,4,0,12,1,0,21
2025-06-10 13:00:00,21,7,16,31,4,17,30,1,4,11,3,2,5,0,4,5,3,2,2,2.159,1.518,4,0,13,1,0,24
2025-06-10 14:00:00,24,5,17,27,2,12,28,1,4,13,4,2,5,1,4,5,4,2,3,2.518,1.921,5,0,14,1,0,22
2025-06-10 15:00:00,22,5,17,29,7,13,31,1,4,13,4,0,2,2,3,4,4,3,4,2.53,2.409,4,0,15,1,0,20
2025-06-10 16:00:00,20,3,13,29,5,14,31,1,4,10,5,0,1,2,4,4,3,4,2,2.886,2.387,5,1,16,1,0,24
2025-06-10 17:00:00,24,6,14,31,2,14,26,1,4,10,8,1,2,3,4,6,3,3,3,2.937,2.39,6,2,17,1,0,26
2025-06-10 18:00:00,26,8,17,34,6,13,26,2,3,13,4,4,1,3,5,5,3,3,6,2.707,1.795,7,1,18,1,0,23
2025-06-10 19:00:00,23,4,18,31,7,15,29,2,3,10,5,3,2,3,5,4,2,4,3,2.523,2.103,6,0,19,1,0,18
2025-06-10 20:00:00,18,3,15,29,8,21,35,2,1,10,4,1,3,3,4,2,1,3,2,2.613,2.277,3,0,20,1,0,20
2025-06-10 21:00:00,20,5,12,29,3,18,31,2,1,11,5,1,5,3,4,1,1,2,4,2.796,2.151,4,1,21,1,0,20
2025-06-10 22:00:00,20,5,13,31,5,16,31,1,2,9,7,1,4,5,4,0,2,2,3,2.634,2.117,5,0,22,1,0,17
2025-06-10 23:00:00,17,5,15,30,8,16,37,1,1,9,5,1,6,4,2,1,1,2,1,2.0,1.899,2,0,23,1,0,17
2025-06-11 00:00:00,17,4,14,26,4,17,35,2,2,6,6,1,4,5,4,1,1,2,0,2.188,1.83,2,0,0,2,0,16
2025-06-11 01:00:00,16,2,11,24,3,15,31,2,2,7,5,0,3,5,4,1,2,1,0,2.769,2.306,3,0,1,2,0,15
2025-06-11 02:00:00,15,3,9,24,4,11,27,2,2,8,2,1,2,4,4,1,2,1,1,2.926,2.95,4,1,2,2,0,14
2025-06-11 03:00:00,14,1,6,20,2,9,26,2,2,8,1,1,2,3,4,2,2,0,1,3.661,3.651,6,1,3,2,0,15
2025-06-11 04:00:00,15,5,9,20,4,10,25,1,2,11,0,1,3,2,4,2,3,0,1,3.063,3.447,7,0,4,2,0,14
2025-06-11 05:00:00,14,3,9,18,4,10,21,1,2,10,1,0,2,3,3,2,3,1,0,2.868,1.752,5,0,5,2,0,13
2025-06-11 06:00:00,13,3,11,17,4,12,21,0,2,8,2,1,2,3,1,2,3,2,0,2.475,2.001,2,0,6,2,0,16
2025-06-11 07:00:00,16,3,9,18,0,8,18,0,2,9,3,2,3,3,1,2,3,3,1,2.921,2.806,2,1,7,2,0,19
2025-06-11 08:00:00,19,5,11,20,2,6,16,0,2,11,4,2,3,4,1,3,3,4,1,3.214,3.461,7,1,8,2,0,17
2025-06-11 09:00:00,17,3,11,22,5,7,19,0,3,9,4,1,2,4,2,3,2,4,0,3.129,2.443,6,1,9,2,0,19
2025-06-11 10:00:00,19,4,12,21,2,9,17,1,3,8,6,1,3,3,2,3,3,4,1,3.338,2.92,7,1,10,2,0,19
2025-06-11 11:00:00,19,9,16,27,9,16,22,2,1,11,4,1,2,2,3,2,4,3,3,2.054,1.336,2,1,11,2,0,24
2025-06-11 12:00:00,24,6,19,30,1,12,19,2,2,13,4,3,3,4,3,3,4,4,3,2.363,1.831,4,1,12,2,0,26
2025-06-11 13:00:00,26,5,20,32,3,13,22,2,2,15,5,2,3,4,3,5,3,4,4,2.827,2.553,5,1,13,2,0,25
2025-06-11 14:00:00,25,6,17,33,7,11,27,1,1,15,5,3,4,5,2,3,4,3,4,2.717,2.01,4,1,14,2,0,25
2025-06-11 15:00:00,25,3,14,33,3,13,25,1,2,12,7,3,6,5,1,3,4,2,4,3.442,3.006,9,1,15,2,0,22
2025-06-11 16:00:00,22,4,13,33,7,17,30,0,2,10,7,3,4,4,1,4,3,2,4,3.522,2.867,8,1,16,2,0,18
2025-06-11 17:00:00,18,3,10,27,7,17,28,0,2,8,7,1,2,4,1,2,3,1,5,3.707,2.747,4,1,17,2,0,14
2025-06-11 18:00:00,14,6,13,27,10,24,37,0,0,11,3,0,2,3,0,2,2,3,2,2.866,1.629,2,1,18,2,0,14
2025-06-11 19:00:00,14,5,14,27,5,22,39,0,1,10,2,1,3,5,0,2,0,4,0,1.515,1.815,0,0,19,2,0,16
2025-06-11 20:00:00,16,5,16,26,3,18,35,1,2,8,4,1,4,5,0,2,0,4,1,1.732,1.416,1,0,20,2,0,20
2025-06-11 21:00:00,20,5,15,28,1,9,33,1,4,9,5,1,5,5,1,2,0,4,3,1.994,2.034,0,0,21,2,0,22
2025-06-11 22:00:00,22,3,13,27,1,5,27,1,4,10,6,1,6,5,2,2,1,3,3,2.578,2.792,4,0,22,2,0,23
2025-06-11 23:00:00,23,6,14,30,5,7,25,1,5,10,7,0,5,6,4,3,1,2,2,2.66,2.214,7,0,23,2,0,31
2025-06-12 00:00:00,31,9,18,33,1,7,16,1,6,13,9,2,5,6,5,5,1,6,3,2.67,2.416,9,0,0,3,0,32
2025-06-12 01:00:00,32,6,21,34,5,11,16,2,7,10,11,2,2,5,6,6,1,8,4,2.897,2.026,10,0,1,3,0,28
2025-06-12 02:00:00,28,3,18,32,7,13,20,2,9,6,9,2,3,5,6,4,0,7,3,3.126,2.546,7,0,2,3,0,26
2025-06-12 03:00:00,26,5,14,32,7,19,26,1,9,8,6,2,3,5,6,3,2,5,2,3.134,3.024,8,2,3,3,0,26
2025-06-12 04:00:00,26,4,12,33,4,18,29,0,10,7,6,3,3,6,4,3,3,4,3,3.572,3.495,12,2,4,3,0,19
2025-06-12 05:00:00,19,0,9,27,7,18,31,0,8,5,4,2,1,4,3,3,3,2,3,3.931,3.097,9,1,5,3,0,19
2025-06-12 06:00:00,19,5,9,23,5,16,35,0,11,6,2,0,3,3,3,4,1,2,3,4.002,3.241,9,1,6,3,0,16
2025-06-12 07:00:00,16,1,6,18,4,16,34,0,10,4,2,0,4,1,2,3,1,2,3,4.465,3.882,8,2,7,3,0,18
2025-06-12 08:00:00,18,3,9,18,1,10,28,0,10,4,4,0,4,2,4,3,1,1,3,4.486,3.665,9,3,8,3,0,19
2025-06-12 09:00:00,19,6,10,19,5,10,26,0,8,6,5,0,3,3,6,2,2,1,2,3.487,3.352,6,3,9,3,0,19
2025-06-12 10:00:00,19,1,10,16,1,7,23,0,8,5,5,1,3,4,6,2,2,1,1,4.241,2.992,9,3,10,3,0,15
2025-06-12 11:00:00,15,3,10,19,7,13,23,0,9,3,1,2,2,3,3,2,2,1,2,5.259,5.352,8,4,11,3,0,13
2025-06-12 12:00:00,13,4,8,18,6,14,24,0,5,3,4,1,1,3,3,1,2,1,2,3.825,1.906,4,2,12,3,0,13
2025-06-12 13:00:00,13,4,11,21,4,17,24,0,3,5,5,0,1,2,2,2,3,1,2,2.208,1.477,3,0,13,3,0,19
2025-06-12 14:00:00,19,8,16,26,2,12,25,0,7,5,7,0,2,2,3,4,4,1,3,2.039,1.096,3,1,14,3,0,21
2025-06-12 15:00:00,21,5,17,25,3,9,23,0,7,6,7,1,3,1,3,4,5,2,3,2.163,1.418,3,0,15,3,0,24
2025-06-12 16:00:00,24,5,18,29,2,7,24,0,7,8,8,1,3,2,3,4,5,2,5,2.454,2.24,4,0,16,3,0,23
2025-06-12 17:00:00,23,6,16,32,7,12,24,0,6,8,6,3,5,2,4,2,6,0,4,2.732,2.373,4,1,17,3,0,21
2025-06-12 18:00:00,21,3,14,31,5,14,23,0,5,8,6,2,4,2,5,3,5,0,2,3.173,2.717,7,1,18,3,0,21
2025-06-12 19:00:00,21,5,14,32,5,17,24,0,6,11,3,1,5,3,6,3,3,0,1,3.306,2.799,6,1,19,3,0,23
2025-06-12 20:00:00,23,8,16,32,6,16,28,0,6,10,6,1,4,5,6,2,4,2,0,2.876,1.85,6,2,20,3,0,25
2025-06-12 21:00:00,25,5,18,32,3,14,28,0,6,11,5,3,4,3,7,3,3,2,3,3.197,1.833,7,2,21,3,0,25
2025-06-12 22:00:00,25,6,19,33,6,15,32,0,5,11,6,3,4,4,7,2,3,2,3,2.877,2.086,5,1,22,3,0,20
2025-06-12 23:00:00,20,1,12,28,6,15,31,0,3,9,5,3,2,5,6,2,2,2,1,3.6,2.879,4,1,23,3,0,22
2025-06-13 00:00:00,22,5,12,30,3,15,29,1,4,10,5,2,3,7,5,3,2,2,0,3.509,2.828,8,1,0,4,0,19
2025-06-13 01:00:00,19,4,10,29,7,16,31,1,5,10,3,0,2,8,5,2,1,1,0,3.628,2.566,6,2,1,4,0,18
2025-06-13 02:00:00,18,3,12,24,4,14,29,1,6,6,4,1,2,8,4,2,1,0,1,3.642,2.404,6,2,2,4,0,17
2025-06-13 03:00:00,17,1,8,20,2,13,28,1,6,5,4,1,2,7,4,2,1,0,1,4.509,3.152,6,2,3,4,0,14
2025-06-13 04:00:00,14,2,6,16,5,11,27,1,7,2,3,1,3,5,2,1,1,0,2,3.659,3.234,5,2,4,4,0,13
2025-06-13 05:00:00,13,0,3,15,1,8,22,1,7,2,3,0,3,4,2,1,1,0,2,4.736,4.266,8,2,5,4,0,13
2025-06-13 06:00:00,13,3,5,13,3,9,22,1,8,2,2,0,3,3,3,1,0,2,1,4.623,4.242,7,2,6,4,0,15
2025-06-13 07:00:00,15,4,7,13,2,6,17,2,9,1,3,0,3,3,3,3,0,2,1,4.237,3.289,6,2,7,4,0,10
2025-06-13 08:00:00,10,3,10,13,8,13,21,1,4,2,3,0,1,2,3,1,0,3,0,2.44,1.528,1,1,8,4,0,14
2025-06-13 09:00:00,14,5,12,17,1,11,20,1,5,4,3,1,1,3,4,1,1,3,1,1.619,1.453,0,0,9,4,0,19
2025-06-13 10:00:00,19,6,14,21,1,10,16,1,6,6,4,2,1,4,4,4,1,3,2,1.931,1.52,3,0,10,4,0,27
2025-06-13 11:00:00,27,9,20,30,1,3,16,1,8,10,6,2,3,5,5,7,1,3,3,2.033,1.576,5,0,11,4,0,29
2025-06-13 12:00:00,29,6,21,33,4,6,17,1,9,11,6,2,2,4,5,8,2,2,6,2.293,1.814,5,0,12,4,0,33
2025-06-13 13:00:00,33,7,22,36,3,8,18,0,9,13,9,2,4,5,5,8,3,2,6,2.491,2.44,6,0,13,4,0,31
2025-06-13 14:00:00,31,4,17,37,6,13,16,0,9,12,9,1,4,5,4,7,2,3,6,2.884,2.961,7,1,14,4,0,33
2025-06-13 15:00:00,33,9,20,41,7,16,22,0,7,15,7,4,4,6,5,6,3,3,6,2.783,2.316,8,1,15,4,0,31
2025-06-13 16:00:00,31,5,18,40,7,20,28,0,5,18,5,3,5,4,5,6,3,2,6,3.095,2.698,10,1,16,4,0,21
2025-06-13 17:00:00,21,0,14,31,10,24,37,0,4,13,3,1,2,4,2,4,1,2,6,3.829,3.459,7,1,17,4,0,20
2025-06-13 18:00:00,20,5,10,30,6,23,39,0,3,12,4,1,3,3,2,6,1,1,4,3.621,3.438,8,1,18,4,0,22
2025-06-13 19:00:00,22,6,11,29,4,20,40,1,4,11,5,1,5,4,3,4,1,2,3,3.017,2.435,7,1,19,4,0,24
2025-06-13 20:00:00,24,5,16,30,3,13,37,1,3,13,5,2,7,4,2,4,1,3,3,3.177,2.627,9,1,20,4,0,33
2025-06-13 21:00:00,33,17,28,38,8,15,38,1,5,13,9,5,8,3,5,6,3,6,2,1.686,1.42,2,0,21,4,0,36
2025-06-13 22:00:00,36,8,30,41,5,16,36,1,6,16,10,3,6,6,6,6,4,6,2,2.07,1.451,4,0,22,4,0,33
2025-06-13 23:00:00,33,3,28,44,6,19,32,2,5,16,9,1,6,6,4,5,4,6,2,2.654,2.186,8,0,23,4,0,30
2025-06-14 00:00:00,30,4,15,43,7,18,33,2,4,16,7,1,5,5,5,4,4,6,1,3.04,3.171,6,0,0,5,1,26
2025-06-14 01:00:00,26,4,11,41,8,21,37,2,3,12,7,2,2,4,5,4,4,6,1,3.344,3.194,11,0,1,5,1,23
2025-06-14 02:00:00,23,3,11,39,6,21,40,2,3,12,6,0,1,2,5,3,5,7,0,4.044,4.016,12,1,2,5,1,16
2025-06-14 03:00:00,16,1,8,23,8,22,40,1,2,8,5,0,0,1,4,2,4,5,0,4.294,3.312,7,3,3,5,1,13
2025-06-14 04:00:00,13,2,6,17,5,19,40,1,2,5,5,0,0,1,3,2,2,5,0,4.627,4.232,7,2,4,5,1,11
2025-06-14 05:00:00,11,1,4,15,3,16,37,1,2,4,4,0,0,1,4,1,1,4,0,4.784,4.808,6,3,5,5,1,9
2025-06-14 06:00:00,9,3,6,14,5,13,35,1,1,3,2,2,0,2,3,0,1,2,1,4.406,3.08,4,2,6,5,1,9
2025-06-14 07:00:00,9,2,6,12,2,10,29,0,1,2,4,2,0,1,4,0,1,1,2,3.839,1.463,3,2,7,5,1,9
2025-06-14 08:00:00,9,5,10,14,5,12,28,1,2,1,4,1,1,4,2,0,0,1,1,2.238,0.879,1,1,8,5,1,11
2025-06-14 09:00:00,11,3,10,16,1,8,21,1,2,3,4,1,2,4,2,0,0,1,2,2.513,1.351,2,1,9,5,1,14
2025-06-14 10:00:00,14,4,12,18,1,7,17,1,1,5,6,1,3,5,2,0,0,1,3,1.951,1.906,2,0,10,5,1,15
2025-06-14 11:00:00,15,6,13,23,5,7,19,0,1,7,6,1,2,4,1,0,1,2,5,1.794,1.507,1,0,11,5,1,12
2025-06-14 12:00:00,12,1,11,21,4,10,18,0,1,7,3,1,1,3,1,0,1,2,4,2.194,2.018,1,0,12,5,1,17
2025-06-14 13:00:00,17,6,13,25,1,10,17,0,3,9,3,2,2,6,2,0,2,2,3,2.176,2.131,2,0,13,5,1,24
2025-06-14 14:00:00,24,9,16,29,2,7,14,0,4,14,5,1,4,6,5,0,2,4,3,2.018,1.307,4,0,14,5,1,29
2025-06-14 15:00:00,29,8,23,34,3,6,16,0,6,18,5,0,4,6,9,1,2,5,2,2.297,1.872,6,0,15,5,1,34
2025-06-14 16:00:00,34,7,24,37,2,7,17,0,6,21,5,2,7,6,8,2,3,4,4,2.634,2.287,6,0,16,5,1,34
2025-06-14 17:00:00,34,8,23,39,8,13,20,0,4,21,6,3,6,6,6,4,2,4,6,2.456,2.376,5,0,17,5,1,35
2025-06-14 18:00:00,35,6,21,44,5,15,21,1,4,21,7,2,7,8,5,5,2,2,6,2.879,2.681,10,1,18,5,1,28
2025-06-14 19:00:00,28,4,18,42,11,24,31,1,4,14,9,0,4,7,5,4,3,2,3,3.118,2.608,8,1,19,5,1,24
2025-06-14 20:00:00,24,2,12,35,6,22,35,1,4,13,6,0,2,5,5,4,4,3,1,3.895,3.492,10,1,20,5,1,22
2025-06-14 21:00:00,22,5,11,32,7,24,39,1,3,12,5,1,0,5,3,4,4,4,2,3.74,3.671,11,1,21,5,1,22
2025-06-14 22:00:00,22,7,14,32,7,20,44,1,5,10,5,1,2,4,3,3,4,4,2,2.831,1.697,7,1,22,5,1,19
2025-06-14 23:00:00,19,1,13,25,4,18,40,0,6,8,5,0,2,3,2,2,4,4,2,3.265,2.252,6,1,23,5,1,16
2025-06-15 00:00:00,16,1,9,20,4,15,39,0,7,6,3,0,2,3,3,1,2,4,1,4.031,3.124,6,1,0,6,1,17
2025-06-15 01:00:00,17,4,6,20,3,11,31,0,5,8,4,0,2,4,4,1,1,4,1,4.034,3.976,7,2,1,6,1,17
2025-06-15 02:00:00,17,5,10,23,5,12,30,0,3,8,6,0,3,5,3,1,1,2,2,3.125,1.892,6,1,2,6,1,16
2025-06-15 03:00:00,16,2,11,20,3,11,26,0,3,9,4,0,3,4,2,2,1,2,2,3.676,2.216,6,1,3,6,1,14
2025-06-15 04:00:00,14,2,9,15,4,12,23,0,2,7,4,1,3,3,3,2,0,0,3,3.121,2.735,4,0,4,6,1,13
2025-06-15 05:00:00,13,2,6,16,3,10,22,0,2,7,4,0,2,2,3,3,0,0,3,3.773,3.513,5,0,5,6,1,12
2025-06-15 06:00:00,12,1,5,16,2,9,20,0,2,6,4,0,3,1,3,3,0,0,2,4.409,4.052,6,2,6,6,1,9
2025-06-15 07:00:00,9,3,6,15,6,11,23,1,0,4,4,0,2,2,1,1,0,1,2,2.792,2.051,2,1,7,6,1,10
2025-06-15 08:00:00,10,2,6,12,1,9,19,1,0,5,3,1,2,3,1,1,0,1,2,3.079,1.848,2,1,8,6,1,13
2025-06-15 09:00:00,13,5,10,15,2,9,18,1,1,5,5,1,3,3,3,0,0,1,3,2.005,1.717,2,0,9,6,1,14
2025-06-15 10:00:00,14,4,11,17,3,6,17,1,3,6,4,0,3,3,4,0,0,0,4,1.929,1.367,2,0,10,6,1,20
2025-06-15 11:00:00,20,7,16,22,1,6,15,1,4,7,7,1,3,4,5,0,3,1,4,2.087,1.781,4,0,11,6,1,21
2025-06-15 12:00:00,21,5,16,26,4,8,17,0,4,8,7,2,3,4,3,1,4,1,5,2.184,1.686,3,0,12,6,1,22
2025-06-15 13:00:00,22,6,18,29,5,10,16,1,2,9,8,2,1,3,2,3,6,1,6,2.061,2.012,3,0,13,6,1,20
2025-06-15 14:00:00,20,8,19,35,10,19,25,1,1,10,7,1,3,5,0,4,5,1,2,1.601,1.195,1,0,14,6,1,25
2025-06-15 15:00:00,25,6,20,36,1,16,24,1,3,13,6,2,3,6,2,5,4,2,3,1.994,1.692,2,0,15,6,1,27
2025-06-15 16:00:00,27,7,21,39,5,16,26,1,3,15,5,3,2,7,5,6,4,2,1,1.995,2.041,2,0,16,6,1,27
2025-06-15 17:00:00,27,2,15,34,2,8,27,1,3,15,5,3,3,7,6,6,3,1,1,2.643,2.621,5,0,17,6,1,23
2025-06-15 18:00:00,23,5,14,34,9,16,32,1,3,15,1,3,4,6,4,3,2,2,2,2.942,3.042,8,0,18,6,1,24
2025-06-15 19:00:00,24,5,12,33,4,15,31,1,3,15,2,3,4,6,3,4,3,1,3,3.384,3.174,11,0,19,6,1,21
2025-06-15 20:00:00,21,3,13,28,6,19,27,1,4,11,3,2,5,4,2,4,3,1,2,3.43,2.463,8,0,20,6,1,18
2025-06-15 21:00:00,18,3,11,25,6,16,32,1,2,11,3,1,4,3,3,4,2,0,2,3.795,3.063,7,2,21,6,1,14
2025-06-15 22:00:00,14,2,8,20,6,18,33,0,3,8,3,0,4,1,2,4,1,0,2,3.394,2.415,5,2,22,6,1,11
2025-06-15 23:00:00,11,0,5,18,3,15,34,0,2,6,3,0,4,0,2,2,1,0,2,3.624,3.002,3,1,23,6,1,10
2025-06-16 00:00:00,10,2,4,15,3,12,28,1,2,5,1,1,3,0,1,3,1,1,1,4.062,3.673,5,1,0,0,0,13
2025-06-16 01:00:00,13,5,7,15,2,8,26,1,4,4,3,1,5,1,2,1,2,1,1,2.765,1.966,4,0,1,0,0,11
2025-06-16 02:00:00,11,1,8,13,3,8,23,1,2,5,2,1,4,1,1,1,1,2,1,3.299,2.118,4,2,2,0,0,7
2025-06-16 03:00:00,7,2,8,12,6,11,23,1,1,4,1,0,3,1,0,2,0,1,0,2.959,2.083,1,1,3,0,0,7
2025-06-16 04:00:00,7,1,4,11,1,10,18,1,2,3,1,0,2,1,0,2,0,1,1,2.581,2.325,1,0,4,0,0,10
2025-06-16 05:00:00,10,4,7,15,1,8,16,1,2,5,2,0,3,1,1,1,0,2,2,2.137,2.159,2,0,5,0,0,9
2025-06-16 06:00:00,9,1,6,14,2,4,15,1,1,4,3,0,2,0,1,1,0,2,3,2.468,1.89,2,0,6,0,0,10
2025-06-16 07:00:00,10,3,8,12,2,5,15,1,1,6,1,1,3,0,2,0,0,3,2,2.77,2.567,2,0,7,0,0,13
2025-06-16 08:00:00,13,6,10,17,3,7,15,1,2,8,1,1,1,2,1,0,0,4,5,2.2,1.845,2,0,8,0,0,11
2025-06-16 09:00:00,11,1,10,16,3,8,12,1,2,7,1,0,0,2,2,0,0,3,4,2.359,1.506,3,0,9,0,0,13
2025-06-16 10:00:00,13,3,10,18,1,7,12,1,2,7,2,1,1,3,2,0,0,4,3,2.701,2.398,3,0,10,0,0,15
2025-06-16 11:00:00,15,7,11,21,5,9,16,1,2,8,3,1,3,4,2,0,0,3,3,2.128,1.164,3,0,11,0,0,20
2025-06-16 12:00:00,20,6,16,26,1,7,15,1,3,11,4,1,4,6,3,0,1,2,4,2.217,1.739,3,0,12,0,0,23
2025-06-16 13:00:00,23,5,18,28,2,8,15,1,4,12,5,1,5,6,3,0,2,4,3,2.608,2.168,3,2,13,0,0,27
2025-06-16 14:00:00,27,9,20,31,5,8,17,1,5,14,5,2,7,4,3,2,2,4,5,2.299,1.891,3,1,14,0,0,25
2025-06-16 15:00:00,25,5,19,35,7,14,21,0,6,12,3,4,7,3,2,2,2,4,5,2.186,1.934,3,0,15,0,0,33
2025-06-16 16:00:00,33,12,26,44,4,16,24,0,7,18,4,4,7,5,5,4,2,6,4,2.199,2.064,5,0,16,0,0,35
2025-06-16 17:00:00,35,4,21,41,2,13,21,0,7,19,5,4,7,5,5,4,3,7,4,2.803,2.311,7,0,17,0,0,31
2025-06-16 18:00:00,31,5,21,40,9,15,29,1,6,18,5,1,5,4,5,2,3,7,5,2.924,2.705,9,0,18,0,0,31
2025-06-16 19:00:00,31,2,11,37,2,13,29,1,5,18,7,0,3,4,6,2,3,8,5,3.712,3.568,11,0,19,0,0,33
2025-06-16 20:00:00,33,7,14,35,5,16,29,2,5,19,7,0,3,3,5,5,5,8,4,3.736,4.229,18,0,20,0,0,33
2025-06-16 21:00:00,33,3,12,33,3,10,25,2,5,20,6,0,3,4,4,6,5,7,4,4.164,4.803,18,1,21,0,0,33
2025-06-16 22:00:00,33,5,15,26,5,13,26,3,5,20,5,0,2,4,5,6,5,8,3,4.456,4.173,18,4,22,0,0,35
2025-06-16 23:00:00,35,8,16,30,6,14,30,4,5,20,6,0,2,6,2,8,4,9,4,4.043,3.302,15,3,23,0,0,28
2025-06-17 00:00:00,28,3,16,28,10,21,31,3,5,16,4,0,2,5,1,8,3,5,4,3.91,2.993,10,6,0,1,0,24
2025-06-17 01:00:00,24,1,12,27,5,21,34,2,5,13,4,0,3,5,0,7,2,5,2,4.893,3.993,11,6,1,1,0,20
2025-06-17 02:00:00,20,1,5,21,5,20,34,2,5,11,2,0,3,5,0,5,0,5,2,5.912,4.993,11,6,2,1,0,18
2025-06-17 03:00:00,18,4,6,22,6,16,37,2,4,9,2,1,3,3,1,5,0,3,3,5.036,4.645,11,3,3,1,0,14
2025-06-17 04:00:00,14,1,6,18,5,16,37,1,4,7,1,1,2,2,2,3,0,2,3,5.534,4.295,7,4,4,1,0,18
2025-06-17 05:00:00,18,8,13,18,4,15,35,1,6,7,3,1,3,6,1,2,0,2,4,3.796,1.736,6,4,5,1,0,22
2025-06-17 06:00:00,22,6,15,21,2,11,27,0,7,12,2,1,5,6,4,1,0,2,4,3.406,1.645,5,3,6,1,0,23
2025-06-17 07:00:00,23,3,17,23,2,8,24,0,7,11,4,1,5,6,4,1,1,3,3,3.615,2.356,5,2,7,1,0,21
2025-06-17 08:00:00,21,3,12,25,5,9,24,0,9,8,3,1,4,5,4,2,1,2,3,3.063,2.693,4,1,8,1,0,20
2025-06-17 09:00:00,20,4,10,25,5,12,23,1,9,7,3,0,4,4,4,1,1,2,4,2.943,2.748,5,1,9,1,0,20
2025-06-17 10:00:00,20,4,11,28,4,14,22,1,8,7,4,0,4,5,5,1,0,2,3,3.282,3.111,8,1,10,1,0,20
2025-06-17 11:00:00,20,6,14,26,6,15,24,1,9,6,4,0,1,5,5,1,3,2,3,2.751,2.235,4,1,11,1,0,24
2025-06-17 12:00:00,24,5,15,25,1,11,23,1,10,7,6,0,2,5,5,2,3,4,3,3.104,2.399,7,1,12,1,0,27
2025-06-17 13:00:00,27,10,21,32,7,14,28,1,7,10,9,0,1,7,5,2,4,5,3,2.441,1.674,7,1,13,1,0,28
2025-06-17 14:00:00,28,5,20,34,4,12,27,1,7,10,8,2,3,8,6,3,3,3,2,2.695,1.927,7,1,14,1,0,28
2025-06-17 15:00:00,28,7,22,37,7,18,29,0,6,12,8,2,5,6,4,4,4,3,2,2.668,2.585,5,1,15,1,0,24
2025-06-17 16:00:00,24,2,14,35,6,17,31,0,5,12,5,2,6,5,3,3,3,2,2,2.947,2.938,5,1,16,1,0,23
2025-06-17 17:00:00,23,8,17,37,9,22,34,0,4,12,6,1,5,4,4,3,3,4,0,2.712,2.158,7,0,17,1,0,20
2025-06-17 18:00:00,20,2,12,34,5,20,38,0,3,13,4,0,3,3,2,3,3,5,1,3.321,2.635,7,0,18,1,0,19
2025-06-17 19:00:00,19,3,13,27,4,18,35,0,4,13,2,0,3,4,1,2,3,5,1,3.737,2.696,8,2,19,1,0,20
2025-06-17 20:00:00,20,7,12,29,6,15,37,1,2,11,5,1,3,6,2,2,4,3,0,2.664,1.931,4,1,20,1,0,16
2025-06-17 21:00:00,16,3,13,25,7,17,37,1,2,7,5,1,0,6,1,3,4,2,0,2.218,1.665,3,0,21,1,0,23
2025-06-17 22:00:00,23,10,20,33,3,16,34,1,5,8,7,2,2,6,2,6,4,3,0,2.126,1.42,3,1,22,1,0,23
2025-06-17 23:00:00,23,4,17,29,4,14,29,1,5,9,6,2,3,7,2,5,2,3,1,2.514,1.765,4,1,23,1,0,23
2025-06-18 00:00:00,23,6,20,33,6,13,30,1,6,9,6,1,4,8,1,4,1,3,2,2.818,2.292,5,1,0,2,0,21
2025-06-18 01:00:00,21,2,12,32,4,14,30,2,6,8,5,0,4,9,2,1,1,2,2,2.98,2.546,4,0,1,2,0,21
2025-06-18 02:00:00,21,5,13,30,5,15,29,1,6,8,4,2,6,8,2,1,0,2,2,2.868,2.637,6,0,2,2,0,20
2025-06-18 03:00:00,20,4,11,31,5,14,27,1,5,10,3,1,5,8,2,2,0,1,2,3.196,3.194,6,1,3,2,0,15
2025-06-18 04:00:00,15,3,12,24,8,18,32,1,4,6,4,0,1,7,3,2,0,1,1,3.641,3.812,6,1,4,2,0,11
2025-06-18 05:00:00,11,2,9,22,6,19,34,1,2,5,3,0,2,3,2,2,0,1,1,3.419,2.854,3,1,5,2,0,11
2025-06-18 06:00:00,11,1,6,17,1,15,29,1,1,6,3,0,2,3,2,1,0,1,2,3.716,3.238,3,1,6,2,0,11
2025-06-18 07:00:00,11,1,4,16,1,8,26,1,1,6,3,0,3,3,1,1,0,1,2,4.338,3.954,5,1,7,2,0,12
2025-06-18 08:00:00,12,4,6,15,3,5,24,2,2,5,3,0,4,2,2,1,0,2,1,3.743,2.924,4,1,8,2,0,18
2025-06-18 09:00:00,18,7,12,18,1,5,20,3,3,7,4,1,5,2,3,1,1,3,3,3.276,1.539,6,2,9,2,0,17
2025-06-18 10:00:00,17,5,16,20,6,10,18,2,3,8,3,1,3,1,3,1,2,3,4,2.632,1.769,3,1,10,2,0,15
2025-06-18 11:00:00,15,2,14,20,4,11,16,2,2,8,2,1,3,2,3,1,1,2,3,3.27,2.337,2,1,11,2,0,17
2025-06-18 12:00:00,17,8,15,27,6,16,21,2,2,9,4,0,2,3,3,1,3,1,4,1.698,1.808,1,0,12,2,0,18
2025-06-18 13:00:00,18,5,15,31,4,14,24,2,2,9,5,0,1,4,3,2,3,1,4,1.893,1.327,3,0,13,2,0,21
2025-06-18 14:00:00,21,7,20,34,4,14,25,1,1,12,6,1,4,4,1,3,3,1,5,1.593,1.786,1,0,14,2,0,25
2025-06-18 15:00:00,25,5,17,32,1,9,25,1,2,13,8,1,5,6,2,2,3,2,5,2.125,2.038,1,0,15,2,0,21
2025-06-18 16:00:00,21,4,16,31,8,13,27,1,5,8,7,0,4,7,2,2,2,2,2,2.427,2.464,5,0,16,2,0,22
2025-06-18 17:00:00,22,6,15,35,5,14,28,0,6,8,7,1,4,6,2,2,2,4,2,2.289,2.139,3,0,17,2,0,23
2025-06-18 18:00:00,23,6,16,33,5,18,27,0,7,6,8,2,3,8,2,2,3,3,2,2.432,1.88,4,0,18,2,0,27
2025-06-18 19:00:00,27,6,18,34,2,12,25,0,8,8,8,3,3,10,3,3,4,2,2,2.714,2.47,7,0,19,2,0,28
2025-06-18 20:00:00,28,8,20,35,7,14,28,0,7,11,8,2,5,7,4,4,5,1,2,2.406,1.817,5,0,20,2,0,29
2025-06-18 21:00:00,29,6,20,36,5,14,32,0,8,12,7,2,4,6,5,4,5,3,2,2.804,2.299,7,0,21,2,0,31
2025-06-18 22:00:00,31,7,21,39,5,17,29,2,10,13,5,1,4,8,4,4,3,7,1,2.929,2.518,9,1,22,2,0,28
2025-06-18 23:00:00,28,6,19,39,9,19,33,2,8,11,6,1,3,7,5,4,1,8,0,2.642,2.219,6,0,23,2,0,28
2025-06-19 00:00:00,28,5,18,38,5,19,33,2,8,10,7,1,3,7,3,2,4,8,1,2.86,2.505,7,0,0,3,0,28
2025-06-19 01:00:00,28,5,16,37,5,19,36,2,9,11,6,0,4,6,1,3,5,7,2,3.157,3.104,8,0,1,3,0,24
2025-06-19 02:00:00,24,2,12,31,6,16,35,2,9,9,3,1,2,5,2,2,4,7,2,3.501,3.53,11,2,2,3,0,21
2025-06-19 03:00:00,21,0,7,25,3,14,33,1,8,8,3,1,1,5,2,2,4,6,1,4.237,4.407,11,1,3,3,0,16
2025-06-19 04:00:00,16,2,4,20,7,16,35,1,9,3,3,0,2,3,1,2,2,5,1,4.936,5.055,10,2,4,3,0,13
2025-06-19 05:00:00,13,3,5,17,6,16,32,1,8,3,1,0,3,3,1,0,2,3,1,4.427,4.157,7,2,5,3,0,15
2025-06-19 06:00:00,15,4,9,16,2,15,29,1,7,5,2,0,4,3,1,0,1,3,3,3.906,2.552,6,4,6,3,0,14
2025-06-19 07:00:00,14,4,11,15,5,13,29,1,6,4,3,0,2,4,2,1,2,2,1,3.69,2.205,4,3,7,3,0,16
2025-06-19 08:00:00,16,4,12,17,2,9,25,1,6,5,4,0,2,4,1,1,3,2,3,3.245,1.975,4,2,8,3,0,20
2025-06-19 09:00:00,20,5,13,22,1,8,23,1,6,7,6,0,2,4,2,2,4,2,4,3.222,2.256,4,2,9,3,0,20
2025-06-19 10:00:00,20,3,12,23,3,6,19,1,6,8,5,0,3,3,2,2,4,1,5,3.712,2.608,5,2,10,3,0,23
2025-06-19 11:00:00,23,10,18,30,7,11,20,0,7,7,8,1,3,2,3,2,3,4,6,2.539,1.755,4,1,11,3,0,22
2025-06-19 12:00:00,22,3,16,29,4,14,22,0,7,8,7,0,4,2,2,2,2,6,4,2.999,1.853,3,2,12,3,0,18
2025-06-19 13:00:00,18,5,18,30,9,20,26,0,8,4,6,0,5,3,1,1,2,3,3,2.851,2.026,3,1,13,3,0,22
2025-06-19 14:00:00,22,8,16,34,4,17,28,0,9,7,5,1,5,6,1,2,2,3,3,2.531,1.821,2,1,14,3,0,24
2025-06-19 15:00:00,24,6,19,35,4,17,31,0,6,7,8,3,8,5,1,3,2,2,3,2.801,1.714,5,1,15,3,0,27
2025-06-19 16:00:00,27,7,21,39,4,12,32,0,6,6,11,4,8,5,2,3,3,3,3,3.032,2.146,5,1,16,3,0,17
2025-06-19 17:00:00,17,1,14,30,11,19,36,0,4,4,5,4,7,3,1,2,1,2,1,2.451,2.168,1,0,17,3,0,18
2025-06-19 18:00:00,18,3,11,30,2,17,34,0,4,5,5,4,7,3,2,3,1,2,0,2.859,2.894,4,0,18,3,0,23
2025-06-19 19:00:00,23,10,14,35,5,18,30,1,4,8,7,3,4,5,2,5,0,4,3,2.437,1.843,6,0,19,3,0,25
2025-06-19 20:00:00,25,6,19,33,4,11,30,1,3,12,8,1,6,5,3,5,0,3,3,2.587,1.642,6,1,20,3,0,25
2025-06-19 21:00:00,25,8,24,35,8,17,34,2,3,13,6,1,7,4,1,4,2,3,4,2.141,1.944,3,0,21,3,0,26
2025-06-19 22:00:00,26,3,17,31,2,14,32,2,2,13,7,2,7,4,2,4,2,2,5,2.73,2.534,3,1,22,3,0,25
2025-06-19 23:00:00,25,4,15,34,5,15,26,3,2,12,6,2,7,5,0,2,3,4,4,3.054,2.722,6,0,23,3,0,24
2025-06-20 00:00:00,24,5,12,36,6,13,30,3,3,9,7,2,9,4,1,1,2,3,4,3.166,3.224,7,1,0,4,0,22
2025-06-20 01:00:00,22,3,12,29,5,16,30,4,2,7,6,3,8,3,3,1,3,1,3,3.508,3.091,9,1,1,4,0,19
2025-06-20 02:00:00,19,3,11,26,6,17,32,3,4,6,3,3,5,1,4,1,3,2,3,4.063,3.592,9,2,2,4,0,15
2025-06-20 03:00:00,15,2,8,20,6,17,30,3,4,5,1,2,3,1,4,2,1,2,2,4.647,4.591,8,2,3,4,0,15
2025-06-20 04:00:00,15,3,8,20,3,15,31,2,4,7,0,2,3,1,4,2,1,2,2,4.101,2.94,6,3,4,4,0,11
2025-06-20 05:00:00,11,1,6,17,5,14,31,2,4,5,0,0,1,1,2,2,1,3,1,3.965,3.306,3,2,5,4,0,13
2025-06-20 06:00:00,13,5,9,17,3,11,28,3,4,4,1,1,2,2,3,1,2,3,0,3.304,2.027,4,2,6,4,0,12
2025-06-20 07:00:00,12,2,8,16,3,11,26,3,3,3,2,1,2,2,5,0,2,1,0,2.948,1.801,2,1,7,4,0,15
2025-06-20 08:00:00,15,5,12,18,2,8,22,4,2,5,2,2,4,3,5,0,2,1,0,2.548,2.286,2,1,8,4,0,13
2025-06-20 09:00:00,13,0,7,16,2,7,18,4,1,5,2,1,3,3,4,0,2,1,0,3.659,3.286,3,1,9,4,0,10
2025-06-20 10:00:00,10,3,8,16,6,10,21,3,1,4,2,0,2,2,2,0,2,1,1,2.671,2.325,3,0,10,4,0,14
2025-06-20 11:00:00,14,5,8,20,1,9,17,3,2,6,3,0,2,6,1,0,2,1,2,2.329,1.397,3,0,11,4,0,21
2025-06-20 12:00:00,21,8,16,23,1,8,15,5,4,7,4,1,4,7,2,1,2,2,3,2.348,1.395,6,0,12,4,0,21
2025-06-20 13:00:00,21,3,16,24,3,5,15,4,4,7,6,0,4,8,1,3,0,2,3,2.712,2.145,4,1,13,4,0,21
2025-06-20 14:00:00,21,4,15,23,4,8,17,5,4,6,6,0,3,8,1,3,1,3,2,3.146,2.547,5,1,14,4,0,26
2025-06-20 15:00:00,26,7,14,30,2,9,17,5,5,9,7,0,4,7,1,4,4,3,3,3.246,2.593,7,2,15,4,0,23
2025-06-20 16:00:00,23,3,14,30,6,12,17,5,4,8,6,0,3,4,1,5,4,3,3,3.065,2.15,7,1,16,4,0,20
2025-06-20 17:00:00,20,4,14,29,7,15,23,5,2,6,5,2,3,4,1,3,3,3,3,2.815,2.659,5,0,17,4,0,22
2025-06-20 18:00:00,22,4,11,25,2,15,24,5,2,7,6,2,4,2,1,3,3,5,4,3.032,3.235,6,0,18,4,0,29
2025-06-20 19:00:00,29,12,20,34,5,14,26,3,3,11,8,4,7,2,4,1,5,6,4,2.462,1.151,8,1,19,4,0,25
2025-06-20 20:00:00,25,5,21,35,9,16,31,2,2,10,9,2,4,2,4,2,6,5,2,2.519,1.691,6,1,20,4,0,22
2025-06-20 21:00:00,22,5,22,33,8,22,37,1,0,10,9,2,4,1,4,1,6,4,2,2.181,2.097,3,0,21,4,0,25
2025-06-20 22:00:00,25,6,16,36,3,20,34,1,1,12,9,2,4,1,4,1,7,5,3,2.386,2.057,3,0,22,4,0,20
2025-06-20 23:00:00,20,3,14,35,8,19,35,1,2,11,5,1,2,2,3,0,6,3,4,2.882,2.402,6,1,23,4,0,23
2025-06-21 00:00:00,23,9,18,40,6,17,39,1,4,11,6,1,4,2,4,1,7,2,3,2.408,1.808,5,1,0,5,1,21
2025-06-21 01:00:00,21,1,13,29,3,17,37,1,4,11,4,1,4,1,4,1,6,3,2,3.279,2.59,5,1,1,5,1,20
2025-06-21 02:00:00,20,3,13,27,4,13,32,1,4,9,5,1,5,1,5,1,4,3,1,3.458,2.501,5,1,2,5,1,17
2025-06-21 03:00:00,17,1,5,23,4,11,28,1,3,7,5,1,4,1,5,1,2,3,1,3.834,3.302,6,3,3,5,1,14
2025-06-21 04:00:00,14,2,6,19,5,13,30,1,2,6,4,1,3,0,5,0,3,2,1,3.928,3.513,7,2,4,5,1,15
2025-06-21 05:00:00,15,3,6,19,2,11,24,0,2,6,4,3,3,1,5,0,3,2,1,3.667,3.653,6,1,5,5,1,12
2025-06-21 06:00:00,12,3,8,13,6,13,24,0,2,6,2,2,3,1,3,0,4,0,1,2.784,1.933,4,0,6,5,1,12
2025-06-21 07:00:00,12,2,8,14,2,10,23,0,2,6,2,2,3,2,2,0,4,0,1,2.958,2.536,3,1,7,5,1,13
2025-06-21 08:00:00,13,3,8,14,2,10,21,0,3,7,2,1,4,1,2,1,4,0,1,3.199,2.331,3,1,8,5,1,22
2025-06-21 09:00:00,22,9,14,22,0,4,17,1,4,9,6,2,4,2,4,3,5,1,3,2.747,1.934,5,1,9,5,1,21
2025-06-21 10:00:00,21,1,13,21,2,4,14,1,4,9,5,2,2,3,4,3,5,1,3,3.435,2.093,6,3,10,5,1,24
2025-06-21 11:00:00,24,7,17,25,4,6,16,1,5,11,6,1,4,3,2,5,5,1,4,2.972,2.788,6,2,11,5,1,27
2025-06-21 12:00:00,27,3,11,25,0,6,10,2,5,12,7,1,6,3,2,6,5,1,4,3.6,3.48,8,2,12,5,1,38
2025-06-21 13:00:00,38,12,22,35,1,5,9,2,6,17,10,3,8,5,2,7,8,2,6,3.091,2.444,15,2,13,5,1,42
2025-06-21 14:00:00,42,10,25,42,6,7,13,2,4,22,11,3,9,6,4,9,7,3,4,3.232,1.995,13,3,14,5,1,36
2025-06-21 15:00:00,36,3,25,36,9,16,22,1,2,22,8,3,8,7,4,6,6,2,3,3.708,2.632,13,4,15,5,1,35
2025-06-21 16:00:00,35,5,18,40,6,21,26,1,3,21,7,3,9,9,4,5,4,1,3,3.813,2.885,11,4,16,5,1,32
2025-06-21 17:00:00,32,7,15,40,10,25,32,1,2,21,6,2,6,7,5,5,3,0,6,3.407,3.182,11,3,17,5,1,27
2025-06-21 18:00:00,27,2,14,39,7,23,39,1,2,19,4,1,6,7,3,4,2,0,5,3.986,3.312,12,3,18,5,1,21
2025-06-21 19:00:00,21,5,14,32,11,28,49,1,2,13,4,1,3,5,2,4,0,2,5,3.132,2.415,5,1,19,5,1,23
2025-06-21 20:00:00,23,7,14,29,5,23,48,1,3,13,5,1,4,5,1,7,1,2,3,3.107,2.606,7,1,20,5,1,27
2025-06-21 21:00:00,27,9,21,35,5,21,44,1,4,15,6,1,4,7,3,5,1,2,5,2.358,1.417,7,0,21,5,1,29
2025-06-21 22:00:00,29,5,21,35,3,13,41,1,4,15,9,0,6,8,3,4,2,2,4,2.62,2.016,5,1,22,5,1,38
2025-06-21 23:00:00,38,10,24,38,1,9,32,1,6,16,12,3,8,9,4,5,3,3,6,2.797,2.536,8,1,23,5,1,36
2025-06-22 00:00:00,36,4,19,40,6,10,31,0,6,16,11,3,7,7,3,6,3,4,6,3.353,2.878,13,3,0,6,1,35
2025-06-22 01:00:00,35,2,16,37,3,10,23,0,6,14,12,3,6,7,3,5,4,4,6,4.093,3.317,16,4,1,6,1,24
2025-06-22 02:00:00,24,2,8,32,13,22,31,1,4,9,9,1,4,4,2,4,2,4,4,4.276,3.486,10,2,2,6,1,19
2025-06-22 03:00:00,19,1,5,24,6,22,32,1,3,7,7,1,3,2,2,3,2,4,3,4.635,4.294,11,1,3,6,1,16
2025-06-22 04:00:00,16,1,4,20,4,23,33,1,4,5,5,1,3,2,2,1,2,4,2,4.854,5.118,10,3,4,6,1,10
2025-06-22 05:00:00,10,2,4,12,8,18,40,1,4,2,3,0,1,2,1,1,0,3,2,4.774,4.862,5,2,5,6,1,12
2025-06-22 06:00:00,12,3,6,11,1,13,35,1,5,3,3,0,2,2,1,1,1,3,2,4.377,3.252,6,2,6,6,1,13
2025-06-22 07:00:00,13,2,7,11,1,10,33,1,4,4,4,0,3,2,2,1,1,3,1,4.394,2.728,5,2,7,6,1,18
2025-06-22 08:00:00,18,7,12,16,2,4,22,1,3,7,5,2,5,4,2,0,2,4,1,2.909,2.158,4,1,8,6,1,19
2025-06-22 09:00:00,19,3,12,18,2,5,18,1,4,7,4,3,6,4,2,0,2,4,1,2.874,1.76,5,0,9,6,1,19
2025-06-22 10:00:00,19,3,13,20,3,7,17,1,6,7,3,2,4,6,3,0,2,3,1,3.47,2.726,7,2,10,6,1,15
2025-06-22 11:00:00,15,3,9,21,7,12,16,0,4,7,3,1,3,4,2,0,2,1,3,3.094,2.892,3,1,11,6,1,14
2025-06-22 12:00:00,14,6,12,24,7,17,22,0,4,8,2,0,1,3,2,2,1,1,4,2.014,1.813,3,0,12,6,1,12
2025-06-22 13:00:00,12,0,9,22,2,16,23,0,4,6,2,0,1,3,1,2,1,1,3,2.797,2.325,3,0,13,6,1,11
2025-06-22 14:00:00,11,2,8,17,3,12,24,0,4,5,2,0,0,2,2,2,1,2,2,3.035,2.102,4,0,14,6,1,12
2025-06-22 15:00:00,12,3,5,17,2,7,24,0,3,5,3,1,1,1,2,2,1,3,2,2.838,3.018,2,0,15,6,1,15
2025-06-22 16:00:00,15,6,11,20,3,8,24,0,5,5,2,3,2,5,1,3,0,2,2,2.261,1.882,5,0,16,6,1,18
2025-06-22 17:00:00,18,6,15,23,3,8,20,0,6,6,3,3,4,7,1,3,1,1,1,2.171,1.262,3,0,17,6,1,20
2025-06-22 18:00:00,20,5,17,22,3,9,16,0,6,8,4,2,4,8,2,3,1,0,2,2.485,1.73,4,1,18,6,1,21
2025-06-22 19:00:00,21,6,17,28,5,11,19,0,6,10,4,1,5,5,2,4,3,0,2,2.753,2.322,4,1,19,6,1,19
2025-06-22 20:00:00,19,6,17,32,8,16,24,0,5,9,2,3,5,2,3,3,3,1,2,2.125,1.621,2,1,20,6,1,24
2025-06-22 21:00:00,24,7,19,36,2,15,24,0,6,9,4,5,5,2,6,4,4,1,2,2.336,1.775,4,1,21,6,1,26
2025-06-22 22:00:00,26,4,17,34,2,12,23,1,6,9,5,5,6,2,6,5,4,1,2,2.908,2.288,7,1,22,6,1,20
2025-06-22 23:00:00,20,7,18,35,13,17,33,1,6,6,4,3,6,3,3,2,4,1,1,2.106,1.627,2,0,23,6,1,24
2025-06-23 00:00:00,24,6,17,36,2,17,32,1,6,10,4,3,6,4,5,2,4,2,1,2.374,1.885,5,0,0,0,0,23
2025-06-23 01:00:00,23,3,16,33,4,19,31,1,5,11,5,1,5,5,5,1,5,2,0,2.773,2.242,5,1,1,0,0,19
2025-06-23 02:00:00,19,3,12,30,7,13,30,0,5,8,6,0,2,4,5,2,4,1,1,2.738,2.785,3,0,2,0,0,11
2025-06-23 03:00:00,11,2,8,25,10,21,38,0,3,5,3,0,2,4,2,1,1,0,1,2.502,2.099,2,0,3,0,0,12
2025-06-23 04:00:00,12,4,9,25,3,20,39,0,2,8,2,0,3,2,2,1,2,0,2,2.286,1.972,2,0,4,0,0,18
2025-06-23 05:00:00,18,6,12,24,0,13,26,1,3,10,4,0,3,5,2,1,4,1,2,2.354,1.907,3,0,5,0,0,16
2025-06-23 06:00:00,16,0,10,18,2,5,26,1,3,10,2,0,2,5,2,0,4,1,2,3.19,2.695,4,0,6,0,0,11
2025-06-23 07:00:00,11,0,6,15,5,7,27,1,1,8,1,0,1,5,0,0,4,0,1,4.112,3.901,4,1,7,0,0,13
2025-06-23 08:00:00,13,5,5,17,3,10,23,1,1,6,3,2,1,6,2,0,3,0,1,3.093,3.381,5,0,8,0,0,11
2025-06-23 09:00:00,11,3,8,18,5,13,18,1,2,3,4,1,0,7,3,0,1,0,0,2.5,1.148,4,1,9,0,0,15
2025-06-23 10:00:00,15,7,15,21,3,11,18,1,4,4,5,1,2,8,3,1,0,0,1,2.181,1.216,3,1,10,0,0,18
2025-06-23 11:00:00,18,5,15,20,2,10,20,1,4,5,6,2,2,9,2,3,0,0,2,2.447,1.673,3,1,11,0,0,16
2025-06-23 12:00:00,16,4,16,24,6,11,24,0,4,6,4,2,4,4,2,4,0,0,2,1.742,1.843,0,0,12,0,0,21
2025-06-23 13:00:00,21,8,17,32,3,11,22,0,4,7,6,4,5,6,3,4,0,1,2,1.821,1.918,0,0,13,0,0,24
2025-06-23 14:00:00,24,6,18,33,3,12,22,1,4,12,4,3,6,6,3,3,2,2,2,2.19,1.841,5,0,14,0,0,24
2025-06-23 15:00:00,24,6,20,36,6,12,23,2,3,9,7,3,5,6,2,2,2,2,5,2.316,2.539,5,0,15,0,0,27
2025-06-23 16:00:00,27,8,20,37,5,14,25,3,7,9,5,3,4,4,3,3,5,2,6,2.272,1.553,4,0,16,0,0,24
2025-06-23 17:00:00,24,4,18,36,7,18,30,3,7,10,4,0,2,3,4,3,5,1,6,2.573,1.992,4,0,17,0,0,24
2025-06-23 18:00:00,24,3,15,35,3,15,27,3,7,11,3,0,1,4,4,3,5,2,5,2.92,2.589,6,0,18,0,0,30
2025-06-23 19:00:00,30,10,17,37,4,14,28,3,10,14,3,0,2,5,6,4,5,2,6,2.721,2.69,6,1,19,0,0,26
2025-06-23 20:00:00,26,2,15,33,6,13,31,3,7,12,4,0,1,4,5,3,5,1,7,3.292,2.683,9,1,20,0,0,23
2025-06-23 21:00:00,23,4,16,31,7,17,32,2,5,11,4,1,4,2,5,2,4,1,5,3.288,2.735,7,1,21,0,0,23
2025-06-23 22:00:00,23,7,13,30,7,20,34,3,4,11,4,1,3,2,4,2,3,4,5,3.153,2.858,5,1,22,0,0,28
2025-06-23 23:00:00,28,9,20,35,4,18,31,2,5,15,5,1,4,4,4,2,3,5,6,2.748,1.593,8,1,23,0,0,28
2025-06-24 00:00:00,28,4,20,36,4,15,32,2,4,18,4,0,4,3,5,2,3,7,4,3.053,2.331,6,2,0,1,0,24
2025-06-24 01:00:00,24,4,17,30,8,16,36,4,5,13,2,0,2,2,5,1,4,6,4,3.714,2.63,8,2,1,1,0,26
2025-06-24 02:00:00,26,5,13,33,3,15,33,4,6,12,4,0,3,2,4,3,4,6,4,3.676,2.977,8,2,2,1,0,26
2025-06-24 03:00:00,26,4,13,33,4,15,30,3,6,10,7,0,5,3,4,3,3,6,2,3.771,3.011,9,2,3,1,0,25
2025-06-24 04:00:00,25,2,11,28,3,10,26,3,6,10,6,0,6,4,3,3,2,6,1,4.343,3.625,11,2,4,1,0,27
2025-06-24 05:00:00,27,7,13,26,5,12,27,4,7,12,4,0,6,5,2,2,3,8,1,4.355,3.825,13,3,5,1,0,26
2025-06-24 06:00:00,26,5,14,27,6,14,29,2,6,13,5,0,5,5,2,3,1,9,1,4.231,2.775,11,3,6,1,0,28
2025-06-24 07:00:00,28,5,17,28,3,14,24,2,6,15,4,1,5,5,2,2,3,9,2,3.953,2.493,10,5,7,1,0,26
2025-06-24 08:00:00,26,5,15,28,7,16,28,2,6,11,4,3,6,4,2,2,4,6,2,3.513,2.264,7,3,8,1,0,23
2025-06-24 09:00:00,23,5,15,29,8,18,32,1,6,8,4,4,8,1,3,1,3,5,2,3.403,2.583,5,3,9,1,0,21
2025-06-24 10:00:00,21,5,15,32,7,22,36,0,6,9,3,3,7,2,3,1,1,4,3,3.337,2.211,5,2,10,1,0,22
2025-06-24 11:00:00,22,4,14,29,3,18,34,0,7,8,3,4,7,4,3,2,0,3,3,3.488,2.455,5,2,11,1,0,23
2025-06-24 12:00:00,23,5,14,29,4,14,32,0,7,10,3,3,7,4,3,3,0,3,3,3.708,2.581,7,2,12,1,0,25
2025-06-24 13:00:00,25,6,15,30,4,11,33,0,7,11,4,3,5,5,2,4,0,6,3,3.364,2.484,7,1,13,1,0,23
2025-06-24 14:00:00,23,3,14,28,5,13,31,0,6,11,4,2,6,6,0,3,0,5,3,3.382,2.165,5,1,14,1,0,22
2025-06-24 15:00:00,22,2,11,25,3,12,26,0,7,10,4,1,6,5,0,4,0,5,2,3.779,3.008,6,1,15,1,0,28
2025-06-24 16:00:00,28,7,12,27,1,9,20,0,7,13,6,2,5,5,1,5,2,7,3,3.756,3.411,10,1,16,1,0,34
2025-06-24 17:00:00,34,11,20,34,5,9,22,0,7,16,9,2,8,7,3,6,2,6,2,3.29,1.835,11,2,17,1,0,37
2025-06-24 18:00:00,37,6,24,35,3,9,21,0,6,18,12,1,8,8,4,6,2,5,4,3.175,2.317,12,2,18,1,0,40
2025-06-24 19:00:00,40,5,22,34,2,10,19,0,6,20,12,2,8,9,4,8,2,5,4,3.537,2.776,12,2,19,1,0,38
2025-06-24 20:00:00,38,4,15,35,6,11,20,0,5,21,11,1,7,10,3,7,2,5,4,3.757,3.618,14,1,20,1,0,32
2025-06-24 21:00:00,32,2,11,35,8,16,25,1,4,18,8,1,6,9,2,7,2,3,3,4.217,4.142,17,3,21,1,0,29
2025-06-24 22:00:00,29,5,11,33,8,22,32,1,4,15,7,2,6,6,2,7,2,3,3,4.224,4.663,17,3,22,1,0,31
2025-06-24 23:00:00,31,4,11,26,2,18,29,1,6,15,7,2,6,5,2,7,3,3,5,4.518,4.827,16,3,23,1,0,30
2025-06-25 00:00:00,30,3,12,23,4,14,30,1,6,15,7,1,4,5,3,7,3,4,4,4.921,4.786,18,4,0,2,0,23
2025-06-25 01:00:00,23,3,10,21,10,16,38,1,5,10,7,0,6,3,2,4,2,3,3,5.143,4.12,12,6,1,2,0,23
2025-06-25 02:00:00,23,6,12,23,6,20,38,0,5,11,6,1,5,3,3,4,1,3,4,4.074,2.763,9,6,2,2,0,20
2025-06-25 03:00:00,20,2,11,23,5,21,35,0,5,9,6,0,4,2,4,3,1,3,3,4.076,2.865,8,4,3,2,0,19
2025-06-25 04:00:00,19,3,11,21,4,15,31,0,4,9,6,0,2,2,4,3,1,4,3,4.224,3.006,8,3,4,2,0,18
2025-06-25 05:00:00,18,2,7,19,3,12,32,0,4,9,5,0,2,2,4,3,0,4,3,4.407,3.364,7,2,5,2,0,15
2025-06-25 06:00:00,15,3,8,19,6,13,34,0,3,6,5,1,2,1,2,4,0,3,3,4.295,3.453,7,3,6,2,0,15
2025-06-25 07:00:00,15,2,7,18,2,11,26,0,4,5,4,2,2,3,2,4,0,1,3,4.395,3.356,6,2,7,2,0,12
2025-06-25 08:00:00,12,2,7,14,5,13,25,0,5,3,3,1,3,4,1,2,0,0,2,4.18,3.163,5,2,8,2,0,18
2025-06-25 09:00:00,18,8,12,20,2,9,22,0,5,8,4,1,6,7,1,1,2,0,1,2.85,1.183,4,2,9,2,0,21
2025-06-25 10:00:00,21,5,15,22,2,9,20,0,5,11,4,1,5,7,3,2,3,0,1,2.8,1.751,5,2,10,2,0,24
2025-06-25 11:00:00,24,6,19,26,3,7,20,0,3,14,6,1,6,6,3,3,5,1,0,2.327,2.178,4,0,11,2,0,22
2025-06-25 12:00:00,22,3,14,26,5,10,19,0,5,13,3,1,5,7,2,2,4,2,0,2.98,2.532,6,0,12,2,0,20
2025-06-25 13:00:00,20,4,13,28,6,14,23,0,4,10,4,2,3,6,3,2,3,2,1,3.188,2.394,7,1,13,2,0,26
2025-06-25 14:00:00,26,9,16,35,3,14,21,0,6,10,7,3,4,6,3,2,5,3,3,2.75,2.139,8,1,14,2,0,24
2025-06-25 15:00:00,24,2,15,29,4,13,23,1,6,7,7,3,3,5,2,3,4,4,3,3.057,2.321,6,2,15,2,0,18
2025-06-25 16:00:00,18,1,12,25,7,14,28,1,6,5,5,1,3,3,2,2,1,4,3,3.421,2.743,5,2,16,2,0,19
2025-06-25 17:00:00,19,6,9,25,5,16,30,1,7,6,4,1,3,3,2,2,2,5,2,2.951,3.047,5,1,17,2,0,19
2025-06-25 18:00:00,19,4,11,26,4,16,29,1,5,8,4,1,3,3,3,2,2,6,0,2.751,1.986,6,0,18,2,0,21
2025-06-25 19:00:00,21,4,14,26,2,11,25,3,4,7,6,1,3,3,3,3,2,7,0,2.991,2.544,6,0,19,2,0,24
2025-06-25 20:00:00,24,6,14,23,3,9,25,3,4,10,6,1,5,2,3,4,3,7,0,2.78,2.47,5,0,20,2,0,28
2025-06-25 21:00:00,28,6,16,27,2,7,23,3,4,13,8,0,4,2,5,5,4,7,1,3.089,2.442,11,1,21,2,0,33
2025-06-25 22:00:00,33,9,21,35,4,9,20,3,5,16,8,1,7,3,6,5,6,5,1,2.938,2.354,9,2,22,2,0,27
2025-06-25 23:00:00,27,4,19,33,10,16,25,2,3,13,8,1,6,3,6,5,3,3,1,2.981,2.125,6,2,23,2,0,24
2025-06-26 00:00:00,24,4,17,33,7,21,28,2,3,11,8,0,3,3,5,4,4,4,1,3.322,2.403,7,2,0,3,0,21
2025-06-26 01:00:00,21,3,11,32,6,23,32,2,3,9,7,0,2,3,2,3,5,5,1,3.33,3.172,5,2,1,3,0,16
2025-06-26 02:00:00,16,2,9,28,7,20,36,1,3,7,5,0,2,2,1,2,4,4,1,3.617,2.61,5,2,2,3,0,17
2025-06-26 03:00:00,17,3,8,25,2,15,36,2,2,7,5,1,1,2,2,3,4,5,0,3.721,3.409,6,1,3,3,0,19
2025-06-26 04:00:00,19,3,8,19,1,10,33,2,3,7,7,0,1,2,3,5,4,4,0,4.154,4.117,10,2,4,3,0,16
2025-06-26 05:00:00,16,1,7,16,4,7,27,2,4,6,4,0,0,1,3,4,4,4,0,5.019,5.046,9,2,5,3,0,15
2025-06-26 06:00:00,15,2,6,14,3,8,23,1,4,7,3,0,1,1,3,2,4,4,0,5.064,4.41,8,3,6,3,0,12
2025-06-26 07:00:00,12,4,7,15,7,14,24,1,3,7,1,0,2,1,1,2,3,3,0,3.007,2.298,3,1,7,3,0,12
2025-06-26 08:00:00,12,2,8,15,2,12,19,1,2,9,0,0,2,3,1,0,3,3,0,3.451,2.085,3,1,8,3,0,16
2025-06-26 09:00:00,16,6,12,18,2,11,19,1,2,9,3,1,2,5,2,0,4,3,0,2.845,2.176,3,1,9,3,0,21
2025-06-26 10:00:00,21,5,13,20,0,4,18,1,2,12,4,2,3,7,3,0,5,3,0,2.994,1.787,5,1,10,3,0,28
2025-06-26 11:00:00,28,12,23,31,5,7,19,1,3,15,6,3,3,10,2,2,5,3,3,2.332,1.156,5,1,11,3,0,31
2025-06-26 12:00:00,31,5,22,34,2,7,18,1,3,17,6,4,3,11,2,3,5,4,3,2.801,1.827,5,1,12,3,0,30
2025-06-26 13:00:00,30,6,23,36,7,14,18,1,3,18,7,1,3,11,3,3,5,4,1,3.08,2.408,6,2,13,3,0,34
2025-06-26 14:00:00,34,7,18,41,3,12,19,1,2,19,10,2,3,12,3,4,7,4,1,2.891,3.027,8,1,14,3,0,27
2025-06-26 15:00:00,27,3,16,38,10,20,27,1,3,15,6,2,1,11,2,4,5,4,0,3.008,2.674,8,1,15,3,0,27
2025-06-26 16:00:00,27,7,17,40,7,20,34,1,4,14,6,2,2,11,1,5,5,3,0,3.084,2.456,9,1,16,3,0,35
2025-06-26 17:00:00,35,11,21,39,3,20,32,1,7,19,7,1,4,12,2,4,5,5,3,2.898,1.954,11,1,17,3,0,40
2025-06-26 18:00:00,40,12,30,46,7,17,37,1,9,18,11,1,5,9,2,4,8,7,5,2.718,1.68,10,1,18,3,0,45
2025-06-26 19:00:00,45,11,34,51,6,16,36,1,11,22,9,2,6,11,3,4,8,7,6,2.669,1.939,7,2,19,3,0,43
2025-06-26 20:00:00,43,7,30,51,9,22,42,1,11,24,6,1,7,10,1,2,8,6,9,2.992,2.219,8,3,20,3,0,46
2025-06-26 21:00:00,46,5,23,53,2,17,34,1,13,26,6,0,7,10,4,3,8,4,10,3.635,3.119,15,3,21,3,0,39
2025-06-26 22:00:00,39,6,18,52,13,24,40,1,11,21,5,1,8,7,4,3,4,3,10,3.603,3.239,14,2,22,3,0,32
2025-06-26 23:00:00,32,4,15,45,11,26,48,0,9,19,3,1,7,4,3,3,4,4,7,3.676,3.734,14,2,23,3,0,25
2025-06-27 00:00:00,25,2,12,35,9,33,50,0,8,14,2,1,3,5,3,3,3,3,5,4.169,3.483,10,2,0,4,0,19
2025-06-27 01:00:00,19,2,8,26,8,28,52,0,7,8,2,2,2,3,2,2,2,2,6,3.781,3.764,8,1,1,4,0,17
2025-06-27 02:00:00,17,1,5,20,3,20,46,0,6,6,3,2,3,3,1,2,2,2,4,4.46,4.439,9,1,2,4,0,20
2025-06-27 03:00:00,20,3,6,18,0,11,44,0,6,9,3,2,4,3,2,2,2,3,4,4.7,4.431,12,3,3,4,0,19
2025-06-27 04:00:00,19,6,10,18,7,10,38,0,2,12,5,0,5,4,2,2,1,2,3,3.778,2.709,8,2,4,4,0,16
2025-06-27 05:00:00,16,3,12,17,6,13,33,0,2,10,4,0,5,2,2,3,1,2,1,3.585,2.023,4,2,5,4,0,15
2025-06-27 06:00:00,15,2,11,17,3,16,27,0,2,9,4,0,5,2,2,3,1,2,0,4.044,2.357,4,3,6,4,0,16
2025-06-27 07:00:00,16,2,7,17,1,10,20,0,3,9,3,1,5,3,3,3,1,1,0,4.7,3.345,6,3,7,4,0,11
2025-06-27 08:00:00,11,2,6,18,7,11,24,0,3,5,2,1,1,3,3,2,1,1,0,4.826,3.197,5,2,8,4,0,13
2025-06-27 09:00:00,13,5,9,20,3,11,27,0,4,4,3,2,0,5,3,2,2,0,1,2.266,1.682,3,0,9,4,0,15
2025-06-27 10:00:00,15,5,12,19,3,13,23,0,6,4,3,2,3,6,1,2,2,0,1,1.943,1.812,2,0,10,4,0,16
2025-06-27 11:00:00,16,5,15,21,4,10,21,0,7,5,4,0,3,4,1,2,2,1,3,2.072,1.333,2,0,11,4,0,19
2025-06-27 12:00:00,19,5,15,24,2,9,20,1,7,6,5,0,4,4,1,1,3,3,3,2.07,1.995,1,0,12,4,0,20
2025-06-27 13:00:00,20,5,15,27,4,10,23,1,6,8,4,1,3,4,2,2,3,3,3,2.336,2.059,4,0,13,4,0,27
2025-06-27 14:00:00,27,9,19,34,2,8,18,1,8,12,5,1,4,5,6,1,4,3,4,2.371,1.69,6,1,14,4,0,27
2025-06-27 15:00:00,27,6,20,35,6,12,21,1,6,14,5,1,3,6,6,1,5,3,3,2.637,1.942,6,1,15,4,0,27
2025-06-27 16:00:00,27,3,18,33,3,11,21,1,6,14,5,1,3,7,4,2,4,3,4,3.076,2.26,8,1,16,4,0,30
2025-06-27 17:00:00,30,7,16,35,4,13,21,1,6,13,8,2,6,7,4,3,5,2,3,3.268,2.84,8,2,17,4,0,31
2025-06-27 18:00:00,31,7,17,37,6,13,25,0,5,15,10,1,5,9,3,3,4,2,5,3.148,2.203,11,3,18,4,0,30
2025-06-27 19:00:00,30,6,20,38,7,17,28,0,4,15,11,0,5,9,3,2,5,2,4,3.353,2.445,11,2,19,4,0,27
2025-06-27 20:00:00,27,3,16,32,6,19,32,0,4,13,10,0,4,9,1,2,6,2,3,3.409,2.577,9,1,20,4,0,22
2025-06-27 21:00:00,22,4,13,30,9,22,35,0,4,13,5,0,3,5,2,3,7,1,1,3.21,3.006,8,0,21,4,0,16
2025-06-27 22:00:00,16,2,9,29,8,23,40,0,4,9,3,0,1,3,2,3,5,1,1,3.264,2.7,6,2,22,4,0,20
2025-06-27 23:00:00,20,5,11,27,1,18,37,0,6,10,3,1,1,6,2,4,5,1,1,3.352,2.658,7,2,23,4,0,24
2025-06-28 00:00:00,24,8,15,28,4,13,35,0,9,11,2,2,2,5,3,5,8,1,0,2.887,1.652,6,2,0,5,1,16
2025-06-28 01:00:00,16,0,13,22,8,13,36,0,6,8,0,2,1,3,1,4,6,1,0,2.699,2.094,2,1,1,5,1,15
2025-06-28 02:00:00,15,1,9,20,2,14,32,0,6,7,0,2,1,3,0,4,6,1,0,3.438,2.979,2,1,2,5,1,14
2025-06-28 03:00:00,14,4,5,20,5,15,28,0,4,8,2,0,0,3,0,3,6,2,0,3.589,3.614,5,1,3,5,1,14
2025-06-28 04:00:00,14,4,9,22,4,11,24,0,5,6,3,0,0,2,2,3,5,2,0,3.171,1.823,5,1,4,5,1,17
2025-06-28 05:00:00,17,4,12,21,1,10,24,1,4,8,4,0,0,3,3,5,4,2,0,2.686,2.565,4,0,5,5,1,19
2025-06-28 06:00:00,19,5,13,18,3,8,23,3,4,6,4,2,2,3,4,4,3,2,1,2.427,2.015,3,0,6,5,1,19
2025-06-28 07:00:00,19,3,12,21,3,7,18,3,3,6,5,2,2,3,4,4,1,2,3,2.596,2.642,3,0,7,5,1,17
2025-06-28 08:00:00,17,3,11,23,5,11,21,4,2,6,3,2,2,2,4,3,2,1,3,2.957,2.463,4,1,8,5,1,19
2025-06-28 09:00:00,19,4,10,23,2,10,18,4,2,8,3,2,2,3,4,3,3,1,3,3.13,3.141,6,1,9,5,1,17
2025-06-28 10:00:00,17,5,12,24,7,14,21,3,3,9,2,0,0,5,3,3,1,1,4,2.635,1.437,4,1,10,5,1,16
2025-06-28 11:00:00,16,3,12,23,4,13,24,2,4,7,3,0,0,7,2,1,1,1,4,2.476,1.997,4,0,11,5,1,19
2025-06-28 12:00:00,19,7,15,25,4,15,25,2,4,8,3,2,2,7,4,1,1,1,3,2.221,1.609,3,0,12,5,1,22
2025-06-28 13:00:00,22,7,17,29,4,12,26,2,3,9,5,3,2,5,6,1,3,2,3,2.175,1.651,4,0,13,5,1,24
2025-06-28 14:00:00,24,7,21,33,5,13,26,1,6,9,6,2,1,6,5,3,4,2,3,2.277,1.895,4,1,14,5,1,31
2025-06-28 15:00:00,31,10,24,39,3,12,27,2,10,11,5,3,0,6,7,4,4,3,7,2.339,1.859,5,1,15,5,1,32
2025-06-28 16:00:00,32,5,22,39,4,12,24,2,9,12,6,3,1,7,8,4,2,3,7,2.792,2.188,7,1,16,5,1,28
2025-06-28 17:00:00,28,3,18,39,7,14,27,2,8,8,7,3,1,5,7,1,3,3,8,3.265,2.788,7,1,17,5,1,31
2025-06-28 18:00:00,31,12,20,44,9,20,32,2,7,8,11,3,5,6,7,1,3,3,6,2.786,2.23,7,2,18,5,1,36
2025-06-28 19:00:00,36,9,24,46,4,20,32,3,6,13,11,3,4,7,8,1,4,5,7,2.799,1.636,10,2,19,5,1,38
2025-06-28 20:00:00,38,8,29,47,6,19,33,3,6,14,12,3,3,9,7,2,5,8,4,3.035,2.231,9,2,20,5,1,34
2025-06-28 21:00:00,34,5,22,42,9,19,39,2,5,15,11,1,3,9,5,2,3,8,4,3.148,2.661,7,2,21,5,1,23
2025-06-28 22:00:00,23,4,17,41,15,30,50,1,3,10,9,0,2,6,4,2,1,5,3,2.276,2.22,1,0,22,5,1,22
2025-06-28 23:00:00,22,4,13,42,5,29,48,0,3,12,7,0,2,6,4,2,1,3,4,2.655,2.716,5,0,23,5,1,18
2025-06-29 00:00:00,18,4,12,34,8,28,47,0,3,8,7,0,1,7,2,2,2,1,3,2.654,2.414,5,0,0,6,1,17
2025-06-29 01:00:00,17,3,11,28,4,17,47,0,4,7,6,0,1,6,1,2,1,2,4,2.63,2.218,5,0,1,6,1,19
2025-06-29 02:00:00,19,4,11,24,2,14,43,0,4,8,6,1,2,6,1,2,0,4,4,3.057,3.049,6,0,2,6,1,15
2025-06-29 03:00:00,15,3,10,22,7,13,41,0,2,7,5,1,3,4,0,1,0,4,3,2.891,2.022,4,0,3,6,1,11
2025-06-29 04:00:00,11,1,8,19,5,14,31,0,3,5,3,0,1,3,1,0,0,4,2,3.039,2.553,2,1,4,6,1,10
2025-06-29 05:00:00,10,1,5,16,2,14,28,0,2,6,2,0,1,2,2,0,0,3,2,3.124,2.904,2,1,5,6,1,9
2025-06-29 06:00:00,9,3,5,15,4,11,24,0,1,6,1,1,1,2,1,0,1,2,2,2.993,3.13,2,1,6,6,1,10
2025-06-29 07:00:00,10,3,7,15,2,8,22,0,0,8,1,1,2,1,2,0,2,2,1,2.257,1.846,3,0,7,6,1,9
2025-06-29 08:00:00,9,1,7,12,2,8,22,1,0,7,1,0,2,1,3,0,2,1,0,2.612,2.497,2,0,8,6,1,9
2025-06-29 09:00:00,9,3,7,12,3,7,18,1,0,7,1,0,1,2,3,1,2,0,0,2.289,2.203,1,0,9,6,1,16
2025-06-29 10:00:00,16,8,12,19,1,6,14,1,2,8,4,1,3,4,4,1,2,0,2,1.88,0.933,3,0,10,6,1,17
2025-06-29 11:00:00,17,3,14,21,2,6,14,1,2,8,5,1,5,5,4,1,0,0,2,2.204,1.764,3,0,11,6,1,18
2025-06-29 12:00:00,18,3,14,21,2,5,12,2,2,7,6,1,4,5,4,1,1,1,2,2.505,2.581,3,0,12,6,1,18
2025-06-29 13:00:00,18,4,10,22,4,8,14,2,2,7,4,3,3,4,4,1,1,2,3,2.907,2.922,5,0,13,6,1,13
2025-06-29 14:00:00,13,3,10,24,8,14,20,1,1,6,3,2,2,1,3,1,1,3,2,2.647,2.007,3,1,14,6,1,20
2025-06-29 15:00:00,20,11,18,32,4,16,21,1,2,10,7,0,5,4,4,0,2,3,2,1.795,0.968,2,1,15,6,1,25
2025-06-29 16:00:00,25,8,22,32,3,15,23,1,3,13,6,2,5,4,5,3,2,3,3,2.064,1.431,3,1,16,6,1,25
2025-06-29 17:00:00,25,4,23,33,4,11,25,1,3,14,4,3,4,7,5,3,2,1,3,2.481,2.06,2,1,17,6,1,21
2025-06-29 18:00:00,21,3,15,33,7,14,30,1,3,13,2,2,5,5,4,2,3,0,2,2.567,2.55,2,0,18,6,1,20
